Copyright 1986-2022 Xilinx, Inc. All Rights Reserved. Copyright 2022-2026 Advanced Micro Devices, Inc. All Rights Reserved.
---------------------------------------------------------------------------------------------------------------------------------------------------------------------------------------------------------------------------------------------------------------
| Tool Version : Vivado v.2026.1 (win64) Build 6511674 Tue Jun 16 11:02:23 MDT 2026
| Date         : Tue Sep 29 02:22:49 2026
| Host         : PC1-2D running 64-bit major release  (build 9200)
| Command      : report_timing_summary -max_paths 10 -routable_nets -report_unconstrained -file reio_bus_crossbar_timing_summary_routed.rpt -pb reio_bus_crossbar_timing_summary_routed.pb -rpx reio_bus_crossbar_timing_summary_routed.rpx -warn_on_violation
| Design       : reio_bus_crossbar
| Device       : xa7a35t-csg324
| Speed File   : -1Q  PRODUCTION 1.16 2018-06-13
| Design State : Routed
---------------------------------------------------------------------------------------------------------------------------------------------------------------------------------------------------------------------------------------------------------------

Timing Summary Report

------------------------------------------------------------------------------------------------
| Timer Settings
| --------------
------------------------------------------------------------------------------------------------

  Enable Multi Corner Analysis               :  Yes
  Enable Pessimism Removal                   :  Yes
  Pessimism Removal Resolution               :  Nearest Common Node
  Enable Input Delay Default Clock           :  No
  Enable Preset / Clear Arcs                 :  No
  Disable Flight Delays                      :  No
  Ignore I/O Paths                           :  No
  Timing Early Launch at Borrowing Latches   :  No
  Borrow Time for Max Delay Exceptions       :  Yes
  Merge Timing Exceptions                    :  Yes
  Inter-SLR Compensation                     :  Conservative

  Corner  Analyze    Analyze    
  Name    Max Paths  Min Paths  
  ------  ---------  ---------  
  Slow    Yes        Yes        
  Fast    Yes        Yes        


------------------------------------------------------------------------------------------------
| Report Methodology
| ------------------
------------------------------------------------------------------------------------------------

Rule       Severity  Description                    Violations  
---------  --------  -----------------------------  ----------  
TIMING-18  Warning   Missing input or output delay  121         

Note: This report is based on the most recent report_methodology run and may not be up-to-date. Run report_methodology on the current design for the latest report.



check_timing report

Table of Contents
-----------------
1. checking no_clock (0)
2. checking constant_clock (0)
3. checking pulse_width_clock (0)
4. checking unconstrained_internal_endpoints (0)
5. checking no_input_delay (39)
6. checking no_output_delay (67)
7. checking multiple_clock (0)
8. checking generated_clocks (0)
9. checking loops (0)
10. checking partial_input_delay (0)
11. checking partial_output_delay (0)
12. checking latch_loops (0)

1. checking no_clock (0)
------------------------
 There are 0 register/latch pins with no clock.


2. checking constant_clock (0)
------------------------------
 There are 0 register/latch pins with constant_clock.


3. checking pulse_width_clock (0)
---------------------------------
 There are 0 register/latch pins which need pulse_width check


4. checking unconstrained_internal_endpoints (0)
------------------------------------------------
 There are 0 pins that are not constrained for maximum delay.

 There are 0 pins that are not constrained for maximum delay due to constant clock.


5. checking no_input_delay (39)
-------------------------------
 There are 39 input ports with no input delay specified. (HIGH)

 There are 0 input ports with no input delay but user has a false path constraint.


6. checking no_output_delay (67)
--------------------------------
 There are 67 ports with no output delay specified. (HIGH)

 There are 0 ports with no output delay but user has a false path constraint

 There are 0 ports with no output delay but with a timing clock defined on it or propagating through it


7. checking multiple_clock (0)
------------------------------
 There are 0 register/latch pins with multiple clocks.


8. checking generated_clocks (0)
--------------------------------
 There are 0 generated clocks that are not connected to a clock source.


9. checking loops (0)
---------------------
 There are 0 combinational loops in the design.


10. checking partial_input_delay (0)
------------------------------------
 There are 0 input ports with partial input delay specified.


11. checking partial_output_delay (0)
-------------------------------------
 There are 0 ports with partial output delay specified.


12. checking latch_loops (0)
----------------------------
 There are 0 combinational latch loops in the design through latch input



------------------------------------------------------------------------------------------------
| Design Timing Summary
| ---------------------
------------------------------------------------------------------------------------------------

    WNS(ns)      TNS(ns)  TNS Failing Endpoints  TNS Total Endpoints      WHS(ns)      THS(ns)  THS Failing Endpoints  THS Total Endpoints     WPWS(ns)     TPWS(ns)  TPWS Failing Endpoints  TPWS Total Endpoints  
    -------      -------  ---------------------  -------------------      -------      -------  ---------------------  -------------------     --------     --------  ----------------------  --------------------  
        inf        0.000                      0                  266          inf        0.000                      0                  266        4.500        0.000                       0                    68  


All user specified timing constraints are met.


------------------------------------------------------------------------------------------------
| Clock Summary
| -------------
------------------------------------------------------------------------------------------------

Clock  Waveform(ns)       Period(ns)      Frequency(MHz)
-----  ------------       ----------      --------------
clk    {0.000 5.000}      10.000          100.000         


------------------------------------------------------------------------------------------------
| Intra Clock Table
| -----------------
------------------------------------------------------------------------------------------------

Clock             WNS(ns)      TNS(ns)  TNS Failing Endpoints  TNS Total Endpoints      WHS(ns)      THS(ns)  THS Failing Endpoints  THS Total Endpoints     WPWS(ns)     TPWS(ns)  TPWS Failing Endpoints  TPWS Total Endpoints  
-----             -------      -------  ---------------------  -------------------      -------      -------  ---------------------  -------------------     --------     --------  ----------------------  --------------------  
clk                                                                                                                                                             4.500        0.000                       0                    68  


------------------------------------------------------------------------------------------------
| Inter Clock Table
| -----------------
------------------------------------------------------------------------------------------------

From Clock    To Clock          WNS(ns)      TNS(ns)  TNS Failing Endpoints  TNS Total Endpoints      WHS(ns)      THS(ns)  THS Failing Endpoints  THS Total Endpoints  
----------    --------          -------      -------  ---------------------  -------------------      -------      -------  ---------------------  -------------------  


------------------------------------------------------------------------------------------------
| Other Path Groups Table
| -----------------------
------------------------------------------------------------------------------------------------

Path Group    From Clock    To Clock          WNS(ns)      TNS(ns)  TNS Failing Endpoints  TNS Total Endpoints      WHS(ns)      THS(ns)  THS Failing Endpoints  THS Total Endpoints  
----------    ----------    --------          -------      -------  ---------------------  -------------------      -------      -------  ---------------------  -------------------  


------------------------------------------------------------------------------------------------
| User Ignored Path Table
| -----------------------
------------------------------------------------------------------------------------------------

Path Group    From Clock    To Clock    
----------    ----------    --------    


------------------------------------------------------------------------------------------------
| Unconstrained Path Table
| ------------------------
------------------------------------------------------------------------------------------------

Path Group    From Clock    To Clock    
----------    ----------    --------    
(none)        clk                         
(none)                      clk           


------------------------------------------------------------------------------------------------
| Timing Details
| --------------
------------------------------------------------------------------------------------------------


---------------------------------------------------------------------------------------------------
From Clock:  clk
  To Clock:  clk

Setup :           NA  Failing Endpoints,  Worst Slack           NA  ,  Total Violation           NA
Hold  :           NA  Failing Endpoints,  Worst Slack           NA  ,  Total Violation           NA
PW    :            0  Failing Endpoints,  Worst Slack        4.500ns,  Total Violation        0.000ns
---------------------------------------------------------------------------------------------------


Pulse Width Checks
--------------------------------------------------------------------------------------
Clock Name:         clk
Waveform(ns):       { 0.000 5.000 }
Period(ns):         10.000
Sources:            { CLK }

Check Type        Corner  Lib Pin  Reference Pin  Required(ns)  Actual(ns)  Slack(ns)  Location        Pin
Min Period        n/a     BUFG/I   n/a            2.155         10.000      7.845      BUFGCTRL_X0Y16  CLK_IBUF_BUFG_inst/I
Min Period        n/a     FDCE/C   n/a            1.000         10.000      9.000      SLICE_X0Y50     BUS_FAULT_FLAG_reg/C
Min Period        n/a     FDCE/C   n/a            1.000         10.000      9.000      SLICE_X0Y34     S1_WDATA_reg[0]/C
Min Period        n/a     FDCE/C   n/a            1.000         10.000      9.000      SLICE_X0Y39     S1_WDATA_reg[10]/C
Min Period        n/a     FDCE/C   n/a            1.000         10.000      9.000      SLICE_X0Y39     S1_WDATA_reg[11]/C
Min Period        n/a     FDCE/C   n/a            1.000         10.000      9.000      SLICE_X0Y38     S1_WDATA_reg[12]/C
Min Period        n/a     FDCE/C   n/a            1.000         10.000      9.000      SLICE_X0Y40     S1_WDATA_reg[13]/C
Min Period        n/a     FDCE/C   n/a            1.000         10.000      9.000      SLICE_X0Y40     S1_WDATA_reg[14]/C
Min Period        n/a     FDCE/C   n/a            1.000         10.000      9.000      SLICE_X0Y42     S1_WDATA_reg[15]/C
Min Period        n/a     FDCE/C   n/a            1.000         10.000      9.000      SLICE_X0Y48     S1_WDATA_reg[16]/C
Low Pulse Width   Slow    FDCE/C   n/a            0.500         5.000       4.500      SLICE_X0Y50     BUS_FAULT_FLAG_reg/C
Low Pulse Width   Fast    FDCE/C   n/a            0.500         5.000       4.500      SLICE_X0Y50     BUS_FAULT_FLAG_reg/C
Low Pulse Width   Slow    FDCE/C   n/a            0.500         5.000       4.500      SLICE_X0Y34     S1_WDATA_reg[0]/C
Low Pulse Width   Fast    FDCE/C   n/a            0.500         5.000       4.500      SLICE_X0Y34     S1_WDATA_reg[0]/C
Low Pulse Width   Slow    FDCE/C   n/a            0.500         5.000       4.500      SLICE_X0Y39     S1_WDATA_reg[10]/C
Low Pulse Width   Fast    FDCE/C   n/a            0.500         5.000       4.500      SLICE_X0Y39     S1_WDATA_reg[10]/C
Low Pulse Width   Slow    FDCE/C   n/a            0.500         5.000       4.500      SLICE_X0Y39     S1_WDATA_reg[11]/C
Low Pulse Width   Fast    FDCE/C   n/a            0.500         5.000       4.500      SLICE_X0Y39     S1_WDATA_reg[11]/C
Low Pulse Width   Slow    FDCE/C   n/a            0.500         5.000       4.500      SLICE_X0Y38     S1_WDATA_reg[12]/C
Low Pulse Width   Fast    FDCE/C   n/a            0.500         5.000       4.500      SLICE_X0Y38     S1_WDATA_reg[12]/C
High Pulse Width  Slow    FDCE/C   n/a            0.500         5.000       4.500      SLICE_X0Y50     BUS_FAULT_FLAG_reg/C
High Pulse Width  Fast    FDCE/C   n/a            0.500         5.000       4.500      SLICE_X0Y50     BUS_FAULT_FLAG_reg/C
High Pulse Width  Slow    FDCE/C   n/a            0.500         5.000       4.500      SLICE_X0Y34     S1_WDATA_reg[0]/C
High Pulse Width  Fast    FDCE/C   n/a            0.500         5.000       4.500      SLICE_X0Y34     S1_WDATA_reg[0]/C
High Pulse Width  Slow    FDCE/C   n/a            0.500         5.000       4.500      SLICE_X0Y39     S1_WDATA_reg[10]/C
High Pulse Width  Fast    FDCE/C   n/a            0.500         5.000       4.500      SLICE_X0Y39     S1_WDATA_reg[10]/C
High Pulse Width  Slow    FDCE/C   n/a            0.500         5.000       4.500      SLICE_X0Y39     S1_WDATA_reg[11]/C
High Pulse Width  Fast    FDCE/C   n/a            0.500         5.000       4.500      SLICE_X0Y39     S1_WDATA_reg[11]/C
High Pulse Width  Slow    FDCE/C   n/a            0.500         5.000       4.500      SLICE_X0Y38     S1_WDATA_reg[12]/C
High Pulse Width  Fast    FDCE/C   n/a            0.500         5.000       4.500      SLICE_X0Y38     S1_WDATA_reg[12]/C



--------------------------------------------------------------------------------------
Path Group:  (none)
From Clock:  clk
  To Clock:  

Max Delay            67 Endpoints
Min Delay            67 Endpoints
--------------------------------------------------------------------------------------


Max Delay Paths
--------------------------------------------------------------------------------------
Slack:                    inf
  Source:                 S1_WDATA_reg[0]/C
                            (rising edge-triggered cell FDCE clocked by clk  {rise@0.000ns fall@5.000ns period=10.000ns})
  Destination:            S1_WDATA[0]
                            (output port)
  Path Group:             (none)
  Path Type:              Max at Slow Process Corner
  Data Path Delay:        6.009ns  (logic 3.086ns (51.348%)  route 2.924ns (48.652%))
  Logic Levels:           1  (OBUF=1)
  Clock Uncertainty:      0.025ns  ((TSJ^2 + TIJ^2)^1/2 + DJ) / 2 + PE
    Total System Jitter     (TSJ):    0.050ns
    Total Input Jitter      (TIJ):    0.000ns
    Discrete Jitter          (DJ):    0.000ns
    Phase Error              (PE):    0.000ns

    Location             Delay type                Incr(ns)  Path(ns)    Netlist Resource(s)
  -------------------------------------------------------------------    -------------------
                         (clock clk rise edge)        0.000     0.000 r  <hidden>
    F4                                                0.000     0.000 r  CLK
                         net (fo=0)                   0.000     0.000    CLK
    F4                   IBUF (Prop_ibuf_I_O)         1.043     1.043 r  CLK_IBUF_inst/O
                         net (fo=1, routed)           1.967     3.010    CLK_IBUF
    BUFGCTRL_X0Y16       BUFG (Prop_bufg_I_O)         0.096     3.106 r  CLK_IBUF_BUFG_inst/O
                         net (fo=67, routed)          1.633     4.739    CLK_IBUF_BUFG
    SLICE_X0Y34          FDCE                                         r  S1_WDATA_reg[0]/C
  -------------------------------------------------------------------    -------------------
    SLICE_X0Y34          FDCE (Prop_fdce_C_Q)         0.456     5.195 r  S1_WDATA_reg[0]/Q
                         net (fo=1, routed)           2.924     8.119    S1_WDATA_OBUF[0]
    R10                  OBUF (Prop_obuf_I_O)         2.630    10.748 r  S1_WDATA_OBUF[0]_inst/O
                         net (fo=0)                   0.000    10.748    S1_WDATA[0]
    R10                                                               r  S1_WDATA[0]
  -------------------------------------------------------------------    -------------------

Slack:                    inf
  Source:                 BUS_FAULT_FLAG_reg/C
                            (rising edge-triggered cell FDCE clocked by clk  {rise@0.000ns fall@5.000ns period=10.000ns})
  Destination:            BUS_FAULT_FLAG
                            (output port)
  Path Group:             (none)
  Path Type:              Max at Slow Process Corner
  Data Path Delay:        5.955ns  (logic 3.086ns (51.829%)  route 2.869ns (48.171%))
  Logic Levels:           1  (OBUF=1)
  Clock Uncertainty:      0.025ns  ((TSJ^2 + TIJ^2)^1/2 + DJ) / 2 + PE
    Total System Jitter     (TSJ):    0.050ns
    Total Input Jitter      (TIJ):    0.000ns
    Discrete Jitter          (DJ):    0.000ns
    Phase Error              (PE):    0.000ns

    Location             Delay type                Incr(ns)  Path(ns)    Netlist Resource(s)
  -------------------------------------------------------------------    -------------------
                         (clock clk rise edge)        0.000     0.000 r  <hidden>
    F4                                                0.000     0.000 r  CLK
                         net (fo=0)                   0.000     0.000    CLK
    F4                   IBUF (Prop_ibuf_I_O)         1.043     1.043 r  CLK_IBUF_inst/O
                         net (fo=1, routed)           1.967     3.010    CLK_IBUF
    BUFGCTRL_X0Y16       BUFG (Prop_bufg_I_O)         0.096     3.106 r  CLK_IBUF_BUFG_inst/O
                         net (fo=67, routed)          1.625     4.731    CLK_IBUF_BUFG
    SLICE_X0Y50          FDCE                                         r  BUS_FAULT_FLAG_reg/C
  -------------------------------------------------------------------    -------------------
    SLICE_X0Y50          FDCE (Prop_fdce_C_Q)         0.456     5.187 r  BUS_FAULT_FLAG_reg/Q
                         net (fo=1, routed)           2.869     8.055    BUS_FAULT_FLAG_OBUF
    T11                  OBUF (Prop_obuf_I_O)         2.630    10.686 r  BUS_FAULT_FLAG_OBUF_inst/O
                         net (fo=0)                   0.000    10.686    BUS_FAULT_FLAG
    T11                                                               r  BUS_FAULT_FLAG
  -------------------------------------------------------------------    -------------------

Slack:                    inf
  Source:                 S1_WDATA_reg[30]/C
                            (rising edge-triggered cell FDCE clocked by clk  {rise@0.000ns fall@5.000ns period=10.000ns})
  Destination:            S1_WDATA[30]
                            (output port)
  Path Group:             (none)
  Path Type:              Max at Slow Process Corner
  Data Path Delay:        5.857ns  (logic 3.075ns (52.504%)  route 2.782ns (47.496%))
  Logic Levels:           1  (OBUF=1)
  Clock Uncertainty:      0.025ns  ((TSJ^2 + TIJ^2)^1/2 + DJ) / 2 + PE
    Total System Jitter     (TSJ):    0.050ns
    Total Input Jitter      (TIJ):    0.000ns
    Discrete Jitter          (DJ):    0.000ns
    Phase Error              (PE):    0.000ns

    Location             Delay type                Incr(ns)  Path(ns)    Netlist Resource(s)
  -------------------------------------------------------------------    -------------------
                         (clock clk rise edge)        0.000     0.000 r  <hidden>
    F4                                                0.000     0.000 r  CLK
                         net (fo=0)                   0.000     0.000    CLK
    F4                   IBUF (Prop_ibuf_I_O)         1.043     1.043 r  CLK_IBUF_inst/O
                         net (fo=1, routed)           1.967     3.010    CLK_IBUF
    BUFGCTRL_X0Y16       BUFG (Prop_bufg_I_O)         0.096     3.106 r  CLK_IBUF_BUFG_inst/O
                         net (fo=67, routed)          1.622     4.728    CLK_IBUF_BUFG
    SLICE_X0Y59          FDCE                                         r  S1_WDATA_reg[30]/C
  -------------------------------------------------------------------    -------------------
    SLICE_X0Y59          FDCE (Prop_fdce_C_Q)         0.456     5.184 r  S1_WDATA_reg[30]/Q
                         net (fo=1, routed)           2.782     7.966    S1_WDATA_OBUF[30]
    N17                  OBUF (Prop_obuf_I_O)         2.619    10.585 r  S1_WDATA_OBUF[30]_inst/O
                         net (fo=0)                   0.000    10.585    S1_WDATA[30]
    N17                                                               r  S1_WDATA[30]
  -------------------------------------------------------------------    -------------------

Slack:                    inf
  Source:                 S1_WDATA_reg[9]/C
                            (rising edge-triggered cell FDCE clocked by clk  {rise@0.000ns fall@5.000ns period=10.000ns})
  Destination:            S1_WDATA[9]
                            (output port)
  Path Group:             (none)
  Path Type:              Max at Slow Process Corner
  Data Path Delay:        5.838ns  (logic 3.114ns (53.347%)  route 2.723ns (46.653%))
  Logic Levels:           1  (OBUF=1)
  Clock Uncertainty:      0.025ns  ((TSJ^2 + TIJ^2)^1/2 + DJ) / 2 + PE
    Total System Jitter     (TSJ):    0.050ns
    Total Input Jitter      (TIJ):    0.000ns
    Discrete Jitter          (DJ):    0.000ns
    Phase Error              (PE):    0.000ns

    Location             Delay type                Incr(ns)  Path(ns)    Netlist Resource(s)
  -------------------------------------------------------------------    -------------------
                         (clock clk rise edge)        0.000     0.000 r  <hidden>
    F4                                                0.000     0.000 r  CLK
                         net (fo=0)                   0.000     0.000    CLK
    F4                   IBUF (Prop_ibuf_I_O)         1.043     1.043 r  CLK_IBUF_inst/O
                         net (fo=1, routed)           1.967     3.010    CLK_IBUF
    BUFGCTRL_X0Y16       BUFG (Prop_bufg_I_O)         0.096     3.106 r  CLK_IBUF_BUFG_inst/O
                         net (fo=67, routed)          1.638     4.744    CLK_IBUF_BUFG
    SLICE_X0Y40          FDCE                                         r  S1_WDATA_reg[9]/C
  -------------------------------------------------------------------    -------------------
    SLICE_X0Y40          FDCE (Prop_fdce_C_Q)         0.456     5.200 r  S1_WDATA_reg[9]/Q
                         net (fo=1, routed)           2.723     7.923    S1_WDATA_OBUF[9]
    U12                  OBUF (Prop_obuf_I_O)         2.658    10.582 r  S1_WDATA_OBUF[9]_inst/O
                         net (fo=0)                   0.000    10.582    S1_WDATA[9]
    U12                                                               r  S1_WDATA[9]
  -------------------------------------------------------------------    -------------------

Slack:                    inf
  Source:                 S1_WDATA_reg[7]/C
                            (rising edge-triggered cell FDCE clocked by clk  {rise@0.000ns fall@5.000ns period=10.000ns})
  Destination:            S1_WDATA[7]
                            (output port)
  Path Group:             (none)
  Path Type:              Max at Slow Process Corner
  Data Path Delay:        5.818ns  (logic 3.099ns (53.271%)  route 2.719ns (46.729%))
  Logic Levels:           1  (OBUF=1)
  Clock Uncertainty:      0.025ns  ((TSJ^2 + TIJ^2)^1/2 + DJ) / 2 + PE
    Total System Jitter     (TSJ):    0.050ns
    Total Input Jitter      (TIJ):    0.000ns
    Discrete Jitter          (DJ):    0.000ns
    Phase Error              (PE):    0.000ns

    Location             Delay type                Incr(ns)  Path(ns)    Netlist Resource(s)
  -------------------------------------------------------------------    -------------------
                         (clock clk rise edge)        0.000     0.000 r  <hidden>
    F4                                                0.000     0.000 r  CLK
                         net (fo=0)                   0.000     0.000    CLK
    F4                   IBUF (Prop_ibuf_I_O)         1.043     1.043 r  CLK_IBUF_inst/O
                         net (fo=1, routed)           1.967     3.010    CLK_IBUF
    BUFGCTRL_X0Y16       BUFG (Prop_bufg_I_O)         0.096     3.106 r  CLK_IBUF_BUFG_inst/O
                         net (fo=67, routed)          1.635     4.741    CLK_IBUF_BUFG
    SLICE_X0Y36          FDCE                                         r  S1_WDATA_reg[7]/C
  -------------------------------------------------------------------    -------------------
    SLICE_X0Y36          FDCE (Prop_fdce_C_Q)         0.456     5.197 r  S1_WDATA_reg[7]/Q
                         net (fo=1, routed)           2.719     7.916    S1_WDATA_OBUF[7]
    V10                  OBUF (Prop_obuf_I_O)         2.643    10.559 r  S1_WDATA_OBUF[7]_inst/O
                         net (fo=0)                   0.000    10.559    S1_WDATA[7]
    V10                                                               r  S1_WDATA[7]
  -------------------------------------------------------------------    -------------------

Slack:                    inf
  Source:                 S1_WDATA_reg[1]/C
                            (rising edge-triggered cell FDCE clocked by clk  {rise@0.000ns fall@5.000ns period=10.000ns})
  Destination:            S1_WDATA[1]
                            (output port)
  Path Group:             (none)
  Path Type:              Max at Slow Process Corner
  Data Path Delay:        5.807ns  (logic 3.096ns (53.315%)  route 2.711ns (46.685%))
  Logic Levels:           1  (OBUF=1)
  Clock Uncertainty:      0.025ns  ((TSJ^2 + TIJ^2)^1/2 + DJ) / 2 + PE
    Total System Jitter     (TSJ):    0.050ns
    Total Input Jitter      (TIJ):    0.000ns
    Discrete Jitter          (DJ):    0.000ns
    Phase Error              (PE):    0.000ns

    Location             Delay type                Incr(ns)  Path(ns)    Netlist Resource(s)
  -------------------------------------------------------------------    -------------------
                         (clock clk rise edge)        0.000     0.000 r  <hidden>
    F4                                                0.000     0.000 r  CLK
                         net (fo=0)                   0.000     0.000    CLK
    F4                   IBUF (Prop_ibuf_I_O)         1.043     1.043 r  CLK_IBUF_inst/O
                         net (fo=1, routed)           1.967     3.010    CLK_IBUF
    BUFGCTRL_X0Y16       BUFG (Prop_bufg_I_O)         0.096     3.106 r  CLK_IBUF_BUFG_inst/O
                         net (fo=67, routed)          1.633     4.739    CLK_IBUF_BUFG
    SLICE_X0Y34          FDCE                                         r  S1_WDATA_reg[1]/C
  -------------------------------------------------------------------    -------------------
    SLICE_X0Y34          FDCE (Prop_fdce_C_Q)         0.456     5.195 r  S1_WDATA_reg[1]/Q
                         net (fo=1, routed)           2.711     7.906    S1_WDATA_OBUF[1]
    T9                   OBUF (Prop_obuf_I_O)         2.640    10.546 r  S1_WDATA_OBUF[1]_inst/O
                         net (fo=0)                   0.000    10.546    S1_WDATA[1]
    T9                                                                r  S1_WDATA[1]
  -------------------------------------------------------------------    -------------------

Slack:                    inf
  Source:                 S1_WDATA_reg[20]/C
                            (rising edge-triggered cell FDCE clocked by clk  {rise@0.000ns fall@5.000ns period=10.000ns})
  Destination:            S1_WDATA[20]
                            (output port)
  Path Group:             (none)
  Path Type:              Max at Slow Process Corner
  Data Path Delay:        5.812ns  (logic 3.087ns (53.118%)  route 2.725ns (46.882%))
  Logic Levels:           1  (OBUF=1)
  Clock Uncertainty:      0.025ns  ((TSJ^2 + TIJ^2)^1/2 + DJ) / 2 + PE
    Total System Jitter     (TSJ):    0.050ns
    Total Input Jitter      (TIJ):    0.000ns
    Discrete Jitter          (DJ):    0.000ns
    Phase Error              (PE):    0.000ns

    Location             Delay type                Incr(ns)  Path(ns)    Netlist Resource(s)
  -------------------------------------------------------------------    -------------------
                         (clock clk rise edge)        0.000     0.000 r  <hidden>
    F4                                                0.000     0.000 r  CLK
                         net (fo=0)                   0.000     0.000    CLK
    F4                   IBUF (Prop_ibuf_I_O)         1.043     1.043 r  CLK_IBUF_inst/O
                         net (fo=1, routed)           1.967     3.010    CLK_IBUF
    BUFGCTRL_X0Y16       BUFG (Prop_bufg_I_O)         0.096     3.106 r  CLK_IBUF_BUFG_inst/O
                         net (fo=67, routed)          1.625     4.731    CLK_IBUF_BUFG
    SLICE_X1Y50          FDCE                                         r  S1_WDATA_reg[20]/C
  -------------------------------------------------------------------    -------------------
    SLICE_X1Y50          FDCE (Prop_fdce_C_Q)         0.456     5.187 r  S1_WDATA_reg[20]/Q
                         net (fo=1, routed)           2.725     7.911    S1_WDATA_OBUF[20]
    T14                  OBUF (Prop_obuf_I_O)         2.631    10.542 r  S1_WDATA_OBUF[20]_inst/O
                         net (fo=0)                   0.000    10.542    S1_WDATA[20]
    T14                                                               r  S1_WDATA[20]
  -------------------------------------------------------------------    -------------------

Slack:                    inf
  Source:                 S1_WDATA_reg[5]/C
                            (rising edge-triggered cell FDCE clocked by clk  {rise@0.000ns fall@5.000ns period=10.000ns})
  Destination:            S1_WDATA[5]
                            (output port)
  Path Group:             (none)
  Path Type:              Max at Slow Process Corner
  Data Path Delay:        5.796ns  (logic 3.085ns (53.224%)  route 2.711ns (46.776%))
  Logic Levels:           1  (OBUF=1)
  Clock Uncertainty:      0.025ns  ((TSJ^2 + TIJ^2)^1/2 + DJ) / 2 + PE
    Total System Jitter     (TSJ):    0.050ns
    Total Input Jitter      (TIJ):    0.000ns
    Discrete Jitter          (DJ):    0.000ns
    Phase Error              (PE):    0.000ns

    Location             Delay type                Incr(ns)  Path(ns)    Netlist Resource(s)
  -------------------------------------------------------------------    -------------------
                         (clock clk rise edge)        0.000     0.000 r  <hidden>
    F4                                                0.000     0.000 r  CLK
                         net (fo=0)                   0.000     0.000    CLK
    F4                   IBUF (Prop_ibuf_I_O)         1.043     1.043 r  CLK_IBUF_inst/O
                         net (fo=1, routed)           1.967     3.010    CLK_IBUF
    BUFGCTRL_X0Y16       BUFG (Prop_bufg_I_O)         0.096     3.106 r  CLK_IBUF_BUFG_inst/O
                         net (fo=67, routed)          1.637     4.743    CLK_IBUF_BUFG
    SLICE_X0Y38          FDCE                                         r  S1_WDATA_reg[5]/C
  -------------------------------------------------------------------    -------------------
    SLICE_X0Y38          FDCE (Prop_fdce_C_Q)         0.456     5.199 r  S1_WDATA_reg[5]/Q
                         net (fo=1, routed)           2.711     7.910    S1_WDATA_OBUF[5]
    U14                  OBUF (Prop_obuf_I_O)         2.629    10.539 r  S1_WDATA_OBUF[5]_inst/O
                         net (fo=0)                   0.000    10.539    S1_WDATA[5]
    U14                                                               r  S1_WDATA[5]
  -------------------------------------------------------------------    -------------------

Slack:                    inf
  Source:                 S1_WDATA_reg[4]/C
                            (rising edge-triggered cell FDCE clocked by clk  {rise@0.000ns fall@5.000ns period=10.000ns})
  Destination:            S1_WDATA[4]
                            (output port)
  Path Group:             (none)
  Path Type:              Max at Slow Process Corner
  Data Path Delay:        5.794ns  (logic 3.084ns (53.231%)  route 2.710ns (46.769%))
  Logic Levels:           1  (OBUF=1)
  Clock Uncertainty:      0.025ns  ((TSJ^2 + TIJ^2)^1/2 + DJ) / 2 + PE
    Total System Jitter     (TSJ):    0.050ns
    Total Input Jitter      (TIJ):    0.000ns
    Discrete Jitter          (DJ):    0.000ns
    Phase Error              (PE):    0.000ns

    Location             Delay type                Incr(ns)  Path(ns)    Netlist Resource(s)
  -------------------------------------------------------------------    -------------------
                         (clock clk rise edge)        0.000     0.000 r  <hidden>
    F4                                                0.000     0.000 r  CLK
                         net (fo=0)                   0.000     0.000    CLK
    F4                   IBUF (Prop_ibuf_I_O)         1.043     1.043 r  CLK_IBUF_inst/O
                         net (fo=1, routed)           1.967     3.010    CLK_IBUF
    BUFGCTRL_X0Y16       BUFG (Prop_bufg_I_O)         0.096     3.106 r  CLK_IBUF_BUFG_inst/O
                         net (fo=67, routed)          1.633     4.739    CLK_IBUF_BUFG
    SLICE_X0Y34          FDCE                                         r  S1_WDATA_reg[4]/C
  -------------------------------------------------------------------    -------------------
    SLICE_X0Y34          FDCE (Prop_fdce_C_Q)         0.456     5.195 r  S1_WDATA_reg[4]/Q
                         net (fo=1, routed)           2.710     7.905    S1_WDATA_OBUF[4]
    V14                  OBUF (Prop_obuf_I_O)         2.628    10.533 r  S1_WDATA_OBUF[4]_inst/O
                         net (fo=0)                   0.000    10.533    S1_WDATA[4]
    V14                                                               r  S1_WDATA[4]
  -------------------------------------------------------------------    -------------------

Slack:                    inf
  Source:                 S1_WDATA_reg[3]/C
                            (rising edge-triggered cell FDCE clocked by clk  {rise@0.000ns fall@5.000ns period=10.000ns})
  Destination:            S1_WDATA[3]
                            (output port)
  Path Group:             (none)
  Path Type:              Max at Slow Process Corner
  Data Path Delay:        5.793ns  (logic 3.086ns (53.266%)  route 2.707ns (46.734%))
  Logic Levels:           1  (OBUF=1)
  Clock Uncertainty:      0.025ns  ((TSJ^2 + TIJ^2)^1/2 + DJ) / 2 + PE
    Total System Jitter     (TSJ):    0.050ns
    Total Input Jitter      (TIJ):    0.000ns
    Discrete Jitter          (DJ):    0.000ns
    Phase Error              (PE):    0.000ns

    Location             Delay type                Incr(ns)  Path(ns)    Netlist Resource(s)
  -------------------------------------------------------------------    -------------------
                         (clock clk rise edge)        0.000     0.000 r  <hidden>
    F4                                                0.000     0.000 r  CLK
                         net (fo=0)                   0.000     0.000    CLK
    F4                   IBUF (Prop_ibuf_I_O)         1.043     1.043 r  CLK_IBUF_inst/O
                         net (fo=1, routed)           1.967     3.010    CLK_IBUF
    BUFGCTRL_X0Y16       BUFG (Prop_bufg_I_O)         0.096     3.106 r  CLK_IBUF_BUFG_inst/O
                         net (fo=67, routed)          1.633     4.739    CLK_IBUF_BUFG
    SLICE_X0Y34          FDCE                                         r  S1_WDATA_reg[3]/C
  -------------------------------------------------------------------    -------------------
    SLICE_X0Y34          FDCE (Prop_fdce_C_Q)         0.456     5.195 r  S1_WDATA_reg[3]/Q
                         net (fo=1, routed)           2.707     7.902    S1_WDATA_OBUF[3]
    T13                  OBUF (Prop_obuf_I_O)         2.630    10.532 r  S1_WDATA_OBUF[3]_inst/O
                         net (fo=0)                   0.000    10.532    S1_WDATA[3]
    T13                                                               r  S1_WDATA[3]
  -------------------------------------------------------------------    -------------------





Min Delay Paths
--------------------------------------------------------------------------------------
Slack:                    inf
  Source:                 S2_WDATA_reg[3]/C
                            (rising edge-triggered cell FDCE clocked by clk  {rise@0.000ns fall@5.000ns period=10.000ns})
  Destination:            S2_WDATA[3]
                            (output port)
  Path Group:             (none)
  Path Type:              Min at Fast Process Corner
  Data Path Delay:        1.562ns  (logic 1.276ns (81.682%)  route 0.286ns (18.318%))
  Logic Levels:           1  (OBUF=1)
  Clock Uncertainty:      0.025ns  ((TSJ^2 + TIJ^2)^1/2 + DJ) / 2 + PE
    Total System Jitter     (TSJ):    0.050ns
    Total Input Jitter      (TIJ):    0.000ns
    Discrete Jitter          (DJ):    0.000ns
    Phase Error              (PE):    0.000ns

    Location             Delay type                Incr(ns)  Path(ns)    Netlist Resource(s)
  -------------------------------------------------------------------    -------------------
                         (clock clk rise edge)        0.000     0.000 r  <hidden>
    F4                                                0.000     0.000 r  CLK
                         net (fo=0)                   0.000     0.000    CLK
    F4                   IBUF (Prop_ibuf_I_O)         0.194     0.194 r  CLK_IBUF_inst/O
                         net (fo=1, routed)           0.631     0.825    CLK_IBUF
    BUFGCTRL_X0Y16       BUFG (Prop_bufg_I_O)         0.026     0.851 r  CLK_IBUF_BUFG_inst/O
                         net (fo=67, routed)          0.594     1.445    CLK_IBUF_BUFG
    SLICE_X0Y37          FDCE                                         r  S2_WDATA_reg[3]/C
  -------------------------------------------------------------------    -------------------
    SLICE_X0Y37          FDCE (Prop_fdce_C_Q)         0.141     1.586 r  S2_WDATA_reg[3]/Q
                         net (fo=1, routed)           0.286     1.872    S2_WDATA_OBUF[3]
    M13                  OBUF (Prop_obuf_I_O)         1.135     3.007 r  S2_WDATA_OBUF[3]_inst/O
                         net (fo=0)                   0.000     3.007    S2_WDATA[3]
    M13                                                               r  S2_WDATA[3]
  -------------------------------------------------------------------    -------------------

Slack:                    inf
  Source:                 S2_WDATA_reg[11]/C
                            (rising edge-triggered cell FDCE clocked by clk  {rise@0.000ns fall@5.000ns period=10.000ns})
  Destination:            S2_WDATA[11]
                            (output port)
  Path Group:             (none)
  Path Type:              Min at Fast Process Corner
  Data Path Delay:        1.569ns  (logic 1.283ns (81.767%)  route 0.286ns (18.233%))
  Logic Levels:           1  (OBUF=1)
  Clock Uncertainty:      0.025ns  ((TSJ^2 + TIJ^2)^1/2 + DJ) / 2 + PE
    Total System Jitter     (TSJ):    0.050ns
    Total Input Jitter      (TIJ):    0.000ns
    Discrete Jitter          (DJ):    0.000ns
    Phase Error              (PE):    0.000ns

    Location             Delay type                Incr(ns)  Path(ns)    Netlist Resource(s)
  -------------------------------------------------------------------    -------------------
                         (clock clk rise edge)        0.000     0.000 r  <hidden>
    F4                                                0.000     0.000 r  CLK
                         net (fo=0)                   0.000     0.000    CLK
    F4                   IBUF (Prop_ibuf_I_O)         0.194     0.194 r  CLK_IBUF_inst/O
                         net (fo=1, routed)           0.631     0.825    CLK_IBUF
    BUFGCTRL_X0Y16       BUFG (Prop_bufg_I_O)         0.026     0.851 r  CLK_IBUF_BUFG_inst/O
                         net (fo=67, routed)          0.597     1.448    CLK_IBUF_BUFG
    SLICE_X0Y45          FDCE                                         r  S2_WDATA_reg[11]/C
  -------------------------------------------------------------------    -------------------
    SLICE_X0Y45          FDCE (Prop_fdce_C_Q)         0.141     1.589 r  S2_WDATA_reg[11]/Q
                         net (fo=1, routed)           0.286     1.875    S2_WDATA_OBUF[11]
    M14                  OBUF (Prop_obuf_I_O)         1.142     3.017 r  S2_WDATA_OBUF[11]_inst/O
                         net (fo=0)                   0.000     3.017    S2_WDATA[11]
    M14                                                               r  S2_WDATA[11]
  -------------------------------------------------------------------    -------------------

Slack:                    inf
  Source:                 S2_WDATA_reg[7]/C
                            (rising edge-triggered cell FDCE clocked by clk  {rise@0.000ns fall@5.000ns period=10.000ns})
  Destination:            S2_WDATA[7]
                            (output port)
  Path Group:             (none)
  Path Type:              Min at Fast Process Corner
  Data Path Delay:        1.571ns  (logic 1.285ns (81.786%)  route 0.286ns (18.214%))
  Logic Levels:           1  (OBUF=1)
  Clock Uncertainty:      0.025ns  ((TSJ^2 + TIJ^2)^1/2 + DJ) / 2 + PE
    Total System Jitter     (TSJ):    0.050ns
    Total Input Jitter      (TIJ):    0.000ns
    Discrete Jitter          (DJ):    0.000ns
    Phase Error              (PE):    0.000ns

    Location             Delay type                Incr(ns)  Path(ns)    Netlist Resource(s)
  -------------------------------------------------------------------    -------------------
                         (clock clk rise edge)        0.000     0.000 r  <hidden>
    F4                                                0.000     0.000 r  CLK
                         net (fo=0)                   0.000     0.000    CLK
    F4                   IBUF (Prop_ibuf_I_O)         0.194     0.194 r  CLK_IBUF_inst/O
                         net (fo=1, routed)           0.631     0.825    CLK_IBUF
    BUFGCTRL_X0Y16       BUFG (Prop_bufg_I_O)         0.026     0.851 r  CLK_IBUF_BUFG_inst/O
                         net (fo=67, routed)          0.596     1.447    CLK_IBUF_BUFG
    SLICE_X0Y41          FDCE                                         r  S2_WDATA_reg[7]/C
  -------------------------------------------------------------------    -------------------
    SLICE_X0Y41          FDCE (Prop_fdce_C_Q)         0.141     1.588 r  S2_WDATA_reg[7]/Q
                         net (fo=1, routed)           0.286     1.874    S2_WDATA_OBUF[7]
    M18                  OBUF (Prop_obuf_I_O)         1.144     3.018 r  S2_WDATA_OBUF[7]_inst/O
                         net (fo=0)                   0.000     3.018    S2_WDATA[7]
    M18                                                               r  S2_WDATA[7]
  -------------------------------------------------------------------    -------------------

Slack:                    inf
  Source:                 S2_WDATA_reg[5]/C
                            (rising edge-triggered cell FDCE clocked by clk  {rise@0.000ns fall@5.000ns period=10.000ns})
  Destination:            S2_WDATA[5]
                            (output port)
  Path Group:             (none)
  Path Type:              Min at Fast Process Corner
  Data Path Delay:        1.573ns  (logic 1.291ns (82.043%)  route 0.283ns (17.957%))
  Logic Levels:           1  (OBUF=1)
  Clock Uncertainty:      0.025ns  ((TSJ^2 + TIJ^2)^1/2 + DJ) / 2 + PE
    Total System Jitter     (TSJ):    0.050ns
    Total Input Jitter      (TIJ):    0.000ns
    Discrete Jitter          (DJ):    0.000ns
    Phase Error              (PE):    0.000ns

    Location             Delay type                Incr(ns)  Path(ns)    Netlist Resource(s)
  -------------------------------------------------------------------    -------------------
                         (clock clk rise edge)        0.000     0.000 r  <hidden>
    F4                                                0.000     0.000 r  CLK
                         net (fo=0)                   0.000     0.000    CLK
    F4                   IBUF (Prop_ibuf_I_O)         0.194     0.194 r  CLK_IBUF_inst/O
                         net (fo=1, routed)           0.631     0.825    CLK_IBUF
    BUFGCTRL_X0Y16       BUFG (Prop_bufg_I_O)         0.026     0.851 r  CLK_IBUF_BUFG_inst/O
                         net (fo=67, routed)          0.595     1.446    CLK_IBUF_BUFG
    SLICE_X1Y39          FDCE                                         r  S2_WDATA_reg[5]/C
  -------------------------------------------------------------------    -------------------
    SLICE_X1Y39          FDCE (Prop_fdce_C_Q)         0.141     1.587 r  S2_WDATA_reg[5]/Q
                         net (fo=1, routed)           0.283     1.869    S2_WDATA_OBUF[5]
    R13                  OBUF (Prop_obuf_I_O)         1.150     3.019 r  S2_WDATA_OBUF[5]_inst/O
                         net (fo=0)                   0.000     3.019    S2_WDATA[5]
    R13                                                               r  S2_WDATA[5]
  -------------------------------------------------------------------    -------------------

Slack:                    inf
  Source:                 S2_WDATA_reg[15]/C
                            (rising edge-triggered cell FDCE clocked by clk  {rise@0.000ns fall@5.000ns period=10.000ns})
  Destination:            S2_WDATA[15]
                            (output port)
  Path Group:             (none)
  Path Type:              Min at Fast Process Corner
  Data Path Delay:        1.576ns  (logic 1.294ns (82.076%)  route 0.283ns (17.924%))
  Logic Levels:           1  (OBUF=1)
  Clock Uncertainty:      0.025ns  ((TSJ^2 + TIJ^2)^1/2 + DJ) / 2 + PE
    Total System Jitter     (TSJ):    0.050ns
    Total Input Jitter      (TIJ):    0.000ns
    Discrete Jitter          (DJ):    0.000ns
    Phase Error              (PE):    0.000ns

    Location             Delay type                Incr(ns)  Path(ns)    Netlist Resource(s)
  -------------------------------------------------------------------    -------------------
                         (clock clk rise edge)        0.000     0.000 r  <hidden>
    F4                                                0.000     0.000 r  CLK
                         net (fo=0)                   0.000     0.000    CLK
    F4                   IBUF (Prop_ibuf_I_O)         0.194     0.194 r  CLK_IBUF_inst/O
                         net (fo=1, routed)           0.631     0.825    CLK_IBUF
    BUFGCTRL_X0Y16       BUFG (Prop_bufg_I_O)         0.026     0.851 r  CLK_IBUF_BUFG_inst/O
                         net (fo=67, routed)          0.598     1.449    CLK_IBUF_BUFG
    SLICE_X1Y49          FDCE                                         r  S2_WDATA_reg[15]/C
  -------------------------------------------------------------------    -------------------
    SLICE_X1Y49          FDCE (Prop_fdce_C_Q)         0.141     1.590 r  S2_WDATA_reg[15]/Q
                         net (fo=1, routed)           0.283     1.872    S2_WDATA_OBUF[15]
    R11                  OBUF (Prop_obuf_I_O)         1.153     3.025 r  S2_WDATA_OBUF[15]_inst/O
                         net (fo=0)                   0.000     3.025    S2_WDATA[15]
    R11                                                               r  S2_WDATA[15]
  -------------------------------------------------------------------    -------------------

Slack:                    inf
  Source:                 S2_WDATA_reg[13]/C
                            (rising edge-triggered cell FDCE clocked by clk  {rise@0.000ns fall@5.000ns period=10.000ns})
  Destination:            S2_WDATA[13]
                            (output port)
  Path Group:             (none)
  Path Type:              Min at Fast Process Corner
  Data Path Delay:        1.579ns  (logic 1.293ns (81.880%)  route 0.286ns (18.120%))
  Logic Levels:           1  (OBUF=1)
  Clock Uncertainty:      0.025ns  ((TSJ^2 + TIJ^2)^1/2 + DJ) / 2 + PE
    Total System Jitter     (TSJ):    0.050ns
    Total Input Jitter      (TIJ):    0.000ns
    Discrete Jitter          (DJ):    0.000ns
    Phase Error              (PE):    0.000ns

    Location             Delay type                Incr(ns)  Path(ns)    Netlist Resource(s)
  -------------------------------------------------------------------    -------------------
                         (clock clk rise edge)        0.000     0.000 r  <hidden>
    F4                                                0.000     0.000 r  CLK
                         net (fo=0)                   0.000     0.000    CLK
    F4                   IBUF (Prop_ibuf_I_O)         0.194     0.194 r  CLK_IBUF_inst/O
                         net (fo=1, routed)           0.631     0.825    CLK_IBUF
    BUFGCTRL_X0Y16       BUFG (Prop_bufg_I_O)         0.026     0.851 r  CLK_IBUF_BUFG_inst/O
                         net (fo=67, routed)          0.598     1.449    CLK_IBUF_BUFG
    SLICE_X0Y47          FDCE                                         r  S2_WDATA_reg[13]/C
  -------------------------------------------------------------------    -------------------
    SLICE_X0Y47          FDCE (Prop_fdce_C_Q)         0.141     1.590 r  S2_WDATA_reg[13]/Q
                         net (fo=1, routed)           0.286     1.876    S2_WDATA_OBUF[13]
    K18                  OBUF (Prop_obuf_I_O)         1.152     3.028 r  S2_WDATA_OBUF[13]_inst/O
                         net (fo=0)                   0.000     3.028    S2_WDATA[13]
    K18                                                               r  S2_WDATA[13]
  -------------------------------------------------------------------    -------------------

Slack:                    inf
  Source:                 S2_WRITE_EN_reg/C
                            (rising edge-triggered cell FDCE clocked by clk  {rise@0.000ns fall@5.000ns period=10.000ns})
  Destination:            S2_WRITE_EN
                            (output port)
  Path Group:             (none)
  Path Type:              Min at Fast Process Corner
  Data Path Delay:        1.602ns  (logic 1.279ns (79.837%)  route 0.323ns (20.163%))
  Logic Levels:           1  (OBUF=1)
  Clock Uncertainty:      0.025ns  ((TSJ^2 + TIJ^2)^1/2 + DJ) / 2 + PE
    Total System Jitter     (TSJ):    0.050ns
    Total Input Jitter      (TIJ):    0.000ns
    Discrete Jitter          (DJ):    0.000ns
    Phase Error              (PE):    0.000ns

    Location             Delay type                Incr(ns)  Path(ns)    Netlist Resource(s)
  -------------------------------------------------------------------    -------------------
                         (clock clk rise edge)        0.000     0.000 r  <hidden>
    F4                                                0.000     0.000 r  CLK
                         net (fo=0)                   0.000     0.000    CLK
    F4                   IBUF (Prop_ibuf_I_O)         0.194     0.194 r  CLK_IBUF_inst/O
                         net (fo=1, routed)           0.631     0.825    CLK_IBUF
    BUFGCTRL_X0Y16       BUFG (Prop_bufg_I_O)         0.026     0.851 r  CLK_IBUF_BUFG_inst/O
                         net (fo=67, routed)          0.592     1.443    CLK_IBUF_BUFG
    SLICE_X0Y98          FDCE                                         r  S2_WRITE_EN_reg/C
  -------------------------------------------------------------------    -------------------
    SLICE_X0Y98          FDCE (Prop_fdce_C_Q)         0.141     1.584 r  S2_WRITE_EN_reg/Q
                         net (fo=1, routed)           0.323     1.907    S2_WRITE_EN_OBUF
    G13                  OBUF (Prop_obuf_I_O)         1.138     3.045 r  S2_WRITE_EN_OBUF_inst/O
                         net (fo=0)                   0.000     3.045    S2_WRITE_EN
    G13                                                               r  S2_WRITE_EN
  -------------------------------------------------------------------    -------------------

Slack:                    inf
  Source:                 S2_WDATA_reg[4]/C
                            (rising edge-triggered cell FDCE clocked by clk  {rise@0.000ns fall@5.000ns period=10.000ns})
  Destination:            S2_WDATA[4]
                            (output port)
  Path Group:             (none)
  Path Type:              Min at Fast Process Corner
  Data Path Delay:        1.603ns  (logic 1.276ns (79.615%)  route 0.327ns (20.385%))
  Logic Levels:           1  (OBUF=1)
  Clock Uncertainty:      0.025ns  ((TSJ^2 + TIJ^2)^1/2 + DJ) / 2 + PE
    Total System Jitter     (TSJ):    0.050ns
    Total Input Jitter      (TIJ):    0.000ns
    Discrete Jitter          (DJ):    0.000ns
    Phase Error              (PE):    0.000ns

    Location             Delay type                Incr(ns)  Path(ns)    Netlist Resource(s)
  -------------------------------------------------------------------    -------------------
                         (clock clk rise edge)        0.000     0.000 r  <hidden>
    F4                                                0.000     0.000 r  CLK
                         net (fo=0)                   0.000     0.000    CLK
    F4                   IBUF (Prop_ibuf_I_O)         0.194     0.194 r  CLK_IBUF_inst/O
                         net (fo=1, routed)           0.631     0.825    CLK_IBUF
    BUFGCTRL_X0Y16       BUFG (Prop_bufg_I_O)         0.026     0.851 r  CLK_IBUF_BUFG_inst/O
                         net (fo=67, routed)          0.594     1.445    CLK_IBUF_BUFG
    SLICE_X0Y37          FDCE                                         r  S2_WDATA_reg[4]/C
  -------------------------------------------------------------------    -------------------
    SLICE_X0Y37          FDCE (Prop_fdce_C_Q)         0.141     1.586 r  S2_WDATA_reg[4]/Q
                         net (fo=1, routed)           0.327     1.913    S2_WDATA_OBUF[4]
    L13                  OBUF (Prop_obuf_I_O)         1.135     3.048 r  S2_WDATA_OBUF[4]_inst/O
                         net (fo=0)                   0.000     3.048    S2_WDATA[4]
    L13                                                               r  S2_WDATA[4]
  -------------------------------------------------------------------    -------------------

Slack:                    inf
  Source:                 S2_WDATA_reg[2]/C
                            (rising edge-triggered cell FDCE clocked by clk  {rise@0.000ns fall@5.000ns period=10.000ns})
  Destination:            S2_WDATA[2]
                            (output port)
  Path Group:             (none)
  Path Type:              Min at Fast Process Corner
  Data Path Delay:        1.615ns  (logic 1.295ns (80.217%)  route 0.319ns (19.783%))
  Logic Levels:           1  (OBUF=1)
  Clock Uncertainty:      0.025ns  ((TSJ^2 + TIJ^2)^1/2 + DJ) / 2 + PE
    Total System Jitter     (TSJ):    0.050ns
    Total Input Jitter      (TIJ):    0.000ns
    Discrete Jitter          (DJ):    0.000ns
    Phase Error              (PE):    0.000ns

    Location             Delay type                Incr(ns)  Path(ns)    Netlist Resource(s)
  -------------------------------------------------------------------    -------------------
                         (clock clk rise edge)        0.000     0.000 r  <hidden>
    F4                                                0.000     0.000 r  CLK
                         net (fo=0)                   0.000     0.000    CLK
    F4                   IBUF (Prop_ibuf_I_O)         0.194     0.194 r  CLK_IBUF_inst/O
                         net (fo=1, routed)           0.631     0.825    CLK_IBUF
    BUFGCTRL_X0Y16       BUFG (Prop_bufg_I_O)         0.026     0.851 r  CLK_IBUF_BUFG_inst/O
                         net (fo=67, routed)          0.593     1.444    CLK_IBUF_BUFG
    SLICE_X1Y35          FDCE                                         r  S2_WDATA_reg[2]/C
  -------------------------------------------------------------------    -------------------
    SLICE_X1Y35          FDCE (Prop_fdce_C_Q)         0.141     1.585 r  S2_WDATA_reg[2]/Q
                         net (fo=1, routed)           0.319     1.904    S2_WDATA_OBUF[2]
    R18                  OBUF (Prop_obuf_I_O)         1.154     3.058 r  S2_WDATA_OBUF[2]_inst/O
                         net (fo=0)                   0.000     3.058    S2_WDATA[2]
    R18                                                               r  S2_WDATA[2]
  -------------------------------------------------------------------    -------------------

Slack:                    inf
  Source:                 S2_WDATA_reg[0]/C
                            (rising edge-triggered cell FDCE clocked by clk  {rise@0.000ns fall@5.000ns period=10.000ns})
  Destination:            S2_WDATA[0]
                            (output port)
  Path Group:             (none)
  Path Type:              Min at Fast Process Corner
  Data Path Delay:        1.617ns  (logic 1.277ns (78.977%)  route 0.340ns (21.023%))
  Logic Levels:           1  (OBUF=1)
  Clock Uncertainty:      0.025ns  ((TSJ^2 + TIJ^2)^1/2 + DJ) / 2 + PE
    Total System Jitter     (TSJ):    0.050ns
    Total Input Jitter      (TIJ):    0.000ns
    Discrete Jitter          (DJ):    0.000ns
    Phase Error              (PE):    0.000ns

    Location             Delay type                Incr(ns)  Path(ns)    Netlist Resource(s)
  -------------------------------------------------------------------    -------------------
                         (clock clk rise edge)        0.000     0.000 r  <hidden>
    F4                                                0.000     0.000 r  CLK
                         net (fo=0)                   0.000     0.000    CLK
    F4                   IBUF (Prop_ibuf_I_O)         0.194     0.194 r  CLK_IBUF_inst/O
                         net (fo=1, routed)           0.631     0.825    CLK_IBUF
    BUFGCTRL_X0Y16       BUFG (Prop_bufg_I_O)         0.026     0.851 r  CLK_IBUF_BUFG_inst/O
                         net (fo=67, routed)          0.593     1.444    CLK_IBUF_BUFG
    SLICE_X0Y35          FDCE                                         r  S2_WDATA_reg[0]/C
  -------------------------------------------------------------------    -------------------
    SLICE_X0Y35          FDCE (Prop_fdce_C_Q)         0.141     1.585 r  S2_WDATA_reg[0]/Q
                         net (fo=1, routed)           0.340     1.925    S2_WDATA_OBUF[0]
    N14                  OBUF (Prop_obuf_I_O)         1.136     3.061 r  S2_WDATA_OBUF[0]_inst/O
                         net (fo=0)                   0.000     3.061    S2_WDATA[0]
    N14                                                               r  S2_WDATA[0]
  -------------------------------------------------------------------    -------------------





--------------------------------------------------------------------------------------
Path Group:  (none)
From Clock:  
  To Clock:  clk

Max Delay           199 Endpoints
Min Delay           199 Endpoints
--------------------------------------------------------------------------------------


Max Delay Paths
--------------------------------------------------------------------------------------
Slack:                    inf
  Source:                 M_SECURITY_TAG[1]
                            (input port)
  Destination:            S1_WDATA_reg[0]/CE
                            (rising edge-triggered cell FDCE clocked by clk  {rise@0.000ns fall@5.000ns period=10.000ns})
  Path Group:             (none)
  Path Type:              Setup (Max at Slow Process Corner)
  Data Path Delay:        11.513ns  (logic 1.227ns (10.654%)  route 10.287ns (89.346%))
  Logic Levels:           2  (IBUF=1 LUT6=1)
  Clock Path Skew:        4.301ns (DCD - SCD + CPR)
    Destination Clock Delay (DCD):    4.301ns
    Source Clock Delay      (SCD):    0.000ns
    Clock Pessimism Removal (CPR):    0.000ns
  Clock Uncertainty:      0.025ns  ((TSJ^2 + TIJ^2)^1/2 + DJ) / 2 + PE
    Total System Jitter     (TSJ):    0.050ns
    Total Input Jitter      (TIJ):    0.000ns
    Discrete Jitter          (DJ):    0.000ns
    Phase Error              (PE):    0.000ns

    Location             Delay type                Incr(ns)  Path(ns)    Netlist Resource(s)
  -------------------------------------------------------------------    -------------------
    A10                                               0.000     0.000 f  M_SECURITY_TAG[1]
                         net (fo=0)                   0.000     0.000    M_SECURITY_TAG[1]
    A10                  IBUF (Prop_ibuf_I_O)         1.103     1.103 f  M_SECURITY_TAG_IBUF[1]_inst/O
                         net (fo=37, routed)          4.576     5.678    M_SECURITY_TAG_IBUF[1]
    SLICE_X0Y72          LUT6 (Prop_lut6_I3_O)        0.124     5.802 r  S1_WDATA[31]_i_1/O
                         net (fo=32, routed)          5.711    11.513    S1_WDATA[31]_i_1_n_0
    SLICE_X0Y34          FDCE                                         r  S1_WDATA_reg[0]/CE
  -------------------------------------------------------------------    -------------------

                         (clock clk rise edge)        0.000     0.000 r  <hidden>
    F4                                                0.000     0.000 r  CLK
                         net (fo=0)                   0.000     0.000    CLK
    F4                   IBUF (Prop_ibuf_I_O)         0.832     0.832 r  CLK_IBUF_inst/O
                         net (fo=1, routed)           1.862     2.694    CLK_IBUF
    BUFGCTRL_X0Y16       BUFG (Prop_bufg_I_O)         0.091     2.785 r  CLK_IBUF_BUFG_inst/O
                         net (fo=67, routed)          1.516     4.301    CLK_IBUF_BUFG
    SLICE_X0Y34          FDCE                                         r  S1_WDATA_reg[0]/C

Slack:                    inf
  Source:                 M_SECURITY_TAG[1]
                            (input port)
  Destination:            S1_WDATA_reg[1]/CE
                            (rising edge-triggered cell FDCE clocked by clk  {rise@0.000ns fall@5.000ns period=10.000ns})
  Path Group:             (none)
  Path Type:              Setup (Max at Slow Process Corner)
  Data Path Delay:        11.513ns  (logic 1.227ns (10.654%)  route 10.287ns (89.346%))
  Logic Levels:           2  (IBUF=1 LUT6=1)
  Clock Path Skew:        4.301ns (DCD - SCD + CPR)
    Destination Clock Delay (DCD):    4.301ns
    Source Clock Delay      (SCD):    0.000ns
    Clock Pessimism Removal (CPR):    0.000ns
  Clock Uncertainty:      0.025ns  ((TSJ^2 + TIJ^2)^1/2 + DJ) / 2 + PE
    Total System Jitter     (TSJ):    0.050ns
    Total Input Jitter      (TIJ):    0.000ns
    Discrete Jitter          (DJ):    0.000ns
    Phase Error              (PE):    0.000ns

    Location             Delay type                Incr(ns)  Path(ns)    Netlist Resource(s)
  -------------------------------------------------------------------    -------------------
    A10                                               0.000     0.000 f  M_SECURITY_TAG[1]
                         net (fo=0)                   0.000     0.000    M_SECURITY_TAG[1]
    A10                  IBUF (Prop_ibuf_I_O)         1.103     1.103 f  M_SECURITY_TAG_IBUF[1]_inst/O
                         net (fo=37, routed)          4.576     5.678    M_SECURITY_TAG_IBUF[1]
    SLICE_X0Y72          LUT6 (Prop_lut6_I3_O)        0.124     5.802 r  S1_WDATA[31]_i_1/O
                         net (fo=32, routed)          5.711    11.513    S1_WDATA[31]_i_1_n_0
    SLICE_X0Y34          FDCE                                         r  S1_WDATA_reg[1]/CE
  -------------------------------------------------------------------    -------------------

                         (clock clk rise edge)        0.000     0.000 r  <hidden>
    F4                                                0.000     0.000 r  CLK
                         net (fo=0)                   0.000     0.000    CLK
    F4                   IBUF (Prop_ibuf_I_O)         0.832     0.832 r  CLK_IBUF_inst/O
                         net (fo=1, routed)           1.862     2.694    CLK_IBUF
    BUFGCTRL_X0Y16       BUFG (Prop_bufg_I_O)         0.091     2.785 r  CLK_IBUF_BUFG_inst/O
                         net (fo=67, routed)          1.516     4.301    CLK_IBUF_BUFG
    SLICE_X0Y34          FDCE                                         r  S1_WDATA_reg[1]/C

Slack:                    inf
  Source:                 M_SECURITY_TAG[1]
                            (input port)
  Destination:            S1_WDATA_reg[2]/CE
                            (rising edge-triggered cell FDCE clocked by clk  {rise@0.000ns fall@5.000ns period=10.000ns})
  Path Group:             (none)
  Path Type:              Setup (Max at Slow Process Corner)
  Data Path Delay:        11.513ns  (logic 1.227ns (10.654%)  route 10.287ns (89.346%))
  Logic Levels:           2  (IBUF=1 LUT6=1)
  Clock Path Skew:        4.301ns (DCD - SCD + CPR)
    Destination Clock Delay (DCD):    4.301ns
    Source Clock Delay      (SCD):    0.000ns
    Clock Pessimism Removal (CPR):    0.000ns
  Clock Uncertainty:      0.025ns  ((TSJ^2 + TIJ^2)^1/2 + DJ) / 2 + PE
    Total System Jitter     (TSJ):    0.050ns
    Total Input Jitter      (TIJ):    0.000ns
    Discrete Jitter          (DJ):    0.000ns
    Phase Error              (PE):    0.000ns

    Location             Delay type                Incr(ns)  Path(ns)    Netlist Resource(s)
  -------------------------------------------------------------------    -------------------
    A10                                               0.000     0.000 f  M_SECURITY_TAG[1]
                         net (fo=0)                   0.000     0.000    M_SECURITY_TAG[1]
    A10                  IBUF (Prop_ibuf_I_O)         1.103     1.103 f  M_SECURITY_TAG_IBUF[1]_inst/O
                         net (fo=37, routed)          4.576     5.678    M_SECURITY_TAG_IBUF[1]
    SLICE_X0Y72          LUT6 (Prop_lut6_I3_O)        0.124     5.802 r  S1_WDATA[31]_i_1/O
                         net (fo=32, routed)          5.711    11.513    S1_WDATA[31]_i_1_n_0
    SLICE_X1Y34          FDCE                                         r  S1_WDATA_reg[2]/CE
  -------------------------------------------------------------------    -------------------

                         (clock clk rise edge)        0.000     0.000 r  <hidden>
    F4                                                0.000     0.000 r  CLK
                         net (fo=0)                   0.000     0.000    CLK
    F4                   IBUF (Prop_ibuf_I_O)         0.832     0.832 r  CLK_IBUF_inst/O
                         net (fo=1, routed)           1.862     2.694    CLK_IBUF
    BUFGCTRL_X0Y16       BUFG (Prop_bufg_I_O)         0.091     2.785 r  CLK_IBUF_BUFG_inst/O
                         net (fo=67, routed)          1.516     4.301    CLK_IBUF_BUFG
    SLICE_X1Y34          FDCE                                         r  S1_WDATA_reg[2]/C

Slack:                    inf
  Source:                 M_SECURITY_TAG[1]
                            (input port)
  Destination:            S1_WDATA_reg[3]/CE
                            (rising edge-triggered cell FDCE clocked by clk  {rise@0.000ns fall@5.000ns period=10.000ns})
  Path Group:             (none)
  Path Type:              Setup (Max at Slow Process Corner)
  Data Path Delay:        11.513ns  (logic 1.227ns (10.654%)  route 10.287ns (89.346%))
  Logic Levels:           2  (IBUF=1 LUT6=1)
  Clock Path Skew:        4.301ns (DCD - SCD + CPR)
    Destination Clock Delay (DCD):    4.301ns
    Source Clock Delay      (SCD):    0.000ns
    Clock Pessimism Removal (CPR):    0.000ns
  Clock Uncertainty:      0.025ns  ((TSJ^2 + TIJ^2)^1/2 + DJ) / 2 + PE
    Total System Jitter     (TSJ):    0.050ns
    Total Input Jitter      (TIJ):    0.000ns
    Discrete Jitter          (DJ):    0.000ns
    Phase Error              (PE):    0.000ns

    Location             Delay type                Incr(ns)  Path(ns)    Netlist Resource(s)
  -------------------------------------------------------------------    -------------------
    A10                                               0.000     0.000 f  M_SECURITY_TAG[1]
                         net (fo=0)                   0.000     0.000    M_SECURITY_TAG[1]
    A10                  IBUF (Prop_ibuf_I_O)         1.103     1.103 f  M_SECURITY_TAG_IBUF[1]_inst/O
                         net (fo=37, routed)          4.576     5.678    M_SECURITY_TAG_IBUF[1]
    SLICE_X0Y72          LUT6 (Prop_lut6_I3_O)        0.124     5.802 r  S1_WDATA[31]_i_1/O
                         net (fo=32, routed)          5.711    11.513    S1_WDATA[31]_i_1_n_0
    SLICE_X0Y34          FDCE                                         r  S1_WDATA_reg[3]/CE
  -------------------------------------------------------------------    -------------------

                         (clock clk rise edge)        0.000     0.000 r  <hidden>
    F4                                                0.000     0.000 r  CLK
                         net (fo=0)                   0.000     0.000    CLK
    F4                   IBUF (Prop_ibuf_I_O)         0.832     0.832 r  CLK_IBUF_inst/O
                         net (fo=1, routed)           1.862     2.694    CLK_IBUF
    BUFGCTRL_X0Y16       BUFG (Prop_bufg_I_O)         0.091     2.785 r  CLK_IBUF_BUFG_inst/O
                         net (fo=67, routed)          1.516     4.301    CLK_IBUF_BUFG
    SLICE_X0Y34          FDCE                                         r  S1_WDATA_reg[3]/C

Slack:                    inf
  Source:                 M_SECURITY_TAG[1]
                            (input port)
  Destination:            S1_WDATA_reg[4]/CE
                            (rising edge-triggered cell FDCE clocked by clk  {rise@0.000ns fall@5.000ns period=10.000ns})
  Path Group:             (none)
  Path Type:              Setup (Max at Slow Process Corner)
  Data Path Delay:        11.513ns  (logic 1.227ns (10.654%)  route 10.287ns (89.346%))
  Logic Levels:           2  (IBUF=1 LUT6=1)
  Clock Path Skew:        4.301ns (DCD - SCD + CPR)
    Destination Clock Delay (DCD):    4.301ns
    Source Clock Delay      (SCD):    0.000ns
    Clock Pessimism Removal (CPR):    0.000ns
  Clock Uncertainty:      0.025ns  ((TSJ^2 + TIJ^2)^1/2 + DJ) / 2 + PE
    Total System Jitter     (TSJ):    0.050ns
    Total Input Jitter      (TIJ):    0.000ns
    Discrete Jitter          (DJ):    0.000ns
    Phase Error              (PE):    0.000ns

    Location             Delay type                Incr(ns)  Path(ns)    Netlist Resource(s)
  -------------------------------------------------------------------    -------------------
    A10                                               0.000     0.000 f  M_SECURITY_TAG[1]
                         net (fo=0)                   0.000     0.000    M_SECURITY_TAG[1]
    A10                  IBUF (Prop_ibuf_I_O)         1.103     1.103 f  M_SECURITY_TAG_IBUF[1]_inst/O
                         net (fo=37, routed)          4.576     5.678    M_SECURITY_TAG_IBUF[1]
    SLICE_X0Y72          LUT6 (Prop_lut6_I3_O)        0.124     5.802 r  S1_WDATA[31]_i_1/O
                         net (fo=32, routed)          5.711    11.513    S1_WDATA[31]_i_1_n_0
    SLICE_X0Y34          FDCE                                         r  S1_WDATA_reg[4]/CE
  -------------------------------------------------------------------    -------------------

                         (clock clk rise edge)        0.000     0.000 r  <hidden>
    F4                                                0.000     0.000 r  CLK
                         net (fo=0)                   0.000     0.000    CLK
    F4                   IBUF (Prop_ibuf_I_O)         0.832     0.832 r  CLK_IBUF_inst/O
                         net (fo=1, routed)           1.862     2.694    CLK_IBUF
    BUFGCTRL_X0Y16       BUFG (Prop_bufg_I_O)         0.091     2.785 r  CLK_IBUF_BUFG_inst/O
                         net (fo=67, routed)          1.516     4.301    CLK_IBUF_BUFG
    SLICE_X0Y34          FDCE                                         r  S1_WDATA_reg[4]/C

Slack:                    inf
  Source:                 M_SECURITY_TAG[1]
                            (input port)
  Destination:            S1_WDATA_reg[6]/CE
                            (rising edge-triggered cell FDCE clocked by clk  {rise@0.000ns fall@5.000ns period=10.000ns})
  Path Group:             (none)
  Path Type:              Setup (Max at Slow Process Corner)
  Data Path Delay:        11.372ns  (logic 1.227ns (10.786%)  route 10.146ns (89.214%))
  Logic Levels:           2  (IBUF=1 LUT6=1)
  Clock Path Skew:        4.302ns (DCD - SCD + CPR)
    Destination Clock Delay (DCD):    4.302ns
    Source Clock Delay      (SCD):    0.000ns
    Clock Pessimism Removal (CPR):    0.000ns
  Clock Uncertainty:      0.025ns  ((TSJ^2 + TIJ^2)^1/2 + DJ) / 2 + PE
    Total System Jitter     (TSJ):    0.050ns
    Total Input Jitter      (TIJ):    0.000ns
    Discrete Jitter          (DJ):    0.000ns
    Phase Error              (PE):    0.000ns

    Location             Delay type                Incr(ns)  Path(ns)    Netlist Resource(s)
  -------------------------------------------------------------------    -------------------
    A10                                               0.000     0.000 f  M_SECURITY_TAG[1]
                         net (fo=0)                   0.000     0.000    M_SECURITY_TAG[1]
    A10                  IBUF (Prop_ibuf_I_O)         1.103     1.103 f  M_SECURITY_TAG_IBUF[1]_inst/O
                         net (fo=37, routed)          4.576     5.678    M_SECURITY_TAG_IBUF[1]
    SLICE_X0Y72          LUT6 (Prop_lut6_I3_O)        0.124     5.802 r  S1_WDATA[31]_i_1/O
                         net (fo=32, routed)          5.570    11.372    S1_WDATA[31]_i_1_n_0
    SLICE_X1Y36          FDCE                                         r  S1_WDATA_reg[6]/CE
  -------------------------------------------------------------------    -------------------

                         (clock clk rise edge)        0.000     0.000 r  <hidden>
    F4                                                0.000     0.000 r  CLK
                         net (fo=0)                   0.000     0.000    CLK
    F4                   IBUF (Prop_ibuf_I_O)         0.832     0.832 r  CLK_IBUF_inst/O
                         net (fo=1, routed)           1.862     2.694    CLK_IBUF
    BUFGCTRL_X0Y16       BUFG (Prop_bufg_I_O)         0.091     2.785 r  CLK_IBUF_BUFG_inst/O
                         net (fo=67, routed)          1.517     4.302    CLK_IBUF_BUFG
    SLICE_X1Y36          FDCE                                         r  S1_WDATA_reg[6]/C

Slack:                    inf
  Source:                 M_SECURITY_TAG[1]
                            (input port)
  Destination:            S1_WDATA_reg[7]/CE
                            (rising edge-triggered cell FDCE clocked by clk  {rise@0.000ns fall@5.000ns period=10.000ns})
  Path Group:             (none)
  Path Type:              Setup (Max at Slow Process Corner)
  Data Path Delay:        11.372ns  (logic 1.227ns (10.786%)  route 10.146ns (89.214%))
  Logic Levels:           2  (IBUF=1 LUT6=1)
  Clock Path Skew:        4.302ns (DCD - SCD + CPR)
    Destination Clock Delay (DCD):    4.302ns
    Source Clock Delay      (SCD):    0.000ns
    Clock Pessimism Removal (CPR):    0.000ns
  Clock Uncertainty:      0.025ns  ((TSJ^2 + TIJ^2)^1/2 + DJ) / 2 + PE
    Total System Jitter     (TSJ):    0.050ns
    Total Input Jitter      (TIJ):    0.000ns
    Discrete Jitter          (DJ):    0.000ns
    Phase Error              (PE):    0.000ns

    Location             Delay type                Incr(ns)  Path(ns)    Netlist Resource(s)
  -------------------------------------------------------------------    -------------------
    A10                                               0.000     0.000 f  M_SECURITY_TAG[1]
                         net (fo=0)                   0.000     0.000    M_SECURITY_TAG[1]
    A10                  IBUF (Prop_ibuf_I_O)         1.103     1.103 f  M_SECURITY_TAG_IBUF[1]_inst/O
                         net (fo=37, routed)          4.576     5.678    M_SECURITY_TAG_IBUF[1]
    SLICE_X0Y72          LUT6 (Prop_lut6_I3_O)        0.124     5.802 r  S1_WDATA[31]_i_1/O
                         net (fo=32, routed)          5.570    11.372    S1_WDATA[31]_i_1_n_0
    SLICE_X0Y36          FDCE                                         r  S1_WDATA_reg[7]/CE
  -------------------------------------------------------------------    -------------------

                         (clock clk rise edge)        0.000     0.000 r  <hidden>
    F4                                                0.000     0.000 r  CLK
                         net (fo=0)                   0.000     0.000    CLK
    F4                   IBUF (Prop_ibuf_I_O)         0.832     0.832 r  CLK_IBUF_inst/O
                         net (fo=1, routed)           1.862     2.694    CLK_IBUF
    BUFGCTRL_X0Y16       BUFG (Prop_bufg_I_O)         0.091     2.785 r  CLK_IBUF_BUFG_inst/O
                         net (fo=67, routed)          1.517     4.302    CLK_IBUF_BUFG
    SLICE_X0Y36          FDCE                                         r  S1_WDATA_reg[7]/C

Slack:                    inf
  Source:                 M_SECURITY_TAG[1]
                            (input port)
  Destination:            S1_WDATA_reg[8]/CE
                            (rising edge-triggered cell FDCE clocked by clk  {rise@0.000ns fall@5.000ns period=10.000ns})
  Path Group:             (none)
  Path Type:              Setup (Max at Slow Process Corner)
  Data Path Delay:        11.372ns  (logic 1.227ns (10.786%)  route 10.146ns (89.214%))
  Logic Levels:           2  (IBUF=1 LUT6=1)
  Clock Path Skew:        4.302ns (DCD - SCD + CPR)
    Destination Clock Delay (DCD):    4.302ns
    Source Clock Delay      (SCD):    0.000ns
    Clock Pessimism Removal (CPR):    0.000ns
  Clock Uncertainty:      0.025ns  ((TSJ^2 + TIJ^2)^1/2 + DJ) / 2 + PE
    Total System Jitter     (TSJ):    0.050ns
    Total Input Jitter      (TIJ):    0.000ns
    Discrete Jitter          (DJ):    0.000ns
    Phase Error              (PE):    0.000ns

    Location             Delay type                Incr(ns)  Path(ns)    Netlist Resource(s)
  -------------------------------------------------------------------    -------------------
    A10                                               0.000     0.000 f  M_SECURITY_TAG[1]
                         net (fo=0)                   0.000     0.000    M_SECURITY_TAG[1]
    A10                  IBUF (Prop_ibuf_I_O)         1.103     1.103 f  M_SECURITY_TAG_IBUF[1]_inst/O
                         net (fo=37, routed)          4.576     5.678    M_SECURITY_TAG_IBUF[1]
    SLICE_X0Y72          LUT6 (Prop_lut6_I3_O)        0.124     5.802 r  S1_WDATA[31]_i_1/O
                         net (fo=32, routed)          5.570    11.372    S1_WDATA[31]_i_1_n_0
    SLICE_X0Y36          FDCE                                         r  S1_WDATA_reg[8]/CE
  -------------------------------------------------------------------    -------------------

                         (clock clk rise edge)        0.000     0.000 r  <hidden>
    F4                                                0.000     0.000 r  CLK
                         net (fo=0)                   0.000     0.000    CLK
    F4                   IBUF (Prop_ibuf_I_O)         0.832     0.832 r  CLK_IBUF_inst/O
                         net (fo=1, routed)           1.862     2.694    CLK_IBUF
    BUFGCTRL_X0Y16       BUFG (Prop_bufg_I_O)         0.091     2.785 r  CLK_IBUF_BUFG_inst/O
                         net (fo=67, routed)          1.517     4.302    CLK_IBUF_BUFG
    SLICE_X0Y36          FDCE                                         r  S1_WDATA_reg[8]/C

Slack:                    inf
  Source:                 M_SECURITY_TAG[1]
                            (input port)
  Destination:            S1_WDATA_reg[12]/CE
                            (rising edge-triggered cell FDCE clocked by clk  {rise@0.000ns fall@5.000ns period=10.000ns})
  Path Group:             (none)
  Path Type:              Setup (Max at Slow Process Corner)
  Data Path Delay:        11.212ns  (logic 1.227ns (10.940%)  route 9.986ns (89.060%))
  Logic Levels:           2  (IBUF=1 LUT6=1)
  Clock Path Skew:        4.304ns (DCD - SCD + CPR)
    Destination Clock Delay (DCD):    4.304ns
    Source Clock Delay      (SCD):    0.000ns
    Clock Pessimism Removal (CPR):    0.000ns
  Clock Uncertainty:      0.025ns  ((TSJ^2 + TIJ^2)^1/2 + DJ) / 2 + PE
    Total System Jitter     (TSJ):    0.050ns
    Total Input Jitter      (TIJ):    0.000ns
    Discrete Jitter          (DJ):    0.000ns
    Phase Error              (PE):    0.000ns

    Location             Delay type                Incr(ns)  Path(ns)    Netlist Resource(s)
  -------------------------------------------------------------------    -------------------
    A10                                               0.000     0.000 f  M_SECURITY_TAG[1]
                         net (fo=0)                   0.000     0.000    M_SECURITY_TAG[1]
    A10                  IBUF (Prop_ibuf_I_O)         1.103     1.103 f  M_SECURITY_TAG_IBUF[1]_inst/O
                         net (fo=37, routed)          4.576     5.678    M_SECURITY_TAG_IBUF[1]
    SLICE_X0Y72          LUT6 (Prop_lut6_I3_O)        0.124     5.802 r  S1_WDATA[31]_i_1/O
                         net (fo=32, routed)          5.410    11.212    S1_WDATA[31]_i_1_n_0
    SLICE_X0Y38          FDCE                                         r  S1_WDATA_reg[12]/CE
  -------------------------------------------------------------------    -------------------

                         (clock clk rise edge)        0.000     0.000 r  <hidden>
    F4                                                0.000     0.000 r  CLK
                         net (fo=0)                   0.000     0.000    CLK
    F4                   IBUF (Prop_ibuf_I_O)         0.832     0.832 r  CLK_IBUF_inst/O
                         net (fo=1, routed)           1.862     2.694    CLK_IBUF
    BUFGCTRL_X0Y16       BUFG (Prop_bufg_I_O)         0.091     2.785 r  CLK_IBUF_BUFG_inst/O
                         net (fo=67, routed)          1.519     4.304    CLK_IBUF_BUFG
    SLICE_X0Y38          FDCE                                         r  S1_WDATA_reg[12]/C

Slack:                    inf
  Source:                 M_SECURITY_TAG[1]
                            (input port)
  Destination:            S1_WDATA_reg[5]/CE
                            (rising edge-triggered cell FDCE clocked by clk  {rise@0.000ns fall@5.000ns period=10.000ns})
  Path Group:             (none)
  Path Type:              Setup (Max at Slow Process Corner)
  Data Path Delay:        11.212ns  (logic 1.227ns (10.940%)  route 9.986ns (89.060%))
  Logic Levels:           2  (IBUF=1 LUT6=1)
  Clock Path Skew:        4.304ns (DCD - SCD + CPR)
    Destination Clock Delay (DCD):    4.304ns
    Source Clock Delay      (SCD):    0.000ns
    Clock Pessimism Removal (CPR):    0.000ns
  Clock Uncertainty:      0.025ns  ((TSJ^2 + TIJ^2)^1/2 + DJ) / 2 + PE
    Total System Jitter     (TSJ):    0.050ns
    Total Input Jitter      (TIJ):    0.000ns
    Discrete Jitter          (DJ):    0.000ns
    Phase Error              (PE):    0.000ns

    Location             Delay type                Incr(ns)  Path(ns)    Netlist Resource(s)
  -------------------------------------------------------------------    -------------------
    A10                                               0.000     0.000 f  M_SECURITY_TAG[1]
                         net (fo=0)                   0.000     0.000    M_SECURITY_TAG[1]
    A10                  IBUF (Prop_ibuf_I_O)         1.103     1.103 f  M_SECURITY_TAG_IBUF[1]_inst/O
                         net (fo=37, routed)          4.576     5.678    M_SECURITY_TAG_IBUF[1]
    SLICE_X0Y72          LUT6 (Prop_lut6_I3_O)        0.124     5.802 r  S1_WDATA[31]_i_1/O
                         net (fo=32, routed)          5.410    11.212    S1_WDATA[31]_i_1_n_0
    SLICE_X0Y38          FDCE                                         r  S1_WDATA_reg[5]/CE
  -------------------------------------------------------------------    -------------------

                         (clock clk rise edge)        0.000     0.000 r  <hidden>
    F4                                                0.000     0.000 r  CLK
                         net (fo=0)                   0.000     0.000    CLK
    F4                   IBUF (Prop_ibuf_I_O)         0.832     0.832 r  CLK_IBUF_inst/O
                         net (fo=1, routed)           1.862     2.694    CLK_IBUF
    BUFGCTRL_X0Y16       BUFG (Prop_bufg_I_O)         0.091     2.785 r  CLK_IBUF_BUFG_inst/O
                         net (fo=67, routed)          1.519     4.304    CLK_IBUF_BUFG
    SLICE_X0Y38          FDCE                                         r  S1_WDATA_reg[5]/C





Min Delay Paths
--------------------------------------------------------------------------------------
Slack:                    inf
  Source:                 M_WDATA[30]
                            (input port)
  Destination:            S2_WDATA_reg[30]/D
                            (rising edge-triggered cell FDCE clocked by clk  {rise@0.000ns fall@5.000ns period=10.000ns})
  Path Group:             (none)
  Path Type:              Hold (Min at Fast Process Corner)
  Data Path Delay:        0.603ns  (logic 0.268ns (44.488%)  route 0.335ns (55.512%))
  Logic Levels:           2  (IBUF=1 LUT6=1)
  Clock Path Skew:        1.948ns (DCD - SCD - CPR)
    Destination Clock Delay (DCD):    1.948ns
    Source Clock Delay      (SCD):    0.000ns
    Clock Pessimism Removal (CPR):    -0.000ns

    Location             Delay type                Incr(ns)  Path(ns)    Netlist Resource(s)
  -------------------------------------------------------------------    -------------------
    B18                                               0.000     0.000 r  M_WDATA[30]
                         net (fo=0)                   0.000     0.000    M_WDATA[30]
    B18                  IBUF (Prop_ibuf_I_O)         0.223     0.223 r  M_WDATA_IBUF[30]_inst/O
                         net (fo=1, routed)           0.335     0.558    M_WDATA_IBUF[30]
    SLICE_X0Y80          LUT6 (Prop_lut6_I0_O)        0.045     0.603 r  S1_WDATA[30]_i_1/O
                         net (fo=2, routed)           0.000     0.603    S1_WDATA[30]_i_1_n_0
    SLICE_X0Y80          FDCE                                         r  S2_WDATA_reg[30]/D
  -------------------------------------------------------------------    -------------------

                         (clock clk rise edge)        0.000     0.000 r  <hidden>
    F4                                                0.000     0.000 r  CLK
                         net (fo=0)                   0.000     0.000    CLK
    F4                   IBUF (Prop_ibuf_I_O)         0.383     0.383 r  CLK_IBUF_inst/O
                         net (fo=1, routed)           0.685     1.068    CLK_IBUF
    BUFGCTRL_X0Y16       BUFG (Prop_bufg_I_O)         0.029     1.097 r  CLK_IBUF_BUFG_inst/O
                         net (fo=67, routed)          0.851     1.948    CLK_IBUF_BUFG
    SLICE_X0Y80          FDCE                                         r  S2_WDATA_reg[30]/C

Slack:                    inf
  Source:                 M_WDATA[22]
                            (input port)
  Destination:            S2_WDATA_reg[22]/D
                            (rising edge-triggered cell FDCE clocked by clk  {rise@0.000ns fall@5.000ns period=10.000ns})
  Path Group:             (none)
  Path Type:              Hold (Min at Fast Process Corner)
  Data Path Delay:        0.648ns  (logic 0.241ns (37.196%)  route 0.407ns (62.804%))
  Logic Levels:           2  (IBUF=1 LUT6=1)
  Clock Path Skew:        1.945ns (DCD - SCD - CPR)
    Destination Clock Delay (DCD):    1.945ns
    Source Clock Delay      (SCD):    0.000ns
    Clock Pessimism Removal (CPR):    -0.000ns

    Location             Delay type                Incr(ns)  Path(ns)    Netlist Resource(s)
  -------------------------------------------------------------------    -------------------
    F15                                               0.000     0.000 r  M_WDATA[22]
                         net (fo=0)                   0.000     0.000    M_WDATA[22]
    F15                  IBUF (Prop_ibuf_I_O)         0.196     0.196 r  M_WDATA_IBUF[22]_inst/O
                         net (fo=1, routed)           0.407     0.603    M_WDATA_IBUF[22]
    SLICE_X0Y72          LUT6 (Prop_lut6_I0_O)        0.045     0.648 r  S1_WDATA[22]_i_1/O
                         net (fo=2, routed)           0.000     0.648    S1_WDATA[22]_i_1_n_0
    SLICE_X0Y72          FDCE                                         r  S2_WDATA_reg[22]/D
  -------------------------------------------------------------------    -------------------

                         (clock clk rise edge)        0.000     0.000 r  <hidden>
    F4                                                0.000     0.000 r  CLK
                         net (fo=0)                   0.000     0.000    CLK
    F4                   IBUF (Prop_ibuf_I_O)         0.383     0.383 r  CLK_IBUF_inst/O
                         net (fo=1, routed)           0.685     1.068    CLK_IBUF
    BUFGCTRL_X0Y16       BUFG (Prop_bufg_I_O)         0.029     1.097 r  CLK_IBUF_BUFG_inst/O
                         net (fo=67, routed)          0.849     1.945    CLK_IBUF_BUFG
    SLICE_X0Y72          FDCE                                         r  S2_WDATA_reg[22]/C

Slack:                    inf
  Source:                 M_WDATA[26]
                            (input port)
  Destination:            S2_WDATA_reg[26]/D
                            (rising edge-triggered cell FDCE clocked by clk  {rise@0.000ns fall@5.000ns period=10.000ns})
  Path Group:             (none)
  Path Type:              Hold (Min at Fast Process Corner)
  Data Path Delay:        0.734ns  (logic 0.266ns (36.281%)  route 0.468ns (63.719%))
  Logic Levels:           2  (IBUF=1 LUT6=1)
  Clock Path Skew:        1.945ns (DCD - SCD - CPR)
    Destination Clock Delay (DCD):    1.945ns
    Source Clock Delay      (SCD):    0.000ns
    Clock Pessimism Removal (CPR):    -0.000ns

    Location             Delay type                Incr(ns)  Path(ns)    Netlist Resource(s)
  -------------------------------------------------------------------    -------------------
    D15                                               0.000     0.000 r  M_WDATA[26]
                         net (fo=0)                   0.000     0.000    M_WDATA[26]
    D15                  IBUF (Prop_ibuf_I_O)         0.221     0.221 r  M_WDATA_IBUF[26]_inst/O
                         net (fo=1, routed)           0.335     0.556    M_WDATA_IBUF[26]
    SLICE_X0Y76          LUT6 (Prop_lut6_I0_O)        0.045     0.601 r  S1_WDATA[26]_i_1/O
                         net (fo=2, routed)           0.133     0.734    S1_WDATA[26]_i_1_n_0
    SLICE_X0Y77          FDCE                                         r  S2_WDATA_reg[26]/D
  -------------------------------------------------------------------    -------------------

                         (clock clk rise edge)        0.000     0.000 r  <hidden>
    F4                                                0.000     0.000 r  CLK
                         net (fo=0)                   0.000     0.000    CLK
    F4                   IBUF (Prop_ibuf_I_O)         0.383     0.383 r  CLK_IBUF_inst/O
                         net (fo=1, routed)           0.685     1.068    CLK_IBUF
    BUFGCTRL_X0Y16       BUFG (Prop_bufg_I_O)         0.029     1.097 r  CLK_IBUF_BUFG_inst/O
                         net (fo=67, routed)          0.849     1.945    CLK_IBUF_BUFG
    SLICE_X0Y77          FDCE                                         r  S2_WDATA_reg[26]/C

Slack:                    inf
  Source:                 M_WDATA[28]
                            (input port)
  Destination:            S2_WDATA_reg[28]/D
                            (rising edge-triggered cell FDCE clocked by clk  {rise@0.000ns fall@5.000ns period=10.000ns})
  Path Group:             (none)
  Path Type:              Hold (Min at Fast Process Corner)
  Data Path Delay:        0.734ns  (logic 0.266ns (36.297%)  route 0.468ns (63.703%))
  Logic Levels:           2  (IBUF=1 LUT6=1)
  Clock Path Skew:        1.947ns (DCD - SCD - CPR)
    Destination Clock Delay (DCD):    1.947ns
    Source Clock Delay      (SCD):    0.000ns
    Clock Pessimism Removal (CPR):    -0.000ns

    Location             Delay type                Incr(ns)  Path(ns)    Netlist Resource(s)
  -------------------------------------------------------------------    -------------------
    E15                                               0.000     0.000 r  M_WDATA[28]
                         net (fo=0)                   0.000     0.000    M_WDATA[28]
    E15                  IBUF (Prop_ibuf_I_O)         0.221     0.221 r  M_WDATA_IBUF[28]_inst/O
                         net (fo=1, routed)           0.335     0.556    M_WDATA_IBUF[28]
    SLICE_X0Y78          LUT6 (Prop_lut6_I0_O)        0.045     0.601 r  S1_WDATA[28]_i_1/O
                         net (fo=2, routed)           0.133     0.734    S1_WDATA[28]_i_1_n_0
    SLICE_X0Y79          FDCE                                         r  S2_WDATA_reg[28]/D
  -------------------------------------------------------------------    -------------------

                         (clock clk rise edge)        0.000     0.000 r  <hidden>
    F4                                                0.000     0.000 r  CLK
                         net (fo=0)                   0.000     0.000    CLK
    F4                   IBUF (Prop_ibuf_I_O)         0.383     0.383 r  CLK_IBUF_inst/O
                         net (fo=1, routed)           0.685     1.068    CLK_IBUF
    BUFGCTRL_X0Y16       BUFG (Prop_bufg_I_O)         0.029     1.097 r  CLK_IBUF_BUFG_inst/O
                         net (fo=67, routed)          0.850     1.947    CLK_IBUF_BUFG
    SLICE_X0Y79          FDCE                                         r  S2_WDATA_reg[28]/C

Slack:                    inf
  Source:                 M_WDATA[20]
                            (input port)
  Destination:            S2_WDATA_reg[20]/D
                            (rising edge-triggered cell FDCE clocked by clk  {rise@0.000ns fall@5.000ns period=10.000ns})
  Path Group:             (none)
  Path Type:              Hold (Min at Fast Process Corner)
  Data Path Delay:        0.754ns  (logic 0.238ns (31.529%)  route 0.516ns (68.471%))
  Logic Levels:           2  (IBUF=1 LUT6=1)
  Clock Path Skew:        1.946ns (DCD - SCD - CPR)
    Destination Clock Delay (DCD):    1.946ns
    Source Clock Delay      (SCD):    0.000ns
    Clock Pessimism Removal (CPR):    -0.000ns

    Location             Delay type                Incr(ns)  Path(ns)    Netlist Resource(s)
  -------------------------------------------------------------------    -------------------
    H14                                               0.000     0.000 r  M_WDATA[20]
                         net (fo=0)                   0.000     0.000    M_WDATA[20]
    H14                  IBUF (Prop_ibuf_I_O)         0.193     0.193 r  M_WDATA_IBUF[20]_inst/O
                         net (fo=1, routed)           0.394     0.587    M_WDATA_IBUF[20]
    SLICE_X1Y70          LUT6 (Prop_lut6_I0_O)        0.045     0.632 r  S1_WDATA[20]_i_1/O
                         net (fo=2, routed)           0.122     0.754    S1_WDATA[20]_i_1_n_0
    SLICE_X1Y71          FDCE                                         r  S2_WDATA_reg[20]/D
  -------------------------------------------------------------------    -------------------

                         (clock clk rise edge)        0.000     0.000 r  <hidden>
    F4                                                0.000     0.000 r  CLK
                         net (fo=0)                   0.000     0.000    CLK
    F4                   IBUF (Prop_ibuf_I_O)         0.383     0.383 r  CLK_IBUF_inst/O
                         net (fo=1, routed)           0.685     1.068    CLK_IBUF
    BUFGCTRL_X0Y16       BUFG (Prop_bufg_I_O)         0.029     1.097 r  CLK_IBUF_BUFG_inst/O
                         net (fo=67, routed)          0.850     1.946    CLK_IBUF_BUFG
    SLICE_X1Y71          FDCE                                         r  S2_WDATA_reg[20]/C

Slack:                    inf
  Source:                 M_WDATA[16]
                            (input port)
  Destination:            S2_WDATA_reg[16]/D
                            (rising edge-triggered cell FDCE clocked by clk  {rise@0.000ns fall@5.000ns period=10.000ns})
  Path Group:             (none)
  Path Type:              Hold (Min at Fast Process Corner)
  Data Path Delay:        0.775ns  (logic 0.240ns (30.925%)  route 0.535ns (69.075%))
  Logic Levels:           2  (IBUF=1 LUT6=1)
  Clock Path Skew:        1.950ns (DCD - SCD - CPR)
    Destination Clock Delay (DCD):    1.950ns
    Source Clock Delay      (SCD):    0.000ns
    Clock Pessimism Removal (CPR):    -0.000ns

    Location             Delay type                Incr(ns)  Path(ns)    Netlist Resource(s)
  -------------------------------------------------------------------    -------------------
    K13                                               0.000     0.000 r  M_WDATA[16]
                         net (fo=0)                   0.000     0.000    M_WDATA[16]
    K13                  IBUF (Prop_ibuf_I_O)         0.195     0.195 r  M_WDATA_IBUF[16]_inst/O
                         net (fo=1, routed)           0.407     0.601    M_WDATA_IBUF[16]
    SLICE_X0Y66          LUT6 (Prop_lut6_I0_O)        0.045     0.646 r  S1_WDATA[16]_i_1/O
                         net (fo=2, routed)           0.128     0.775    S1_WDATA[16]_i_1_n_0
    SLICE_X0Y67          FDCE                                         r  S2_WDATA_reg[16]/D
  -------------------------------------------------------------------    -------------------

                         (clock clk rise edge)        0.000     0.000 r  <hidden>
    F4                                                0.000     0.000 r  CLK
                         net (fo=0)                   0.000     0.000    CLK
    F4                   IBUF (Prop_ibuf_I_O)         0.383     0.383 r  CLK_IBUF_inst/O
                         net (fo=1, routed)           0.685     1.068    CLK_IBUF
    BUFGCTRL_X0Y16       BUFG (Prop_bufg_I_O)         0.029     1.097 r  CLK_IBUF_BUFG_inst/O
                         net (fo=67, routed)          0.854     1.950    CLK_IBUF_BUFG
    SLICE_X0Y67          FDCE                                         r  S2_WDATA_reg[16]/C

Slack:                    inf
  Source:                 M_WDATA[24]
                            (input port)
  Destination:            S2_WDATA_reg[24]/D
                            (rising edge-triggered cell FDCE clocked by clk  {rise@0.000ns fall@5.000ns period=10.000ns})
  Path Group:             (none)
  Path Type:              Hold (Min at Fast Process Corner)
  Data Path Delay:        0.783ns  (logic 0.238ns (30.324%)  route 0.546ns (69.676%))
  Logic Levels:           2  (IBUF=1 LUT6=1)
  Clock Path Skew:        1.942ns (DCD - SCD - CPR)
    Destination Clock Delay (DCD):    1.942ns
    Source Clock Delay      (SCD):    0.000ns
    Clock Pessimism Removal (CPR):    -0.000ns

    Location             Delay type                Incr(ns)  Path(ns)    Netlist Resource(s)
  -------------------------------------------------------------------    -------------------
    H16                                               0.000     0.000 r  M_WDATA[24]
                         net (fo=0)                   0.000     0.000    M_WDATA[24]
    H16                  IBUF (Prop_ibuf_I_O)         0.193     0.193 r  M_WDATA_IBUF[24]_inst/O
                         net (fo=1, routed)           0.394     0.587    M_WDATA_IBUF[24]
    SLICE_X1Y74          LUT6 (Prop_lut6_I0_O)        0.045     0.632 r  S1_WDATA[24]_i_1/O
                         net (fo=2, routed)           0.152     0.783    S1_WDATA[24]_i_1_n_0
    SLICE_X1Y75          FDCE                                         r  S2_WDATA_reg[24]/D
  -------------------------------------------------------------------    -------------------

                         (clock clk rise edge)        0.000     0.000 r  <hidden>
    F4                                                0.000     0.000 r  CLK
                         net (fo=0)                   0.000     0.000    CLK
    F4                   IBUF (Prop_ibuf_I_O)         0.383     0.383 r  CLK_IBUF_inst/O
                         net (fo=1, routed)           0.685     1.068    CLK_IBUF
    BUFGCTRL_X0Y16       BUFG (Prop_bufg_I_O)         0.029     1.097 r  CLK_IBUF_BUFG_inst/O
                         net (fo=67, routed)          0.845     1.942    CLK_IBUF_BUFG
    SLICE_X1Y75          FDCE                                         r  S2_WDATA_reg[24]/C

Slack:                    inf
  Source:                 M_WDATA[29]
                            (input port)
  Destination:            S2_WDATA_reg[29]/D
                            (rising edge-triggered cell FDCE clocked by clk  {rise@0.000ns fall@5.000ns period=10.000ns})
  Path Group:             (none)
  Path Type:              Hold (Min at Fast Process Corner)
  Data Path Delay:        0.788ns  (logic 0.272ns (34.557%)  route 0.515ns (65.443%))
  Logic Levels:           2  (IBUF=1 LUT6=1)
  Clock Path Skew:        1.947ns (DCD - SCD - CPR)
    Destination Clock Delay (DCD):    1.947ns
    Source Clock Delay      (SCD):    0.000ns
    Clock Pessimism Removal (CPR):    -0.000ns

    Location             Delay type                Incr(ns)  Path(ns)    Netlist Resource(s)
  -------------------------------------------------------------------    -------------------
    A18                                               0.000     0.000 r  M_WDATA[29]
                         net (fo=0)                   0.000     0.000    M_WDATA[29]
    A18                  IBUF (Prop_ibuf_I_O)         0.227     0.227 r  M_WDATA_IBUF[29]_inst/O
                         net (fo=1, routed)           0.335     0.562    M_WDATA_IBUF[29]
    SLICE_X0Y79          LUT6 (Prop_lut6_I0_O)        0.045     0.607 r  S1_WDATA[29]_i_1/O
                         net (fo=2, routed)           0.181     0.788    S1_WDATA[29]_i_1_n_0
    SLICE_X0Y79          FDCE                                         r  S2_WDATA_reg[29]/D
  -------------------------------------------------------------------    -------------------

                         (clock clk rise edge)        0.000     0.000 r  <hidden>
    F4                                                0.000     0.000 r  CLK
                         net (fo=0)                   0.000     0.000    CLK
    F4                   IBUF (Prop_ibuf_I_O)         0.383     0.383 r  CLK_IBUF_inst/O
                         net (fo=1, routed)           0.685     1.068    CLK_IBUF
    BUFGCTRL_X0Y16       BUFG (Prop_bufg_I_O)         0.029     1.097 r  CLK_IBUF_BUFG_inst/O
                         net (fo=67, routed)          0.850     1.947    CLK_IBUF_BUFG
    SLICE_X0Y79          FDCE                                         r  S2_WDATA_reg[29]/C

Slack:                    inf
  Source:                 M_WDATA[31]
                            (input port)
  Destination:            S2_WDATA_reg[31]/D
                            (rising edge-triggered cell FDCE clocked by clk  {rise@0.000ns fall@5.000ns period=10.000ns})
  Path Group:             (none)
  Path Type:              Hold (Min at Fast Process Corner)
  Data Path Delay:        0.788ns  (logic 0.281ns (35.634%)  route 0.507ns (64.366%))
  Logic Levels:           2  (IBUF=1 LUT6=1)
  Clock Path Skew:        1.948ns (DCD - SCD - CPR)
    Destination Clock Delay (DCD):    1.948ns
    Source Clock Delay      (SCD):    0.000ns
    Clock Pessimism Removal (CPR):    -0.000ns

    Location             Delay type                Incr(ns)  Path(ns)    Netlist Resource(s)
  -------------------------------------------------------------------    -------------------
    A14                                               0.000     0.000 r  M_WDATA[31]
                         net (fo=0)                   0.000     0.000    M_WDATA[31]
    A14                  IBUF (Prop_ibuf_I_O)         0.236     0.236 r  M_WDATA_IBUF[31]_inst/O
                         net (fo=1, routed)           0.507     0.743    M_WDATA_IBUF[31]
    SLICE_X0Y80          LUT6 (Prop_lut6_I0_O)        0.045     0.788 r  S1_WDATA[31]_i_2/O
                         net (fo=2, routed)           0.000     0.788    S1_WDATA[31]_i_2_n_0
    SLICE_X0Y80          FDCE                                         r  S2_WDATA_reg[31]/D
  -------------------------------------------------------------------    -------------------

                         (clock clk rise edge)        0.000     0.000 r  <hidden>
    F4                                                0.000     0.000 r  CLK
                         net (fo=0)                   0.000     0.000    CLK
    F4                   IBUF (Prop_ibuf_I_O)         0.383     0.383 r  CLK_IBUF_inst/O
                         net (fo=1, routed)           0.685     1.068    CLK_IBUF
    BUFGCTRL_X0Y16       BUFG (Prop_bufg_I_O)         0.029     1.097 r  CLK_IBUF_BUFG_inst/O
                         net (fo=67, routed)          0.851     1.948    CLK_IBUF_BUFG
    SLICE_X0Y80          FDCE                                         r  S2_WDATA_reg[31]/C

Slack:                    inf
  Source:                 M_WDATA[17]
                            (input port)
  Destination:            S2_WDATA_reg[17]/D
                            (rising edge-triggered cell FDCE clocked by clk  {rise@0.000ns fall@5.000ns period=10.000ns})
  Path Group:             (none)
  Path Type:              Hold (Min at Fast Process Corner)
  Data Path Delay:        0.789ns  (logic 0.254ns (32.182%)  route 0.535ns (67.818%))
  Logic Levels:           2  (IBUF=1 LUT6=1)
  Clock Path Skew:        1.949ns (DCD - SCD - CPR)
    Destination Clock Delay (DCD):    1.949ns
    Source Clock Delay      (SCD):    0.000ns
    Clock Pessimism Removal (CPR):    -0.000ns

    Location             Delay type                Incr(ns)  Path(ns)    Netlist Resource(s)
  -------------------------------------------------------------------    -------------------
    D17                                               0.000     0.000 r  M_WDATA[17]
                         net (fo=0)                   0.000     0.000    M_WDATA[17]
    D17                  IBUF (Prop_ibuf_I_O)         0.209     0.209 r  M_WDATA_IBUF[17]_inst/O
                         net (fo=1, routed)           0.407     0.616    M_WDATA_IBUF[17]
    SLICE_X0Y67          LUT6 (Prop_lut6_I0_O)        0.045     0.661 r  S1_WDATA[17]_i_1/O
                         net (fo=2, routed)           0.128     0.789    S1_WDATA[17]_i_1_n_0
    SLICE_X0Y68          FDCE                                         r  S2_WDATA_reg[17]/D
  -------------------------------------------------------------------    -------------------

                         (clock clk rise edge)        0.000     0.000 r  <hidden>
    F4                                                0.000     0.000 r  CLK
                         net (fo=0)                   0.000     0.000    CLK
    F4                   IBUF (Prop_ibuf_I_O)         0.383     0.383 r  CLK_IBUF_inst/O
                         net (fo=1, routed)           0.685     1.068    CLK_IBUF
    BUFGCTRL_X0Y16       BUFG (Prop_bufg_I_O)         0.029     1.097 r  CLK_IBUF_BUFG_inst/O
                         net (fo=67, routed)          0.853     1.949    CLK_IBUF_BUFG
    SLICE_X0Y68          FDCE                                         r  S2_WDATA_reg[17]/C





