Copyright 1986-2022 Xilinx, Inc. All Rights Reserved. Copyright 2022-2026 Advanced Micro Devices, Inc. All Rights Reserved.
---------------------------------------------------------------------------------------------------------------------------------------------------------------------------------------------------------------------------------------
| Tool Version : Vivado v.2026.1 (win64) Build 6511674 Tue Jun 16 11:02:23 MDT 2026
| Date         : Mon Sep 28 09:31:32 2026
| Host         : PC1-2D running 64-bit major release  (build 9200)
| Command      : report_timing_summary -max_paths 10 -routable_nets -report_unconstrained -file reio_safe_timing_summary_routed.rpt -pb reio_safe_timing_summary_routed.pb -rpx reio_safe_timing_summary_routed.rpx -warn_on_violation
| Design       : reio_safe
| Device       : xa7a35t-csg324
| Speed File   : -1Q  PRODUCTION 1.16 2018-06-13
| Design State : Routed
---------------------------------------------------------------------------------------------------------------------------------------------------------------------------------------------------------------------------------------

Timing Summary Report

------------------------------------------------------------------------------------------------
| Timer Settings
| --------------
------------------------------------------------------------------------------------------------

  Enable Multi Corner Analysis               :  Yes
  Enable Pessimism Removal                   :  Yes
  Pessimism Removal Resolution               :  Nearest Common Node
  Enable Input Delay Default Clock           :  No
  Enable Preset / Clear Arcs                 :  No
  Disable Flight Delays                      :  No
  Ignore I/O Paths                           :  No
  Timing Early Launch at Borrowing Latches   :  No
  Borrow Time for Max Delay Exceptions       :  Yes
  Merge Timing Exceptions                    :  Yes
  Inter-SLR Compensation                     :  Conservative

  Corner  Analyze    Analyze    
  Name    Max Paths  Min Paths  
  ------  ---------  ---------  
  Slow    Yes        Yes        
  Fast    Yes        Yes        


------------------------------------------------------------------------------------------------
| Report Methodology
| ------------------
------------------------------------------------------------------------------------------------

Rule       Severity  Description                    Violations  
---------  --------  -----------------------------  ----------  
TIMING-18  Warning   Missing input or output delay  6           

Note: This report is based on the most recent report_methodology run and may not be up-to-date. Run report_methodology on the current design for the latest report.



check_timing report

Table of Contents
-----------------
1. checking no_clock (0)
2. checking constant_clock (0)
3. checking pulse_width_clock (0)
4. checking unconstrained_internal_endpoints (0)
5. checking no_input_delay (32)
6. checking no_output_delay (28)
7. checking multiple_clock (0)
8. checking generated_clocks (0)
9. checking loops (0)
10. checking partial_input_delay (0)
11. checking partial_output_delay (0)
12. checking latch_loops (0)

1. checking no_clock (0)
------------------------
 There are 0 register/latch pins with no clock.


2. checking constant_clock (0)
------------------------------
 There are 0 register/latch pins with constant_clock.


3. checking pulse_width_clock (0)
---------------------------------
 There are 0 register/latch pins which need pulse_width check


4. checking unconstrained_internal_endpoints (0)
------------------------------------------------
 There are 0 pins that are not constrained for maximum delay.

 There are 0 pins that are not constrained for maximum delay due to constant clock.


5. checking no_input_delay (32)
-------------------------------
 There are 3 input ports with no input delay specified. (HIGH)

 There are 29 input ports with no input delay but user has a false path constraint. (MEDIUM)


6. checking no_output_delay (28)
--------------------------------
 There are 3 ports with no output delay specified. (HIGH)

 There are 25 ports with no output delay but user has a false path constraint (MEDIUM)

 There are 0 ports with no output delay but with a timing clock defined on it or propagating through it


7. checking multiple_clock (0)
------------------------------
 There are 0 register/latch pins with multiple clocks.


8. checking generated_clocks (0)
--------------------------------
 There are 0 generated clocks that are not connected to a clock source.


9. checking loops (0)
---------------------
 There are 0 combinational loops in the design.


10. checking partial_input_delay (0)
------------------------------------
 There are 0 input ports with partial input delay specified.


11. checking partial_output_delay (0)
-------------------------------------
 There are 0 ports with partial output delay specified.


12. checking latch_loops (0)
----------------------------
 There are 0 combinational latch loops in the design through latch input



------------------------------------------------------------------------------------------------
| Design Timing Summary
| ---------------------
------------------------------------------------------------------------------------------------

    WNS(ns)      TNS(ns)  TNS Failing Endpoints  TNS Total Endpoints      WHS(ns)      THS(ns)  THS Failing Endpoints  THS Total Endpoints     WPWS(ns)     TPWS(ns)  TPWS Failing Endpoints  TPWS Total Endpoints  
    -------      -------  ---------------------  -------------------      -------      -------  ---------------------  -------------------     --------     --------  ----------------------  --------------------  
      5.222        0.000                      0                   44        0.222        0.000                      0                   44        4.500        0.000                       0                    38  


All user specified timing constraints are met.


------------------------------------------------------------------------------------------------
| Clock Summary
| -------------
------------------------------------------------------------------------------------------------

Clock  Waveform(ns)       Period(ns)      Frequency(MHz)
-----  ------------       ----------      --------------
pclk   {0.000 5.000}      10.000          100.000         


------------------------------------------------------------------------------------------------
| Intra Clock Table
| -----------------
------------------------------------------------------------------------------------------------

Clock             WNS(ns)      TNS(ns)  TNS Failing Endpoints  TNS Total Endpoints      WHS(ns)      THS(ns)  THS Failing Endpoints  THS Total Endpoints     WPWS(ns)     TPWS(ns)  TPWS Failing Endpoints  TPWS Total Endpoints  
-----             -------      -------  ---------------------  -------------------      -------      -------  ---------------------  -------------------     --------     --------  ----------------------  --------------------  
pclk                5.222        0.000                      0                   44        0.222        0.000                      0                   44        4.500        0.000                       0                    38  


------------------------------------------------------------------------------------------------
| Inter Clock Table
| -----------------
------------------------------------------------------------------------------------------------

From Clock    To Clock          WNS(ns)      TNS(ns)  TNS Failing Endpoints  TNS Total Endpoints      WHS(ns)      THS(ns)  THS Failing Endpoints  THS Total Endpoints  
----------    --------          -------      -------  ---------------------  -------------------      -------      -------  ---------------------  -------------------  


------------------------------------------------------------------------------------------------
| Other Path Groups Table
| -----------------------
------------------------------------------------------------------------------------------------

Path Group    From Clock    To Clock          WNS(ns)      TNS(ns)  TNS Failing Endpoints  TNS Total Endpoints      WHS(ns)      THS(ns)  THS Failing Endpoints  THS Total Endpoints  
----------    ----------    --------          -------      -------  ---------------------  -------------------      -------      -------  ---------------------  -------------------  


------------------------------------------------------------------------------------------------
| User Ignored Path Table
| -----------------------
------------------------------------------------------------------------------------------------

Path Group    From Clock    To Clock    
----------    ----------    --------    
(none)        pclk                        
(none)                      pclk          


------------------------------------------------------------------------------------------------
| Unconstrained Path Table
| ------------------------
------------------------------------------------------------------------------------------------

Path Group    From Clock    To Clock    
----------    ----------    --------    
(none)        pclk                        
(none)                      pclk          


------------------------------------------------------------------------------------------------
| Timing Details
| --------------
------------------------------------------------------------------------------------------------


---------------------------------------------------------------------------------------------------
From Clock:  pclk
  To Clock:  pclk

Setup :            0  Failing Endpoints,  Worst Slack        5.222ns,  Total Violation        0.000ns
Hold  :            0  Failing Endpoints,  Worst Slack        0.222ns,  Total Violation        0.000ns
PW    :            0  Failing Endpoints,  Worst Slack        4.500ns,  Total Violation        0.000ns
---------------------------------------------------------------------------------------------------


Max Delay Paths
--------------------------------------------------------------------------------------
Slack (MET) :             5.222ns  (required time - arrival time)
  Source:                 compteur_entropie_reg[6]/C
                            (rising edge-triggered cell FDCE clocked by pclk  {rise@0.000ns fall@5.000ns period=10.000ns})
  Destination:            PRDATA_reg[0]/D
                            (rising edge-triggered cell FDCE clocked by pclk  {rise@0.000ns fall@5.000ns period=10.000ns})
  Path Group:             pclk
  Path Type:              Setup (Max at Slow Process Corner)
  Requirement:            10.000ns  (pclk rise@10.000ns - pclk rise@0.000ns)
  Data Path Delay:        4.461ns  (logic 0.823ns (18.448%)  route 3.638ns (81.552%))
  Logic Levels:           3  (LUT4=1 LUT5=2)
  Clock Path Skew:        -0.027ns (DCD - SCD + CPR)
    Destination Clock Delay (DCD):    4.881ns = ( 14.881 - 10.000 ) 
    Source Clock Delay      (SCD):    5.291ns
    Clock Pessimism Removal (CPR):    0.383ns
  Clock Uncertainty:      0.035ns  ((TSJ^2 + TIJ^2)^1/2 + DJ) / 2 + PE
    Total System Jitter     (TSJ):    0.071ns
    Total Input Jitter      (TIJ):    0.000ns
    Discrete Jitter          (DJ):    0.000ns
    Phase Error              (PE):    0.000ns

    Location             Delay type                Incr(ns)  Path(ns)    Netlist Resource(s)
  -------------------------------------------------------------------    -------------------
                         (clock pclk rise edge)       0.000     0.000 r  <hidden>
    F4                                                0.000     0.000 r  PCLK
                         net (fo=0)                   0.000     0.000    PCLK
    F4                   IBUF (Prop_ibuf_I_O)         1.590     1.590 r  PCLK_IBUF_inst/O
                         net (fo=1, routed)           1.967     3.557    PCLK_IBUF
    BUFGCTRL_X0Y16       BUFG (Prop_bufg_I_O)         0.096     3.653 r  PCLK_IBUF_BUFG_inst/O
                         net (fo=37, routed)          1.638     5.291    PCLK_IBUF_BUFG
    SLICE_X0Y39          FDCE                                         r  compteur_entropie_reg[6]/C
  -------------------------------------------------------------------    -------------------
    SLICE_X0Y39          FDCE (Prop_fdce_C_Q)         0.456     5.747 r  compteur_entropie_reg[6]/Q
                         net (fo=4, routed)           0.710     6.457    compteur_entropie_reg_n_0_[6]
    SLICE_X0Y39          LUT4 (Prop_lut4_I0_O)        0.124     6.581 r  compteur_entropie[7]_i_5/O
                         net (fo=5, routed)           1.396     7.977    compteur_entropie[7]_i_5_n_0
    SLICE_X0Y55          LUT5 (Prop_lut5_I4_O)        0.124     8.101 f  PRDATA[7]_i_2/O
                         net (fo=8, routed)           1.055     9.157    PRDATA[7]_i_2_n_0
    SLICE_X1Y38          LUT5 (Prop_lut5_I1_O)        0.119     9.276 r  PRDATA[0]_i_1/O
                         net (fo=1, routed)           0.477     9.752    PRDATA[0]_i_1_n_0
    SLICE_X1Y37          FDCE                                         r  PRDATA_reg[0]/D
  -------------------------------------------------------------------    -------------------

                         (clock pclk rise edge)      10.000    10.000 r  <hidden>
    F4                                                0.000    10.000 r  PCLK
                         net (fo=0)                   0.000    10.000    PCLK
    F4                   IBUF (Prop_ibuf_I_O)         1.410    11.410 r  PCLK_IBUF_inst/O
                         net (fo=1, routed)           1.862    13.272    PCLK_IBUF
    BUFGCTRL_X0Y16       BUFG (Prop_bufg_I_O)         0.091    13.363 r  PCLK_IBUF_BUFG_inst/O
                         net (fo=37, routed)          1.518    14.881    PCLK_IBUF_BUFG
    SLICE_X1Y37          FDCE                                         r  PRDATA_reg[0]/C
                         clock pessimism              0.383    15.264    <hidden>
                         clock uncertainty           -0.035    15.229    <hidden>
    SLICE_X1Y37          FDCE (Setup_fdce_C_D)       -0.255    14.974    PRDATA_reg[0]
  -------------------------------------------------------------------
                         required time                         14.974    <hidden>
                         arrival time                          -9.752    <hidden>
  -------------------------------------------------------------------
                         slack                                  5.222    <hidden>

Slack (MET) :             5.402ns  (required time - arrival time)
  Source:                 compteur_entropie_reg[6]/C
                            (rising edge-triggered cell FDCE clocked by pclk  {rise@0.000ns fall@5.000ns period=10.000ns})
  Destination:            PRDATA_reg[4]/D
                            (rising edge-triggered cell FDCE clocked by pclk  {rise@0.000ns fall@5.000ns period=10.000ns})
  Path Group:             pclk
  Path Type:              Setup (Max at Slow Process Corner)
  Requirement:            10.000ns  (pclk rise@10.000ns - pclk rise@0.000ns)
  Data Path Delay:        4.565ns  (logic 0.828ns (18.139%)  route 3.737ns (81.861%))
  Logic Levels:           3  (LUT4=1 LUT5=2)
  Clock Path Skew:        -0.027ns (DCD - SCD + CPR)
    Destination Clock Delay (DCD):    4.881ns = ( 14.881 - 10.000 ) 
    Source Clock Delay      (SCD):    5.291ns
    Clock Pessimism Removal (CPR):    0.383ns
  Clock Uncertainty:      0.035ns  ((TSJ^2 + TIJ^2)^1/2 + DJ) / 2 + PE
    Total System Jitter     (TSJ):    0.071ns
    Total Input Jitter      (TIJ):    0.000ns
    Discrete Jitter          (DJ):    0.000ns
    Phase Error              (PE):    0.000ns

    Location             Delay type                Incr(ns)  Path(ns)    Netlist Resource(s)
  -------------------------------------------------------------------    -------------------
                         (clock pclk rise edge)       0.000     0.000 r  <hidden>
    F4                                                0.000     0.000 r  PCLK
                         net (fo=0)                   0.000     0.000    PCLK
    F4                   IBUF (Prop_ibuf_I_O)         1.590     1.590 r  PCLK_IBUF_inst/O
                         net (fo=1, routed)           1.967     3.557    PCLK_IBUF
    BUFGCTRL_X0Y16       BUFG (Prop_bufg_I_O)         0.096     3.653 r  PCLK_IBUF_BUFG_inst/O
                         net (fo=37, routed)          1.638     5.291    PCLK_IBUF_BUFG
    SLICE_X0Y39          FDCE                                         r  compteur_entropie_reg[6]/C
  -------------------------------------------------------------------    -------------------
    SLICE_X0Y39          FDCE (Prop_fdce_C_Q)         0.456     5.747 f  compteur_entropie_reg[6]/Q
                         net (fo=4, routed)           0.710     6.457    compteur_entropie_reg_n_0_[6]
    SLICE_X0Y39          LUT4 (Prop_lut4_I0_O)        0.124     6.581 f  compteur_entropie[7]_i_5/O
                         net (fo=5, routed)           1.396     7.977    compteur_entropie[7]_i_5_n_0
    SLICE_X0Y55          LUT5 (Prop_lut5_I4_O)        0.124     8.101 r  PRDATA[7]_i_2/O
                         net (fo=8, routed)           1.631     9.732    PRDATA[7]_i_2_n_0
    SLICE_X1Y37          LUT5 (Prop_lut5_I1_O)        0.124     9.856 r  PRDATA[4]_i_1/O
                         net (fo=1, routed)           0.000     9.856    PRDATA[4]_i_1_n_0
    SLICE_X1Y37          FDCE                                         r  PRDATA_reg[4]/D
  -------------------------------------------------------------------    -------------------

                         (clock pclk rise edge)      10.000    10.000 r  <hidden>
    F4                                                0.000    10.000 r  PCLK
                         net (fo=0)                   0.000    10.000    PCLK
    F4                   IBUF (Prop_ibuf_I_O)         1.410    11.410 r  PCLK_IBUF_inst/O
                         net (fo=1, routed)           1.862    13.272    PCLK_IBUF
    BUFGCTRL_X0Y16       BUFG (Prop_bufg_I_O)         0.091    13.363 r  PCLK_IBUF_BUFG_inst/O
                         net (fo=37, routed)          1.518    14.881    PCLK_IBUF_BUFG
    SLICE_X1Y37          FDCE                                         r  PRDATA_reg[4]/C
                         clock pessimism              0.383    15.264    <hidden>
                         clock uncertainty           -0.035    15.229    <hidden>
    SLICE_X1Y37          FDCE (Setup_fdce_C_D)        0.029    15.258    PRDATA_reg[4]
  -------------------------------------------------------------------
                         required time                         15.258    <hidden>
                         arrival time                          -9.856    <hidden>
  -------------------------------------------------------------------
                         slack                                  5.402    <hidden>

Slack (MET) :             5.408ns  (required time - arrival time)
  Source:                 compteur_entropie_reg[6]/C
                            (rising edge-triggered cell FDCE clocked by pclk  {rise@0.000ns fall@5.000ns period=10.000ns})
  Destination:            PRDATA_reg[6]/D
                            (rising edge-triggered cell FDCE clocked by pclk  {rise@0.000ns fall@5.000ns period=10.000ns})
  Path Group:             pclk
  Path Type:              Setup (Max at Slow Process Corner)
  Requirement:            10.000ns  (pclk rise@10.000ns - pclk rise@0.000ns)
  Data Path Delay:        4.561ns  (logic 0.828ns (18.154%)  route 3.733ns (81.846%))
  Logic Levels:           3  (LUT4=1 LUT5=2)
  Clock Path Skew:        -0.027ns (DCD - SCD + CPR)
    Destination Clock Delay (DCD):    4.881ns = ( 14.881 - 10.000 ) 
    Source Clock Delay      (SCD):    5.291ns
    Clock Pessimism Removal (CPR):    0.383ns
  Clock Uncertainty:      0.035ns  ((TSJ^2 + TIJ^2)^1/2 + DJ) / 2 + PE
    Total System Jitter     (TSJ):    0.071ns
    Total Input Jitter      (TIJ):    0.000ns
    Discrete Jitter          (DJ):    0.000ns
    Phase Error              (PE):    0.000ns

    Location             Delay type                Incr(ns)  Path(ns)    Netlist Resource(s)
  -------------------------------------------------------------------    -------------------
                         (clock pclk rise edge)       0.000     0.000 r  <hidden>
    F4                                                0.000     0.000 r  PCLK
                         net (fo=0)                   0.000     0.000    PCLK
    F4                   IBUF (Prop_ibuf_I_O)         1.590     1.590 r  PCLK_IBUF_inst/O
                         net (fo=1, routed)           1.967     3.557    PCLK_IBUF
    BUFGCTRL_X0Y16       BUFG (Prop_bufg_I_O)         0.096     3.653 r  PCLK_IBUF_BUFG_inst/O
                         net (fo=37, routed)          1.638     5.291    PCLK_IBUF_BUFG
    SLICE_X0Y39          FDCE                                         r  compteur_entropie_reg[6]/C
  -------------------------------------------------------------------    -------------------
    SLICE_X0Y39          FDCE (Prop_fdce_C_Q)         0.456     5.747 r  compteur_entropie_reg[6]/Q
                         net (fo=4, routed)           0.710     6.457    compteur_entropie_reg_n_0_[6]
    SLICE_X0Y39          LUT4 (Prop_lut4_I0_O)        0.124     6.581 r  compteur_entropie[7]_i_5/O
                         net (fo=5, routed)           1.396     7.977    compteur_entropie[7]_i_5_n_0
    SLICE_X0Y55          LUT5 (Prop_lut5_I4_O)        0.124     8.101 f  PRDATA[7]_i_2/O
                         net (fo=8, routed)           1.627     9.728    PRDATA[7]_i_2_n_0
    SLICE_X0Y37          LUT5 (Prop_lut5_I1_O)        0.124     9.852 r  PRDATA[6]_i_1/O
                         net (fo=1, routed)           0.000     9.852    PRDATA[6]_i_1_n_0
    SLICE_X0Y37          FDCE                                         r  PRDATA_reg[6]/D
  -------------------------------------------------------------------    -------------------

                         (clock pclk rise edge)      10.000    10.000 r  <hidden>
    F4                                                0.000    10.000 r  PCLK
                         net (fo=0)                   0.000    10.000    PCLK
    F4                   IBUF (Prop_ibuf_I_O)         1.410    11.410 r  PCLK_IBUF_inst/O
                         net (fo=1, routed)           1.862    13.272    PCLK_IBUF
    BUFGCTRL_X0Y16       BUFG (Prop_bufg_I_O)         0.091    13.363 r  PCLK_IBUF_BUFG_inst/O
                         net (fo=37, routed)          1.518    14.881    PCLK_IBUF_BUFG
    SLICE_X0Y37          FDCE                                         r  PRDATA_reg[6]/C
                         clock pessimism              0.383    15.264    <hidden>
                         clock uncertainty           -0.035    15.229    <hidden>
    SLICE_X0Y37          FDCE (Setup_fdce_C_D)        0.031    15.260    PRDATA_reg[6]
  -------------------------------------------------------------------
                         required time                         15.260    <hidden>
                         arrival time                          -9.852    <hidden>
  -------------------------------------------------------------------
                         slack                                  5.408    <hidden>

Slack (MET) :             5.477ns  (required time - arrival time)
  Source:                 compteur_entropie_reg[6]/C
                            (rising edge-triggered cell FDCE clocked by pclk  {rise@0.000ns fall@5.000ns period=10.000ns})
  Destination:            PRDATA_reg[1]/D
                            (rising edge-triggered cell FDCE clocked by pclk  {rise@0.000ns fall@5.000ns period=10.000ns})
  Path Group:             pclk
  Path Type:              Setup (Max at Slow Process Corner)
  Requirement:            10.000ns  (pclk rise@10.000ns - pclk rise@0.000ns)
  Data Path Delay:        4.492ns  (logic 0.828ns (18.432%)  route 3.664ns (81.568%))
  Logic Levels:           3  (LUT4=1 LUT5=2)
  Clock Path Skew:        -0.027ns (DCD - SCD + CPR)
    Destination Clock Delay (DCD):    4.881ns = ( 14.881 - 10.000 ) 
    Source Clock Delay      (SCD):    5.291ns
    Clock Pessimism Removal (CPR):    0.383ns
  Clock Uncertainty:      0.035ns  ((TSJ^2 + TIJ^2)^1/2 + DJ) / 2 + PE
    Total System Jitter     (TSJ):    0.071ns
    Total Input Jitter      (TIJ):    0.000ns
    Discrete Jitter          (DJ):    0.000ns
    Phase Error              (PE):    0.000ns

    Location             Delay type                Incr(ns)  Path(ns)    Netlist Resource(s)
  -------------------------------------------------------------------    -------------------
                         (clock pclk rise edge)       0.000     0.000 r  <hidden>
    F4                                                0.000     0.000 r  PCLK
                         net (fo=0)                   0.000     0.000    PCLK
    F4                   IBUF (Prop_ibuf_I_O)         1.590     1.590 r  PCLK_IBUF_inst/O
                         net (fo=1, routed)           1.967     3.557    PCLK_IBUF
    BUFGCTRL_X0Y16       BUFG (Prop_bufg_I_O)         0.096     3.653 r  PCLK_IBUF_BUFG_inst/O
                         net (fo=37, routed)          1.638     5.291    PCLK_IBUF_BUFG
    SLICE_X0Y39          FDCE                                         r  compteur_entropie_reg[6]/C
  -------------------------------------------------------------------    -------------------
    SLICE_X0Y39          FDCE (Prop_fdce_C_Q)         0.456     5.747 r  compteur_entropie_reg[6]/Q
                         net (fo=4, routed)           0.710     6.457    compteur_entropie_reg_n_0_[6]
    SLICE_X0Y39          LUT4 (Prop_lut4_I0_O)        0.124     6.581 r  compteur_entropie[7]_i_5/O
                         net (fo=5, routed)           1.396     7.977    compteur_entropie[7]_i_5_n_0
    SLICE_X0Y55          LUT5 (Prop_lut5_I4_O)        0.124     8.101 f  PRDATA[7]_i_2/O
                         net (fo=8, routed)           1.558     9.659    PRDATA[7]_i_2_n_0
    SLICE_X0Y37          LUT5 (Prop_lut5_I1_O)        0.124     9.783 r  PRDATA[1]_i_1/O
                         net (fo=1, routed)           0.000     9.783    PRDATA[1]_i_1_n_0
    SLICE_X0Y37          FDCE                                         r  PRDATA_reg[1]/D
  -------------------------------------------------------------------    -------------------

                         (clock pclk rise edge)      10.000    10.000 r  <hidden>
    F4                                                0.000    10.000 r  PCLK
                         net (fo=0)                   0.000    10.000    PCLK
    F4                   IBUF (Prop_ibuf_I_O)         1.410    11.410 r  PCLK_IBUF_inst/O
                         net (fo=1, routed)           1.862    13.272    PCLK_IBUF
    BUFGCTRL_X0Y16       BUFG (Prop_bufg_I_O)         0.091    13.363 r  PCLK_IBUF_BUFG_inst/O
                         net (fo=37, routed)          1.518    14.881    PCLK_IBUF_BUFG
    SLICE_X0Y37          FDCE                                         r  PRDATA_reg[1]/C
                         clock pessimism              0.383    15.264    <hidden>
                         clock uncertainty           -0.035    15.229    <hidden>
    SLICE_X0Y37          FDCE (Setup_fdce_C_D)        0.032    15.261    PRDATA_reg[1]
  -------------------------------------------------------------------
                         required time                         15.261    <hidden>
                         arrival time                          -9.783    <hidden>
  -------------------------------------------------------------------
                         slack                                  5.477    <hidden>

Slack (MET) :             5.617ns  (required time - arrival time)
  Source:                 compteur_entropie_reg[6]/C
                            (rising edge-triggered cell FDCE clocked by pclk  {rise@0.000ns fall@5.000ns period=10.000ns})
  Destination:            PRDATA_reg[3]/D
                            (rising edge-triggered cell FDCE clocked by pclk  {rise@0.000ns fall@5.000ns period=10.000ns})
  Path Group:             pclk
  Path Type:              Setup (Max at Slow Process Corner)
  Requirement:            10.000ns  (pclk rise@10.000ns - pclk rise@0.000ns)
  Data Path Delay:        4.352ns  (logic 0.828ns (19.027%)  route 3.524ns (80.972%))
  Logic Levels:           3  (LUT4=1 LUT5=2)
  Clock Path Skew:        -0.027ns (DCD - SCD + CPR)
    Destination Clock Delay (DCD):    4.881ns = ( 14.881 - 10.000 ) 
    Source Clock Delay      (SCD):    5.291ns
    Clock Pessimism Removal (CPR):    0.383ns
  Clock Uncertainty:      0.035ns  ((TSJ^2 + TIJ^2)^1/2 + DJ) / 2 + PE
    Total System Jitter     (TSJ):    0.071ns
    Total Input Jitter      (TIJ):    0.000ns
    Discrete Jitter          (DJ):    0.000ns
    Phase Error              (PE):    0.000ns

    Location             Delay type                Incr(ns)  Path(ns)    Netlist Resource(s)
  -------------------------------------------------------------------    -------------------
                         (clock pclk rise edge)       0.000     0.000 r  <hidden>
    F4                                                0.000     0.000 r  PCLK
                         net (fo=0)                   0.000     0.000    PCLK
    F4                   IBUF (Prop_ibuf_I_O)         1.590     1.590 r  PCLK_IBUF_inst/O
                         net (fo=1, routed)           1.967     3.557    PCLK_IBUF
    BUFGCTRL_X0Y16       BUFG (Prop_bufg_I_O)         0.096     3.653 r  PCLK_IBUF_BUFG_inst/O
                         net (fo=37, routed)          1.638     5.291    PCLK_IBUF_BUFG
    SLICE_X0Y39          FDCE                                         r  compteur_entropie_reg[6]/C
  -------------------------------------------------------------------    -------------------
    SLICE_X0Y39          FDCE (Prop_fdce_C_Q)         0.456     5.747 r  compteur_entropie_reg[6]/Q
                         net (fo=4, routed)           0.710     6.457    compteur_entropie_reg_n_0_[6]
    SLICE_X0Y39          LUT4 (Prop_lut4_I0_O)        0.124     6.581 r  compteur_entropie[7]_i_5/O
                         net (fo=5, routed)           1.396     7.977    compteur_entropie[7]_i_5_n_0
    SLICE_X0Y55          LUT5 (Prop_lut5_I4_O)        0.124     8.101 f  PRDATA[7]_i_2/O
                         net (fo=8, routed)           1.418     9.519    PRDATA[7]_i_2_n_0
    SLICE_X0Y37          LUT5 (Prop_lut5_I1_O)        0.124     9.643 r  PRDATA[3]_i_1/O
                         net (fo=1, routed)           0.000     9.643    PRDATA[3]_i_1_n_0
    SLICE_X0Y37          FDCE                                         r  PRDATA_reg[3]/D
  -------------------------------------------------------------------    -------------------

                         (clock pclk rise edge)      10.000    10.000 r  <hidden>
    F4                                                0.000    10.000 r  PCLK
                         net (fo=0)                   0.000    10.000    PCLK
    F4                   IBUF (Prop_ibuf_I_O)         1.410    11.410 r  PCLK_IBUF_inst/O
                         net (fo=1, routed)           1.862    13.272    PCLK_IBUF
    BUFGCTRL_X0Y16       BUFG (Prop_bufg_I_O)         0.091    13.363 r  PCLK_IBUF_BUFG_inst/O
                         net (fo=37, routed)          1.518    14.881    PCLK_IBUF_BUFG
    SLICE_X0Y37          FDCE                                         r  PRDATA_reg[3]/C
                         clock pessimism              0.383    15.264    <hidden>
                         clock uncertainty           -0.035    15.229    <hidden>
    SLICE_X0Y37          FDCE (Setup_fdce_C_D)        0.031    15.260    PRDATA_reg[3]
  -------------------------------------------------------------------
                         required time                         15.260    <hidden>
                         arrival time                          -9.643    <hidden>
  -------------------------------------------------------------------
                         slack                                  5.617    <hidden>

Slack (MET) :             5.619ns  (required time - arrival time)
  Source:                 compteur_entropie_reg[6]/C
                            (rising edge-triggered cell FDCE clocked by pclk  {rise@0.000ns fall@5.000ns period=10.000ns})
  Destination:            PRDATA_reg[2]/D
                            (rising edge-triggered cell FDCE clocked by pclk  {rise@0.000ns fall@5.000ns period=10.000ns})
  Path Group:             pclk
  Path Type:              Setup (Max at Slow Process Corner)
  Requirement:            10.000ns  (pclk rise@10.000ns - pclk rise@0.000ns)
  Data Path Delay:        4.348ns  (logic 0.828ns (19.045%)  route 3.520ns (80.955%))
  Logic Levels:           3  (LUT4=1 LUT5=2)
  Clock Path Skew:        -0.027ns (DCD - SCD + CPR)
    Destination Clock Delay (DCD):    4.881ns = ( 14.881 - 10.000 ) 
    Source Clock Delay      (SCD):    5.291ns
    Clock Pessimism Removal (CPR):    0.383ns
  Clock Uncertainty:      0.035ns  ((TSJ^2 + TIJ^2)^1/2 + DJ) / 2 + PE
    Total System Jitter     (TSJ):    0.071ns
    Total Input Jitter      (TIJ):    0.000ns
    Discrete Jitter          (DJ):    0.000ns
    Phase Error              (PE):    0.000ns

    Location             Delay type                Incr(ns)  Path(ns)    Netlist Resource(s)
  -------------------------------------------------------------------    -------------------
                         (clock pclk rise edge)       0.000     0.000 r  <hidden>
    F4                                                0.000     0.000 r  PCLK
                         net (fo=0)                   0.000     0.000    PCLK
    F4                   IBUF (Prop_ibuf_I_O)         1.590     1.590 r  PCLK_IBUF_inst/O
                         net (fo=1, routed)           1.967     3.557    PCLK_IBUF
    BUFGCTRL_X0Y16       BUFG (Prop_bufg_I_O)         0.096     3.653 r  PCLK_IBUF_BUFG_inst/O
                         net (fo=37, routed)          1.638     5.291    PCLK_IBUF_BUFG
    SLICE_X0Y39          FDCE                                         r  compteur_entropie_reg[6]/C
  -------------------------------------------------------------------    -------------------
    SLICE_X0Y39          FDCE (Prop_fdce_C_Q)         0.456     5.747 r  compteur_entropie_reg[6]/Q
                         net (fo=4, routed)           0.710     6.457    compteur_entropie_reg_n_0_[6]
    SLICE_X0Y39          LUT4 (Prop_lut4_I0_O)        0.124     6.581 r  compteur_entropie[7]_i_5/O
                         net (fo=5, routed)           1.396     7.977    compteur_entropie[7]_i_5_n_0
    SLICE_X0Y55          LUT5 (Prop_lut5_I4_O)        0.124     8.101 f  PRDATA[7]_i_2/O
                         net (fo=8, routed)           1.414     9.515    PRDATA[7]_i_2_n_0
    SLICE_X0Y37          LUT5 (Prop_lut5_I1_O)        0.124     9.639 r  PRDATA[2]_i_1/O
                         net (fo=1, routed)           0.000     9.639    PRDATA[2]_i_1_n_0
    SLICE_X0Y37          FDCE                                         r  PRDATA_reg[2]/D
  -------------------------------------------------------------------    -------------------

                         (clock pclk rise edge)      10.000    10.000 r  <hidden>
    F4                                                0.000    10.000 r  PCLK
                         net (fo=0)                   0.000    10.000    PCLK
    F4                   IBUF (Prop_ibuf_I_O)         1.410    11.410 r  PCLK_IBUF_inst/O
                         net (fo=1, routed)           1.862    13.272    PCLK_IBUF
    BUFGCTRL_X0Y16       BUFG (Prop_bufg_I_O)         0.091    13.363 r  PCLK_IBUF_BUFG_inst/O
                         net (fo=37, routed)          1.518    14.881    PCLK_IBUF_BUFG
    SLICE_X0Y37          FDCE                                         r  PRDATA_reg[2]/C
                         clock pessimism              0.383    15.264    <hidden>
                         clock uncertainty           -0.035    15.229    <hidden>
    SLICE_X0Y37          FDCE (Setup_fdce_C_D)        0.029    15.258    PRDATA_reg[2]
  -------------------------------------------------------------------
                         required time                         15.258    <hidden>
                         arrival time                          -9.639    <hidden>
  -------------------------------------------------------------------
                         slack                                  5.619    <hidden>

Slack (MET) :             5.737ns  (required time - arrival time)
  Source:                 compteur_entropie_reg[6]/C
                            (rising edge-triggered cell FDCE clocked by pclk  {rise@0.000ns fall@5.000ns period=10.000ns})
  Destination:            PRDATA_reg[5]/D
                            (rising edge-triggered cell FDCE clocked by pclk  {rise@0.000ns fall@5.000ns period=10.000ns})
  Path Group:             pclk
  Path Type:              Setup (Max at Slow Process Corner)
  Requirement:            10.000ns  (pclk rise@10.000ns - pclk rise@0.000ns)
  Data Path Delay:        4.230ns  (logic 0.828ns (19.573%)  route 3.402ns (80.427%))
  Logic Levels:           3  (LUT4=1 LUT5=2)
  Clock Path Skew:        -0.026ns (DCD - SCD + CPR)
    Destination Clock Delay (DCD):    4.882ns = ( 14.882 - 10.000 ) 
    Source Clock Delay      (SCD):    5.291ns
    Clock Pessimism Removal (CPR):    0.383ns
  Clock Uncertainty:      0.035ns  ((TSJ^2 + TIJ^2)^1/2 + DJ) / 2 + PE
    Total System Jitter     (TSJ):    0.071ns
    Total Input Jitter      (TIJ):    0.000ns
    Discrete Jitter          (DJ):    0.000ns
    Phase Error              (PE):    0.000ns

    Location             Delay type                Incr(ns)  Path(ns)    Netlist Resource(s)
  -------------------------------------------------------------------    -------------------
                         (clock pclk rise edge)       0.000     0.000 r  <hidden>
    F4                                                0.000     0.000 r  PCLK
                         net (fo=0)                   0.000     0.000    PCLK
    F4                   IBUF (Prop_ibuf_I_O)         1.590     1.590 r  PCLK_IBUF_inst/O
                         net (fo=1, routed)           1.967     3.557    PCLK_IBUF
    BUFGCTRL_X0Y16       BUFG (Prop_bufg_I_O)         0.096     3.653 r  PCLK_IBUF_BUFG_inst/O
                         net (fo=37, routed)          1.638     5.291    PCLK_IBUF_BUFG
    SLICE_X0Y39          FDCE                                         r  compteur_entropie_reg[6]/C
  -------------------------------------------------------------------    -------------------
    SLICE_X0Y39          FDCE (Prop_fdce_C_Q)         0.456     5.747 r  compteur_entropie_reg[6]/Q
                         net (fo=4, routed)           0.710     6.457    compteur_entropie_reg_n_0_[6]
    SLICE_X0Y39          LUT4 (Prop_lut4_I0_O)        0.124     6.581 r  compteur_entropie[7]_i_5/O
                         net (fo=5, routed)           1.396     7.977    compteur_entropie[7]_i_5_n_0
    SLICE_X0Y55          LUT5 (Prop_lut5_I4_O)        0.124     8.101 f  PRDATA[7]_i_2/O
                         net (fo=8, routed)           1.296     9.397    PRDATA[7]_i_2_n_0
    SLICE_X0Y38          LUT5 (Prop_lut5_I1_O)        0.124     9.521 r  PRDATA[5]_i_1/O
                         net (fo=1, routed)           0.000     9.521    PRDATA[5]_i_1_n_0
    SLICE_X0Y38          FDCE                                         r  PRDATA_reg[5]/D
  -------------------------------------------------------------------    -------------------

                         (clock pclk rise edge)      10.000    10.000 r  <hidden>
    F4                                                0.000    10.000 r  PCLK
                         net (fo=0)                   0.000    10.000    PCLK
    F4                   IBUF (Prop_ibuf_I_O)         1.410    11.410 r  PCLK_IBUF_inst/O
                         net (fo=1, routed)           1.862    13.272    PCLK_IBUF
    BUFGCTRL_X0Y16       BUFG (Prop_bufg_I_O)         0.091    13.363 r  PCLK_IBUF_BUFG_inst/O
                         net (fo=37, routed)          1.519    14.882    PCLK_IBUF_BUFG
    SLICE_X0Y38          FDCE                                         r  PRDATA_reg[5]/C
                         clock pessimism              0.383    15.265    <hidden>
                         clock uncertainty           -0.035    15.230    <hidden>
    SLICE_X0Y38          FDCE (Setup_fdce_C_D)        0.029    15.259    PRDATA_reg[5]
  -------------------------------------------------------------------
                         required time                         15.259    <hidden>
                         arrival time                          -9.521    <hidden>
  -------------------------------------------------------------------
                         slack                                  5.737    <hidden>

Slack (MET) :             5.747ns  (required time - arrival time)
  Source:                 compteur_entropie_reg[6]/C
                            (rising edge-triggered cell FDCE clocked by pclk  {rise@0.000ns fall@5.000ns period=10.000ns})
  Destination:            PRDATA_reg[7]/D
                            (rising edge-triggered cell FDCE clocked by pclk  {rise@0.000ns fall@5.000ns period=10.000ns})
  Path Group:             pclk
  Path Type:              Setup (Max at Slow Process Corner)
  Requirement:            10.000ns  (pclk rise@10.000ns - pclk rise@0.000ns)
  Data Path Delay:        4.222ns  (logic 0.828ns (19.609%)  route 3.394ns (80.391%))
  Logic Levels:           3  (LUT4=1 LUT5=2)
  Clock Path Skew:        -0.026ns (DCD - SCD + CPR)
    Destination Clock Delay (DCD):    4.882ns = ( 14.882 - 10.000 ) 
    Source Clock Delay      (SCD):    5.291ns
    Clock Pessimism Removal (CPR):    0.383ns
  Clock Uncertainty:      0.035ns  ((TSJ^2 + TIJ^2)^1/2 + DJ) / 2 + PE
    Total System Jitter     (TSJ):    0.071ns
    Total Input Jitter      (TIJ):    0.000ns
    Discrete Jitter          (DJ):    0.000ns
    Phase Error              (PE):    0.000ns

    Location             Delay type                Incr(ns)  Path(ns)    Netlist Resource(s)
  -------------------------------------------------------------------    -------------------
                         (clock pclk rise edge)       0.000     0.000 r  <hidden>
    F4                                                0.000     0.000 r  PCLK
                         net (fo=0)                   0.000     0.000    PCLK
    F4                   IBUF (Prop_ibuf_I_O)         1.590     1.590 r  PCLK_IBUF_inst/O
                         net (fo=1, routed)           1.967     3.557    PCLK_IBUF
    BUFGCTRL_X0Y16       BUFG (Prop_bufg_I_O)         0.096     3.653 r  PCLK_IBUF_BUFG_inst/O
                         net (fo=37, routed)          1.638     5.291    PCLK_IBUF_BUFG
    SLICE_X0Y39          FDCE                                         r  compteur_entropie_reg[6]/C
  -------------------------------------------------------------------    -------------------
    SLICE_X0Y39          FDCE (Prop_fdce_C_Q)         0.456     5.747 r  compteur_entropie_reg[6]/Q
                         net (fo=4, routed)           0.710     6.457    compteur_entropie_reg_n_0_[6]
    SLICE_X0Y39          LUT4 (Prop_lut4_I0_O)        0.124     6.581 r  compteur_entropie[7]_i_5/O
                         net (fo=5, routed)           1.396     7.977    compteur_entropie[7]_i_5_n_0
    SLICE_X0Y55          LUT5 (Prop_lut5_I4_O)        0.124     8.101 f  PRDATA[7]_i_2/O
                         net (fo=8, routed)           1.288     9.390    PRDATA[7]_i_2_n_0
    SLICE_X0Y38          LUT5 (Prop_lut5_I1_O)        0.124     9.514 r  PRDATA[7]_i_1/O
                         net (fo=1, routed)           0.000     9.514    PRDATA[7]_i_1_n_0
    SLICE_X0Y38          FDCE                                         r  PRDATA_reg[7]/D
  -------------------------------------------------------------------    -------------------

                         (clock pclk rise edge)      10.000    10.000 r  <hidden>
    F4                                                0.000    10.000 r  PCLK
                         net (fo=0)                   0.000    10.000    PCLK
    F4                   IBUF (Prop_ibuf_I_O)         1.410    11.410 r  PCLK_IBUF_inst/O
                         net (fo=1, routed)           1.862    13.272    PCLK_IBUF
    BUFGCTRL_X0Y16       BUFG (Prop_bufg_I_O)         0.091    13.363 r  PCLK_IBUF_BUFG_inst/O
                         net (fo=37, routed)          1.519    14.882    PCLK_IBUF_BUFG
    SLICE_X0Y38          FDCE                                         r  PRDATA_reg[7]/C
                         clock pessimism              0.383    15.265    <hidden>
                         clock uncertainty           -0.035    15.230    <hidden>
    SLICE_X0Y38          FDCE (Setup_fdce_C_D)        0.031    15.261    PRDATA_reg[7]
  -------------------------------------------------------------------
                         required time                         15.261    <hidden>
                         arrival time                          -9.514    <hidden>
  -------------------------------------------------------------------
                         slack                                  5.747    <hidden>

Slack (MET) :             6.460ns  (required time - arrival time)
  Source:                 compteur_entropie_reg[6]/C
                            (rising edge-triggered cell FDCE clocked by pclk  {rise@0.000ns fall@5.000ns period=10.000ns})
  Destination:            PRDATA_reg[31]_lopt_replica/D
                            (rising edge-triggered cell FDCE clocked by pclk  {rise@0.000ns fall@5.000ns period=10.000ns})
  Path Group:             pclk
  Path Type:              Setup (Max at Slow Process Corner)
  Requirement:            10.000ns  (pclk rise@10.000ns - pclk rise@0.000ns)
  Data Path Delay:        3.388ns  (logic 0.704ns (20.777%)  route 2.684ns (79.223%))
  Logic Levels:           2  (LUT4=1 LUT6=1)
  Clock Path Skew:        -0.035ns (DCD - SCD + CPR)
    Destination Clock Delay (DCD):    4.873ns = ( 14.873 - 10.000 ) 
    Source Clock Delay      (SCD):    5.291ns
    Clock Pessimism Removal (CPR):    0.383ns
  Clock Uncertainty:      0.035ns  ((TSJ^2 + TIJ^2)^1/2 + DJ) / 2 + PE
    Total System Jitter     (TSJ):    0.071ns
    Total Input Jitter      (TIJ):    0.000ns
    Discrete Jitter          (DJ):    0.000ns
    Phase Error              (PE):    0.000ns

    Location             Delay type                Incr(ns)  Path(ns)    Netlist Resource(s)
  -------------------------------------------------------------------    -------------------
                         (clock pclk rise edge)       0.000     0.000 r  <hidden>
    F4                                                0.000     0.000 r  PCLK
                         net (fo=0)                   0.000     0.000    PCLK
    F4                   IBUF (Prop_ibuf_I_O)         1.590     1.590 r  PCLK_IBUF_inst/O
                         net (fo=1, routed)           1.967     3.557    PCLK_IBUF
    BUFGCTRL_X0Y16       BUFG (Prop_bufg_I_O)         0.096     3.653 r  PCLK_IBUF_BUFG_inst/O
                         net (fo=37, routed)          1.638     5.291    PCLK_IBUF_BUFG
    SLICE_X0Y39          FDCE                                         r  compteur_entropie_reg[6]/C
  -------------------------------------------------------------------    -------------------
    SLICE_X0Y39          FDCE (Prop_fdce_C_Q)         0.456     5.747 r  compteur_entropie_reg[6]/Q
                         net (fo=4, routed)           0.710     6.457    compteur_entropie_reg_n_0_[6]
    SLICE_X0Y39          LUT4 (Prop_lut4_I0_O)        0.124     6.581 r  compteur_entropie[7]_i_5/O
                         net (fo=5, routed)           0.304     6.884    compteur_entropie[7]_i_5_n_0
    SLICE_X0Y39          LUT6 (Prop_lut6_I2_O)        0.124     7.008 r  PRDATA[31]_i_1/O
                         net (fo=18, routed)          1.671     8.679    PRDATA[31]_i_1_n_0
    SLICE_X0Y28          FDCE                                         r  PRDATA_reg[31]_lopt_replica/D
  -------------------------------------------------------------------    -------------------

                         (clock pclk rise edge)      10.000    10.000 r  <hidden>
    F4                                                0.000    10.000 r  PCLK
                         net (fo=0)                   0.000    10.000    PCLK
    F4                   IBUF (Prop_ibuf_I_O)         1.410    11.410 r  PCLK_IBUF_inst/O
                         net (fo=1, routed)           1.862    13.272    PCLK_IBUF
    BUFGCTRL_X0Y16       BUFG (Prop_bufg_I_O)         0.091    13.363 r  PCLK_IBUF_BUFG_inst/O
                         net (fo=37, routed)          1.510    14.873    PCLK_IBUF_BUFG
    SLICE_X0Y28          FDCE                                         r  PRDATA_reg[31]_lopt_replica/C
                         clock pessimism              0.383    15.256    <hidden>
                         clock uncertainty           -0.035    15.221    <hidden>
    SLICE_X0Y28          FDCE (Setup_fdce_C_D)       -0.081    15.140    PRDATA_reg[31]_lopt_replica
  -------------------------------------------------------------------
                         required time                         15.140    <hidden>
                         arrival time                          -8.679    <hidden>
  -------------------------------------------------------------------
                         slack                                  6.460    <hidden>

Slack (MET) :             6.601ns  (required time - arrival time)
  Source:                 compteur_entropie_reg[6]/C
                            (rising edge-triggered cell FDCE clocked by pclk  {rise@0.000ns fall@5.000ns period=10.000ns})
  Destination:            PRDATA_reg[31]_lopt_replica_3/D
                            (rising edge-triggered cell FDCE clocked by pclk  {rise@0.000ns fall@5.000ns period=10.000ns})
  Path Group:             pclk
  Path Type:              Setup (Max at Slow Process Corner)
  Requirement:            10.000ns  (pclk rise@10.000ns - pclk rise@0.000ns)
  Data Path Delay:        3.248ns  (logic 0.704ns (21.672%)  route 2.544ns (78.328%))
  Logic Levels:           2  (LUT4=1 LUT6=1)
  Clock Path Skew:        -0.034ns (DCD - SCD + CPR)
    Destination Clock Delay (DCD):    4.874ns = ( 14.874 - 10.000 ) 
    Source Clock Delay      (SCD):    5.291ns
    Clock Pessimism Removal (CPR):    0.383ns
  Clock Uncertainty:      0.035ns  ((TSJ^2 + TIJ^2)^1/2 + DJ) / 2 + PE
    Total System Jitter     (TSJ):    0.071ns
    Total Input Jitter      (TIJ):    0.000ns
    Discrete Jitter          (DJ):    0.000ns
    Phase Error              (PE):    0.000ns

    Location             Delay type                Incr(ns)  Path(ns)    Netlist Resource(s)
  -------------------------------------------------------------------    -------------------
                         (clock pclk rise edge)       0.000     0.000 r  <hidden>
    F4                                                0.000     0.000 r  PCLK
                         net (fo=0)                   0.000     0.000    PCLK
    F4                   IBUF (Prop_ibuf_I_O)         1.590     1.590 r  PCLK_IBUF_inst/O
                         net (fo=1, routed)           1.967     3.557    PCLK_IBUF
    BUFGCTRL_X0Y16       BUFG (Prop_bufg_I_O)         0.096     3.653 r  PCLK_IBUF_BUFG_inst/O
                         net (fo=37, routed)          1.638     5.291    PCLK_IBUF_BUFG
    SLICE_X0Y39          FDCE                                         r  compteur_entropie_reg[6]/C
  -------------------------------------------------------------------    -------------------
    SLICE_X0Y39          FDCE (Prop_fdce_C_Q)         0.456     5.747 r  compteur_entropie_reg[6]/Q
                         net (fo=4, routed)           0.710     6.457    compteur_entropie_reg_n_0_[6]
    SLICE_X0Y39          LUT4 (Prop_lut4_I0_O)        0.124     6.581 r  compteur_entropie[7]_i_5/O
                         net (fo=5, routed)           0.304     6.884    compteur_entropie[7]_i_5_n_0
    SLICE_X0Y39          LUT6 (Prop_lut6_I2_O)        0.124     7.008 r  PRDATA[31]_i_1/O
                         net (fo=18, routed)          1.531     8.540    PRDATA[31]_i_1_n_0
    SLICE_X0Y29          FDCE                                         r  PRDATA_reg[31]_lopt_replica_3/D
  -------------------------------------------------------------------    -------------------

                         (clock pclk rise edge)      10.000    10.000 r  <hidden>
    F4                                                0.000    10.000 r  PCLK
                         net (fo=0)                   0.000    10.000    PCLK
    F4                   IBUF (Prop_ibuf_I_O)         1.410    11.410 r  PCLK_IBUF_inst/O
                         net (fo=1, routed)           1.862    13.272    PCLK_IBUF
    BUFGCTRL_X0Y16       BUFG (Prop_bufg_I_O)         0.091    13.363 r  PCLK_IBUF_BUFG_inst/O
                         net (fo=37, routed)          1.511    14.874    PCLK_IBUF_BUFG
    SLICE_X0Y29          FDCE                                         r  PRDATA_reg[31]_lopt_replica_3/C
                         clock pessimism              0.383    15.257    <hidden>
                         clock uncertainty           -0.035    15.222    <hidden>
    SLICE_X0Y29          FDCE (Setup_fdce_C_D)       -0.081    15.141    PRDATA_reg[31]_lopt_replica_3
  -------------------------------------------------------------------
                         required time                         15.141    <hidden>
                         arrival time                          -8.540    <hidden>
  -------------------------------------------------------------------
                         slack                                  6.601    <hidden>





Min Delay Paths
--------------------------------------------------------------------------------------
Slack (MET) :             0.222ns  (arrival time - required time)
  Source:                 compteur_entropie_reg[6]/C
                            (rising edge-triggered cell FDCE clocked by pclk  {rise@0.000ns fall@5.000ns period=10.000ns})
  Destination:            PRDATA_reg[6]/D
                            (rising edge-triggered cell FDCE clocked by pclk  {rise@0.000ns fall@5.000ns period=10.000ns})
  Path Group:             pclk
  Path Type:              Hold (Min at Fast Process Corner)
  Requirement:            0.000ns  (pclk rise@0.000ns - pclk rise@0.000ns)
  Data Path Delay:        0.328ns  (logic 0.186ns (56.626%)  route 0.142ns (43.374%))
  Logic Levels:           1  (LUT5=1)
  Clock Path Skew:        0.014ns (DCD - SCD - CPR)
    Destination Clock Delay (DCD):    2.013ns
    Source Clock Delay      (SCD):    1.500ns
    Clock Pessimism Removal (CPR):    0.499ns

    Location             Delay type                Incr(ns)  Path(ns)    Netlist Resource(s)
  -------------------------------------------------------------------    -------------------
                         (clock pclk rise edge)       0.000     0.000 r  <hidden>
    F4                                                0.000     0.000 r  PCLK
                         net (fo=0)                   0.000     0.000    PCLK
    F4                   IBUF (Prop_ibuf_I_O)         0.248     0.248 r  PCLK_IBUF_inst/O
                         net (fo=1, routed)           0.631     0.879    PCLK_IBUF
    BUFGCTRL_X0Y16       BUFG (Prop_bufg_I_O)         0.026     0.905 r  PCLK_IBUF_BUFG_inst/O
                         net (fo=37, routed)          0.595     1.500    PCLK_IBUF_BUFG
    SLICE_X0Y39          FDCE                                         r  compteur_entropie_reg[6]/C
  -------------------------------------------------------------------    -------------------
    SLICE_X0Y39          FDCE (Prop_fdce_C_Q)         0.141     1.641 r  compteur_entropie_reg[6]/Q
                         net (fo=4, routed)           0.142     1.783    compteur_entropie_reg_n_0_[6]
    SLICE_X0Y37          LUT5 (Prop_lut5_I3_O)        0.045     1.828 r  PRDATA[6]_i_1/O
                         net (fo=1, routed)           0.000     1.828    PRDATA[6]_i_1_n_0
    SLICE_X0Y37          FDCE                                         r  PRDATA_reg[6]/D
  -------------------------------------------------------------------    -------------------

                         (clock pclk rise edge)       0.000     0.000 r  <hidden>
    F4                                                0.000     0.000 r  PCLK
                         net (fo=0)                   0.000     0.000    PCLK
    F4                   IBUF (Prop_ibuf_I_O)         0.436     0.436 r  PCLK_IBUF_inst/O
                         net (fo=1, routed)           0.685     1.121    PCLK_IBUF
    BUFGCTRL_X0Y16       BUFG (Prop_bufg_I_O)         0.029     1.150 r  PCLK_IBUF_BUFG_inst/O
                         net (fo=37, routed)          0.864     2.013    PCLK_IBUF_BUFG
    SLICE_X0Y37          FDCE                                         r  PRDATA_reg[6]/C
                         clock pessimism             -0.499     1.514    <hidden>
    SLICE_X0Y37          FDCE (Hold_fdce_C_D)         0.092     1.606    PRDATA_reg[6]
  -------------------------------------------------------------------
                         required time                         -1.606    <hidden>
                         arrival time                           1.828    <hidden>
  -------------------------------------------------------------------
                         slack                                  0.222    <hidden>

Slack (MET) :             0.241ns  (arrival time - required time)
  Source:                 compteur_entropie_reg[2]/C
                            (rising edge-triggered cell FDCE clocked by pclk  {rise@0.000ns fall@5.000ns period=10.000ns})
  Destination:            compteur_entropie_reg[4]/D
                            (rising edge-triggered cell FDCE clocked by pclk  {rise@0.000ns fall@5.000ns period=10.000ns})
  Path Group:             pclk
  Path Type:              Hold (Min at Fast Process Corner)
  Requirement:            0.000ns  (pclk rise@0.000ns - pclk rise@0.000ns)
  Data Path Delay:        0.333ns  (logic 0.186ns (55.829%)  route 0.147ns (44.171%))
  Logic Levels:           1  (LUT6=1)
  Clock Path Skew:        0.000ns (DCD - SCD - CPR)
    Destination Clock Delay (DCD):    2.015ns
    Source Clock Delay      (SCD):    1.500ns
    Clock Pessimism Removal (CPR):    0.515ns

    Location             Delay type                Incr(ns)  Path(ns)    Netlist Resource(s)
  -------------------------------------------------------------------    -------------------
                         (clock pclk rise edge)       0.000     0.000 r  <hidden>
    F4                                                0.000     0.000 r  PCLK
                         net (fo=0)                   0.000     0.000    PCLK
    F4                   IBUF (Prop_ibuf_I_O)         0.248     0.248 r  PCLK_IBUF_inst/O
                         net (fo=1, routed)           0.631     0.879    PCLK_IBUF
    BUFGCTRL_X0Y16       BUFG (Prop_bufg_I_O)         0.026     0.905 r  PCLK_IBUF_BUFG_inst/O
                         net (fo=37, routed)          0.595     1.500    PCLK_IBUF_BUFG
    SLICE_X1Y38          FDCE                                         r  compteur_entropie_reg[2]/C
  -------------------------------------------------------------------    -------------------
    SLICE_X1Y38          FDCE (Prop_fdce_C_Q)         0.141     1.641 r  compteur_entropie_reg[2]/Q
                         net (fo=6, routed)           0.147     1.788    compteur_entropie_reg_n_0_[2]
    SLICE_X1Y38          LUT6 (Prop_lut6_I1_O)        0.045     1.833 r  compteur_entropie[4]_i_1/O
                         net (fo=1, routed)           0.000     1.833    compteur_entropie[4]
    SLICE_X1Y38          FDCE                                         r  compteur_entropie_reg[4]/D
  -------------------------------------------------------------------    -------------------

                         (clock pclk rise edge)       0.000     0.000 r  <hidden>
    F4                                                0.000     0.000 r  PCLK
                         net (fo=0)                   0.000     0.000    PCLK
    F4                   IBUF (Prop_ibuf_I_O)         0.436     0.436 r  PCLK_IBUF_inst/O
                         net (fo=1, routed)           0.685     1.121    PCLK_IBUF
    BUFGCTRL_X0Y16       BUFG (Prop_bufg_I_O)         0.029     1.150 r  PCLK_IBUF_BUFG_inst/O
                         net (fo=37, routed)          0.866     2.015    PCLK_IBUF_BUFG
    SLICE_X1Y38          FDCE                                         r  compteur_entropie_reg[4]/C
                         clock pessimism             -0.515     1.500    <hidden>
    SLICE_X1Y38          FDCE (Hold_fdce_C_D)         0.092     1.592    compteur_entropie_reg[4]
  -------------------------------------------------------------------
                         required time                         -1.592    <hidden>
                         arrival time                           1.833    <hidden>
  -------------------------------------------------------------------
                         slack                                  0.241    <hidden>

Slack (MET) :             0.298ns  (arrival time - required time)
  Source:                 contradiction_reg_reg/C
                            (rising edge-triggered cell FDCE clocked by pclk  {rise@0.000ns fall@5.000ns period=10.000ns})
  Destination:            contradiction_reg_reg/D
                            (rising edge-triggered cell FDCE clocked by pclk  {rise@0.000ns fall@5.000ns period=10.000ns})
  Path Group:             pclk
  Path Type:              Hold (Min at Fast Process Corner)
  Requirement:            0.000ns  (pclk rise@0.000ns - pclk rise@0.000ns)
  Data Path Delay:        0.389ns  (logic 0.186ns (47.851%)  route 0.203ns (52.149%))
  Logic Levels:           1  (LUT6=1)
  Clock Path Skew:        0.000ns (DCD - SCD - CPR)
    Destination Clock Delay (DCD):    2.015ns
    Source Clock Delay      (SCD):    1.500ns
    Clock Pessimism Removal (CPR):    0.515ns

    Location             Delay type                Incr(ns)  Path(ns)    Netlist Resource(s)
  -------------------------------------------------------------------    -------------------
                         (clock pclk rise edge)       0.000     0.000 r  <hidden>
    F4                                                0.000     0.000 r  PCLK
                         net (fo=0)                   0.000     0.000    PCLK
    F4                   IBUF (Prop_ibuf_I_O)         0.248     0.248 r  PCLK_IBUF_inst/O
                         net (fo=1, routed)           0.631     0.879    PCLK_IBUF
    BUFGCTRL_X0Y16       BUFG (Prop_bufg_I_O)         0.026     0.905 r  PCLK_IBUF_BUFG_inst/O
                         net (fo=37, routed)          0.595     1.500    PCLK_IBUF_BUFG
    SLICE_X1Y39          FDCE                                         r  contradiction_reg_reg/C
  -------------------------------------------------------------------    -------------------
    SLICE_X1Y39          FDCE (Prop_fdce_C_Q)         0.141     1.641 r  contradiction_reg_reg/Q
                         net (fo=12, routed)          0.203     1.843    contradiction_reg
    SLICE_X1Y39          LUT6 (Prop_lut6_I5_O)        0.045     1.888 r  contradiction_reg_i_1/O
                         net (fo=1, routed)           0.000     1.888    contradiction_reg_i_1_n_0
    SLICE_X1Y39          FDCE                                         r  contradiction_reg_reg/D
  -------------------------------------------------------------------    -------------------

                         (clock pclk rise edge)       0.000     0.000 r  <hidden>
    F4                                                0.000     0.000 r  PCLK
                         net (fo=0)                   0.000     0.000    PCLK
    F4                   IBUF (Prop_ibuf_I_O)         0.436     0.436 r  PCLK_IBUF_inst/O
                         net (fo=1, routed)           0.685     1.121    PCLK_IBUF
    BUFGCTRL_X0Y16       BUFG (Prop_bufg_I_O)         0.029     1.150 r  PCLK_IBUF_BUFG_inst/O
                         net (fo=37, routed)          0.866     2.015    PCLK_IBUF_BUFG
    SLICE_X1Y39          FDCE                                         r  contradiction_reg_reg/C
                         clock pessimism             -0.515     1.500    <hidden>
    SLICE_X1Y39          FDCE (Hold_fdce_C_D)         0.091     1.591    contradiction_reg_reg
  -------------------------------------------------------------------
                         required time                         -1.591    <hidden>
                         arrival time                           1.888    <hidden>
  -------------------------------------------------------------------
                         slack                                  0.298    <hidden>

Slack (MET) :             0.299ns  (arrival time - required time)
  Source:                 contradiction_reg_reg/C
                            (rising edge-triggered cell FDCE clocked by pclk  {rise@0.000ns fall@5.000ns period=10.000ns})
  Destination:            sig_write_en_reg_reg/D
                            (rising edge-triggered cell FDPE clocked by pclk  {rise@0.000ns fall@5.000ns period=10.000ns})
  Path Group:             pclk
  Path Type:              Hold (Min at Fast Process Corner)
  Requirement:            0.000ns  (pclk rise@0.000ns - pclk rise@0.000ns)
  Data Path Delay:        0.391ns  (logic 0.186ns (47.606%)  route 0.205ns (52.394%))
  Logic Levels:           1  (LUT6=1)
  Clock Path Skew:        0.000ns (DCD - SCD - CPR)
    Destination Clock Delay (DCD):    2.015ns
    Source Clock Delay      (SCD):    1.500ns
    Clock Pessimism Removal (CPR):    0.515ns

    Location             Delay type                Incr(ns)  Path(ns)    Netlist Resource(s)
  -------------------------------------------------------------------    -------------------
                         (clock pclk rise edge)       0.000     0.000 r  <hidden>
    F4                                                0.000     0.000 r  PCLK
                         net (fo=0)                   0.000     0.000    PCLK
    F4                   IBUF (Prop_ibuf_I_O)         0.248     0.248 r  PCLK_IBUF_inst/O
                         net (fo=1, routed)           0.631     0.879    PCLK_IBUF
    BUFGCTRL_X0Y16       BUFG (Prop_bufg_I_O)         0.026     0.905 r  PCLK_IBUF_BUFG_inst/O
                         net (fo=37, routed)          0.595     1.500    PCLK_IBUF_BUFG
    SLICE_X1Y39          FDCE                                         r  contradiction_reg_reg/C
  -------------------------------------------------------------------    -------------------
    SLICE_X1Y39          FDCE (Prop_fdce_C_Q)         0.141     1.641 f  contradiction_reg_reg/Q
                         net (fo=12, routed)          0.205     1.845    contradiction_reg
    SLICE_X1Y39          LUT6 (Prop_lut6_I0_O)        0.045     1.890 r  sig_write_en_reg_i_1/O
                         net (fo=1, routed)           0.000     1.890    p_0_in
    SLICE_X1Y39          FDPE                                         r  sig_write_en_reg_reg/D
  -------------------------------------------------------------------    -------------------

                         (clock pclk rise edge)       0.000     0.000 r  <hidden>
    F4                                                0.000     0.000 r  PCLK
                         net (fo=0)                   0.000     0.000    PCLK
    F4                   IBUF (Prop_ibuf_I_O)         0.436     0.436 r  PCLK_IBUF_inst/O
                         net (fo=1, routed)           0.685     1.121    PCLK_IBUF
    BUFGCTRL_X0Y16       BUFG (Prop_bufg_I_O)         0.029     1.150 r  PCLK_IBUF_BUFG_inst/O
                         net (fo=37, routed)          0.866     2.015    PCLK_IBUF_BUFG
    SLICE_X1Y39          FDPE                                         r  sig_write_en_reg_reg/C
                         clock pessimism             -0.515     1.500    <hidden>
    SLICE_X1Y39          FDPE (Hold_fdpe_C_D)         0.092     1.592    sig_write_en_reg_reg
  -------------------------------------------------------------------
                         required time                         -1.592    <hidden>
                         arrival time                           1.890    <hidden>
  -------------------------------------------------------------------
                         slack                                  0.299    <hidden>

Slack (MET) :             0.310ns  (arrival time - required time)
  Source:                 compteur_entropie_reg[2]/C
                            (rising edge-triggered cell FDCE clocked by pclk  {rise@0.000ns fall@5.000ns period=10.000ns})
  Destination:            compteur_entropie_reg[3]/D
                            (rising edge-triggered cell FDCE clocked by pclk  {rise@0.000ns fall@5.000ns period=10.000ns})
  Path Group:             pclk
  Path Type:              Hold (Min at Fast Process Corner)
  Requirement:            0.000ns  (pclk rise@0.000ns - pclk rise@0.000ns)
  Data Path Delay:        0.417ns  (logic 0.187ns (44.827%)  route 0.230ns (55.173%))
  Logic Levels:           1  (LUT5=1)
  Clock Path Skew:        0.000ns (DCD - SCD - CPR)
    Destination Clock Delay (DCD):    2.015ns
    Source Clock Delay      (SCD):    1.500ns
    Clock Pessimism Removal (CPR):    0.515ns

    Location             Delay type                Incr(ns)  Path(ns)    Netlist Resource(s)
  -------------------------------------------------------------------    -------------------
                         (clock pclk rise edge)       0.000     0.000 r  <hidden>
    F4                                                0.000     0.000 r  PCLK
                         net (fo=0)                   0.000     0.000    PCLK
    F4                   IBUF (Prop_ibuf_I_O)         0.248     0.248 r  PCLK_IBUF_inst/O
                         net (fo=1, routed)           0.631     0.879    PCLK_IBUF
    BUFGCTRL_X0Y16       BUFG (Prop_bufg_I_O)         0.026     0.905 r  PCLK_IBUF_BUFG_inst/O
                         net (fo=37, routed)          0.595     1.500    PCLK_IBUF_BUFG
    SLICE_X1Y38          FDCE                                         r  compteur_entropie_reg[2]/C
  -------------------------------------------------------------------    -------------------
    SLICE_X1Y38          FDCE (Prop_fdce_C_Q)         0.141     1.641 r  compteur_entropie_reg[2]/Q
                         net (fo=6, routed)           0.230     1.871    compteur_entropie_reg_n_0_[2]
    SLICE_X1Y38          LUT5 (Prop_lut5_I1_O)        0.046     1.917 r  compteur_entropie[3]_i_1/O
                         net (fo=1, routed)           0.000     1.917    compteur_entropie[3]_i_1_n_0
    SLICE_X1Y38          FDCE                                         r  compteur_entropie_reg[3]/D
  -------------------------------------------------------------------    -------------------

                         (clock pclk rise edge)       0.000     0.000 r  <hidden>
    F4                                                0.000     0.000 r  PCLK
                         net (fo=0)                   0.000     0.000    PCLK
    F4                   IBUF (Prop_ibuf_I_O)         0.436     0.436 r  PCLK_IBUF_inst/O
                         net (fo=1, routed)           0.685     1.121    PCLK_IBUF
    BUFGCTRL_X0Y16       BUFG (Prop_bufg_I_O)         0.029     1.150 r  PCLK_IBUF_BUFG_inst/O
                         net (fo=37, routed)          0.866     2.015    PCLK_IBUF_BUFG
    SLICE_X1Y38          FDCE                                         r  compteur_entropie_reg[3]/C
                         clock pessimism             -0.515     1.500    <hidden>
    SLICE_X1Y38          FDCE (Hold_fdce_C_D)         0.107     1.607    compteur_entropie_reg[3]
  -------------------------------------------------------------------
                         required time                         -1.607    <hidden>
                         arrival time                           1.917    <hidden>
  -------------------------------------------------------------------
                         slack                                  0.310    <hidden>

Slack (MET) :             0.313ns  (arrival time - required time)
  Source:                 compteur_entropie_reg[5]/C
                            (rising edge-triggered cell FDCE clocked by pclk  {rise@0.000ns fall@5.000ns period=10.000ns})
  Destination:            compteur_entropie_reg[5]/D
                            (rising edge-triggered cell FDCE clocked by pclk  {rise@0.000ns fall@5.000ns period=10.000ns})
  Path Group:             pclk
  Path Type:              Hold (Min at Fast Process Corner)
  Requirement:            0.000ns  (pclk rise@0.000ns - pclk rise@0.000ns)
  Data Path Delay:        0.420ns  (logic 0.230ns (54.758%)  route 0.190ns (45.242%))
  Logic Levels:           1  (LUT3=1)
  Clock Path Skew:        0.000ns (DCD - SCD - CPR)
    Destination Clock Delay (DCD):    2.015ns
    Source Clock Delay      (SCD):    1.500ns
    Clock Pessimism Removal (CPR):    0.515ns

    Location             Delay type                Incr(ns)  Path(ns)    Netlist Resource(s)
  -------------------------------------------------------------------    -------------------
                         (clock pclk rise edge)       0.000     0.000 r  <hidden>
    F4                                                0.000     0.000 r  PCLK
                         net (fo=0)                   0.000     0.000    PCLK
    F4                   IBUF (Prop_ibuf_I_O)         0.248     0.248 r  PCLK_IBUF_inst/O
                         net (fo=1, routed)           0.631     0.879    PCLK_IBUF
    BUFGCTRL_X0Y16       BUFG (Prop_bufg_I_O)         0.026     0.905 r  PCLK_IBUF_BUFG_inst/O
                         net (fo=37, routed)          0.595     1.500    PCLK_IBUF_BUFG
    SLICE_X0Y39          FDCE                                         r  compteur_entropie_reg[5]/C
  -------------------------------------------------------------------    -------------------
    SLICE_X0Y39          FDCE (Prop_fdce_C_Q)         0.128     1.628 r  compteur_entropie_reg[5]/Q
                         net (fo=5, routed)           0.190     1.818    compteur_entropie_reg_n_0_[5]
    SLICE_X0Y39          LUT3 (Prop_lut3_I2_O)        0.102     1.920 r  compteur_entropie[5]_i_1/O
                         net (fo=1, routed)           0.000     1.920    compteur_entropie[5]
    SLICE_X0Y39          FDCE                                         r  compteur_entropie_reg[5]/D
  -------------------------------------------------------------------    -------------------

                         (clock pclk rise edge)       0.000     0.000 r  <hidden>
    F4                                                0.000     0.000 r  PCLK
                         net (fo=0)                   0.000     0.000    PCLK
    F4                   IBUF (Prop_ibuf_I_O)         0.436     0.436 r  PCLK_IBUF_inst/O
                         net (fo=1, routed)           0.685     1.121    PCLK_IBUF
    BUFGCTRL_X0Y16       BUFG (Prop_bufg_I_O)         0.029     1.150 r  PCLK_IBUF_BUFG_inst/O
                         net (fo=37, routed)          0.866     2.015    PCLK_IBUF_BUFG
    SLICE_X0Y39          FDCE                                         r  compteur_entropie_reg[5]/C
                         clock pessimism             -0.515     1.500    <hidden>
    SLICE_X0Y39          FDCE (Hold_fdce_C_D)         0.107     1.607    compteur_entropie_reg[5]
  -------------------------------------------------------------------
                         required time                         -1.607    <hidden>
                         arrival time                           1.920    <hidden>
  -------------------------------------------------------------------
                         slack                                  0.313    <hidden>

Slack (MET) :             0.315ns  (arrival time - required time)
  Source:                 compteur_entropie_reg[5]/C
                            (rising edge-triggered cell FDCE clocked by pclk  {rise@0.000ns fall@5.000ns period=10.000ns})
  Destination:            compteur_entropie_reg[7]/D
                            (rising edge-triggered cell FDCE clocked by pclk  {rise@0.000ns fall@5.000ns period=10.000ns})
  Path Group:             pclk
  Path Type:              Hold (Min at Fast Process Corner)
  Requirement:            0.000ns  (pclk rise@0.000ns - pclk rise@0.000ns)
  Data Path Delay:        0.422ns  (logic 0.231ns (54.735%)  route 0.191ns (45.265%))
  Logic Levels:           1  (LUT5=1)
  Clock Path Skew:        0.000ns (DCD - SCD - CPR)
    Destination Clock Delay (DCD):    2.015ns
    Source Clock Delay      (SCD):    1.500ns
    Clock Pessimism Removal (CPR):    0.515ns

    Location             Delay type                Incr(ns)  Path(ns)    Netlist Resource(s)
  -------------------------------------------------------------------    -------------------
                         (clock pclk rise edge)       0.000     0.000 r  <hidden>
    F4                                                0.000     0.000 r  PCLK
                         net (fo=0)                   0.000     0.000    PCLK
    F4                   IBUF (Prop_ibuf_I_O)         0.248     0.248 r  PCLK_IBUF_inst/O
                         net (fo=1, routed)           0.631     0.879    PCLK_IBUF
    BUFGCTRL_X0Y16       BUFG (Prop_bufg_I_O)         0.026     0.905 r  PCLK_IBUF_BUFG_inst/O
                         net (fo=37, routed)          0.595     1.500    PCLK_IBUF_BUFG
    SLICE_X0Y39          FDCE                                         r  compteur_entropie_reg[5]/C
  -------------------------------------------------------------------    -------------------
    SLICE_X0Y39          FDCE (Prop_fdce_C_Q)         0.128     1.628 r  compteur_entropie_reg[5]/Q
                         net (fo=5, routed)           0.191     1.819    compteur_entropie_reg_n_0_[5]
    SLICE_X0Y39          LUT5 (Prop_lut5_I2_O)        0.103     1.922 r  compteur_entropie[7]_i_2/O
                         net (fo=1, routed)           0.000     1.922    compteur_entropie[7]
    SLICE_X0Y39          FDCE                                         r  compteur_entropie_reg[7]/D
  -------------------------------------------------------------------    -------------------

                         (clock pclk rise edge)       0.000     0.000 r  <hidden>
    F4                                                0.000     0.000 r  PCLK
                         net (fo=0)                   0.000     0.000    PCLK
    F4                   IBUF (Prop_ibuf_I_O)         0.436     0.436 r  PCLK_IBUF_inst/O
                         net (fo=1, routed)           0.685     1.121    PCLK_IBUF
    BUFGCTRL_X0Y16       BUFG (Prop_bufg_I_O)         0.029     1.150 r  PCLK_IBUF_BUFG_inst/O
                         net (fo=37, routed)          0.866     2.015    PCLK_IBUF_BUFG
    SLICE_X0Y39          FDCE                                         r  compteur_entropie_reg[7]/C
                         clock pessimism             -0.515     1.500    <hidden>
    SLICE_X0Y39          FDCE (Hold_fdce_C_D)         0.107     1.607    compteur_entropie_reg[7]
  -------------------------------------------------------------------
                         required time                         -1.607    <hidden>
                         arrival time                           1.922    <hidden>
  -------------------------------------------------------------------
                         slack                                  0.315    <hidden>

Slack (MET) :             0.325ns  (arrival time - required time)
  Source:                 compteur_entropie_reg[2]/C
                            (rising edge-triggered cell FDCE clocked by pclk  {rise@0.000ns fall@5.000ns period=10.000ns})
  Destination:            compteur_entropie_reg[2]/D
                            (rising edge-triggered cell FDCE clocked by pclk  {rise@0.000ns fall@5.000ns period=10.000ns})
  Path Group:             pclk
  Path Type:              Hold (Min at Fast Process Corner)
  Requirement:            0.000ns  (pclk rise@0.000ns - pclk rise@0.000ns)
  Data Path Delay:        0.416ns  (logic 0.186ns (44.694%)  route 0.230ns (55.306%))
  Logic Levels:           1  (LUT4=1)
  Clock Path Skew:        0.000ns (DCD - SCD - CPR)
    Destination Clock Delay (DCD):    2.015ns
    Source Clock Delay      (SCD):    1.500ns
    Clock Pessimism Removal (CPR):    0.515ns

    Location             Delay type                Incr(ns)  Path(ns)    Netlist Resource(s)
  -------------------------------------------------------------------    -------------------
                         (clock pclk rise edge)       0.000     0.000 r  <hidden>
    F4                                                0.000     0.000 r  PCLK
                         net (fo=0)                   0.000     0.000    PCLK
    F4                   IBUF (Prop_ibuf_I_O)         0.248     0.248 r  PCLK_IBUF_inst/O
                         net (fo=1, routed)           0.631     0.879    PCLK_IBUF
    BUFGCTRL_X0Y16       BUFG (Prop_bufg_I_O)         0.026     0.905 r  PCLK_IBUF_BUFG_inst/O
                         net (fo=37, routed)          0.595     1.500    PCLK_IBUF_BUFG
    SLICE_X1Y38          FDCE                                         r  compteur_entropie_reg[2]/C
  -------------------------------------------------------------------    -------------------
    SLICE_X1Y38          FDCE (Prop_fdce_C_Q)         0.141     1.641 r  compteur_entropie_reg[2]/Q
                         net (fo=6, routed)           0.230     1.871    compteur_entropie_reg_n_0_[2]
    SLICE_X1Y38          LUT4 (Prop_lut4_I0_O)        0.045     1.916 r  compteur_entropie[2]_i_1/O
                         net (fo=1, routed)           0.000     1.916    compteur_entropie[2]
    SLICE_X1Y38          FDCE                                         r  compteur_entropie_reg[2]/D
  -------------------------------------------------------------------    -------------------

                         (clock pclk rise edge)       0.000     0.000 r  <hidden>
    F4                                                0.000     0.000 r  PCLK
                         net (fo=0)                   0.000     0.000    PCLK
    F4                   IBUF (Prop_ibuf_I_O)         0.436     0.436 r  PCLK_IBUF_inst/O
                         net (fo=1, routed)           0.685     1.121    PCLK_IBUF
    BUFGCTRL_X0Y16       BUFG (Prop_bufg_I_O)         0.029     1.150 r  PCLK_IBUF_BUFG_inst/O
                         net (fo=37, routed)          0.866     2.015    PCLK_IBUF_BUFG
    SLICE_X1Y38          FDCE                                         r  compteur_entropie_reg[2]/C
                         clock pessimism             -0.515     1.500    <hidden>
    SLICE_X1Y38          FDCE (Hold_fdce_C_D)         0.091     1.591    compteur_entropie_reg[2]
  -------------------------------------------------------------------
                         required time                         -1.591    <hidden>
                         arrival time                           1.916    <hidden>
  -------------------------------------------------------------------
                         slack                                  0.325    <hidden>

Slack (MET) :             0.326ns  (arrival time - required time)
  Source:                 compteur_entropie_reg[5]/C
                            (rising edge-triggered cell FDCE clocked by pclk  {rise@0.000ns fall@5.000ns period=10.000ns})
  Destination:            compteur_entropie_reg[6]/D
                            (rising edge-triggered cell FDCE clocked by pclk  {rise@0.000ns fall@5.000ns period=10.000ns})
  Path Group:             pclk
  Path Type:              Hold (Min at Fast Process Corner)
  Requirement:            0.000ns  (pclk rise@0.000ns - pclk rise@0.000ns)
  Data Path Delay:        0.418ns  (logic 0.227ns (54.302%)  route 0.191ns (45.698%))
  Logic Levels:           1  (LUT4=1)
  Clock Path Skew:        0.000ns (DCD - SCD - CPR)
    Destination Clock Delay (DCD):    2.015ns
    Source Clock Delay      (SCD):    1.500ns
    Clock Pessimism Removal (CPR):    0.515ns

    Location             Delay type                Incr(ns)  Path(ns)    Netlist Resource(s)
  -------------------------------------------------------------------    -------------------
                         (clock pclk rise edge)       0.000     0.000 r  <hidden>
    F4                                                0.000     0.000 r  PCLK
                         net (fo=0)                   0.000     0.000    PCLK
    F4                   IBUF (Prop_ibuf_I_O)         0.248     0.248 r  PCLK_IBUF_inst/O
                         net (fo=1, routed)           0.631     0.879    PCLK_IBUF
    BUFGCTRL_X0Y16       BUFG (Prop_bufg_I_O)         0.026     0.905 r  PCLK_IBUF_BUFG_inst/O
                         net (fo=37, routed)          0.595     1.500    PCLK_IBUF_BUFG
    SLICE_X0Y39          FDCE                                         r  compteur_entropie_reg[5]/C
  -------------------------------------------------------------------    -------------------
    SLICE_X0Y39          FDCE (Prop_fdce_C_Q)         0.128     1.628 r  compteur_entropie_reg[5]/Q
                         net (fo=5, routed)           0.191     1.819    compteur_entropie_reg_n_0_[5]
    SLICE_X0Y39          LUT4 (Prop_lut4_I1_O)        0.099     1.918 r  compteur_entropie[6]_i_1/O
                         net (fo=1, routed)           0.000     1.918    compteur_entropie[6]
    SLICE_X0Y39          FDCE                                         r  compteur_entropie_reg[6]/D
  -------------------------------------------------------------------    -------------------

                         (clock pclk rise edge)       0.000     0.000 r  <hidden>
    F4                                                0.000     0.000 r  PCLK
                         net (fo=0)                   0.000     0.000    PCLK
    F4                   IBUF (Prop_ibuf_I_O)         0.436     0.436 r  PCLK_IBUF_inst/O
                         net (fo=1, routed)           0.685     1.121    PCLK_IBUF
    BUFGCTRL_X0Y16       BUFG (Prop_bufg_I_O)         0.029     1.150 r  PCLK_IBUF_BUFG_inst/O
                         net (fo=37, routed)          0.866     2.015    PCLK_IBUF_BUFG
    SLICE_X0Y39          FDCE                                         r  compteur_entropie_reg[6]/C
                         clock pessimism             -0.515     1.500    <hidden>
    SLICE_X0Y39          FDCE (Hold_fdce_C_D)         0.092     1.592    compteur_entropie_reg[6]
  -------------------------------------------------------------------
                         required time                         -1.592    <hidden>
                         arrival time                           1.918    <hidden>
  -------------------------------------------------------------------
                         slack                                  0.326    <hidden>

Slack (MET) :             0.337ns  (arrival time - required time)
  Source:                 compteur_entropie_reg[0]/C
                            (rising edge-triggered cell FDCE clocked by pclk  {rise@0.000ns fall@5.000ns period=10.000ns})
  Destination:            compteur_entropie_reg[0]/D
                            (rising edge-triggered cell FDCE clocked by pclk  {rise@0.000ns fall@5.000ns period=10.000ns})
  Path Group:             pclk
  Path Type:              Hold (Min at Fast Process Corner)
  Requirement:            0.000ns  (pclk rise@0.000ns - pclk rise@0.000ns)
  Data Path Delay:        0.429ns  (logic 0.186ns (43.343%)  route 0.243ns (56.657%))
  Logic Levels:           1  (LUT1=1)
  Clock Path Skew:        0.000ns (DCD - SCD - CPR)
    Destination Clock Delay (DCD):    2.015ns
    Source Clock Delay      (SCD):    1.500ns
    Clock Pessimism Removal (CPR):    0.515ns

    Location             Delay type                Incr(ns)  Path(ns)    Netlist Resource(s)
  -------------------------------------------------------------------    -------------------
                         (clock pclk rise edge)       0.000     0.000 r  <hidden>
    F4                                                0.000     0.000 r  PCLK
                         net (fo=0)                   0.000     0.000    PCLK
    F4                   IBUF (Prop_ibuf_I_O)         0.248     0.248 r  PCLK_IBUF_inst/O
                         net (fo=1, routed)           0.631     0.879    PCLK_IBUF
    BUFGCTRL_X0Y16       BUFG (Prop_bufg_I_O)         0.026     0.905 r  PCLK_IBUF_BUFG_inst/O
                         net (fo=37, routed)          0.595     1.500    PCLK_IBUF_BUFG
    SLICE_X1Y38          FDCE                                         r  compteur_entropie_reg[0]/C
  -------------------------------------------------------------------    -------------------
    SLICE_X1Y38          FDCE (Prop_fdce_C_Q)         0.141     1.641 f  compteur_entropie_reg[0]/Q
                         net (fo=8, routed)           0.243     1.884    compteur_entropie_reg_n_0_[0]
    SLICE_X1Y38          LUT1 (Prop_lut1_I0_O)        0.045     1.929 r  compteur_entropie[0]_i_1/O
                         net (fo=1, routed)           0.000     1.929    data0[0]
    SLICE_X1Y38          FDCE                                         r  compteur_entropie_reg[0]/D
  -------------------------------------------------------------------    -------------------

                         (clock pclk rise edge)       0.000     0.000 r  <hidden>
    F4                                                0.000     0.000 r  PCLK
                         net (fo=0)                   0.000     0.000    PCLK
    F4                   IBUF (Prop_ibuf_I_O)         0.436     0.436 r  PCLK_IBUF_inst/O
                         net (fo=1, routed)           0.685     1.121    PCLK_IBUF
    BUFGCTRL_X0Y16       BUFG (Prop_bufg_I_O)         0.029     1.150 r  PCLK_IBUF_BUFG_inst/O
                         net (fo=37, routed)          0.866     2.015    PCLK_IBUF_BUFG
    SLICE_X1Y38          FDCE                                         r  compteur_entropie_reg[0]/C
                         clock pessimism             -0.515     1.500    <hidden>
    SLICE_X1Y38          FDCE (Hold_fdce_C_D)         0.092     1.592    compteur_entropie_reg[0]
  -------------------------------------------------------------------
                         required time                         -1.592    <hidden>
                         arrival time                           1.929    <hidden>
  -------------------------------------------------------------------
                         slack                                  0.337    <hidden>





Pulse Width Checks
--------------------------------------------------------------------------------------
Clock Name:         pclk
Waveform(ns):       { 0.000 5.000 }
Period(ns):         10.000
Sources:            { PCLK }

Check Type        Corner  Lib Pin  Reference Pin  Required(ns)  Actual(ns)  Slack(ns)  Location        Pin
Min Period        n/a     BUFG/I   n/a            2.155         10.000      7.845      BUFGCTRL_X0Y16  PCLK_IBUF_BUFG_inst/I
Min Period        n/a     FDCE/C   n/a            1.000         10.000      9.000      SLICE_X1Y37     PRDATA_reg[0]/C
Min Period        n/a     FDCE/C   n/a            1.000         10.000      9.000      SLICE_X0Y37     PRDATA_reg[1]/C
Min Period        n/a     FDCE/C   n/a            1.000         10.000      9.000      SLICE_X0Y37     PRDATA_reg[2]/C
Min Period        n/a     FDCE/C   n/a            1.000         10.000      9.000      SLICE_X0Y28     PRDATA_reg[31]/C
Min Period        n/a     FDCE/C   n/a            1.000         10.000      9.000      SLICE_X0Y28     PRDATA_reg[31]_lopt_replica/C
Min Period        n/a     FDCE/C   n/a            1.000         10.000      9.000      SLICE_X1Y40     PRDATA_reg[31]_lopt_replica_10/C
Min Period        n/a     FDCE/C   n/a            1.000         10.000      9.000      SLICE_X1Y40     PRDATA_reg[31]_lopt_replica_11/C
Min Period        n/a     FDCE/C   n/a            1.000         10.000      9.000      SLICE_X1Y40     PRDATA_reg[31]_lopt_replica_12/C
Min Period        n/a     FDCE/C   n/a            1.000         10.000      9.000      SLICE_X0Y40     PRDATA_reg[31]_lopt_replica_13/C
Low Pulse Width   Slow    FDCE/C   n/a            0.500         5.000       4.500      SLICE_X1Y37     PRDATA_reg[0]/C
Low Pulse Width   Fast    FDCE/C   n/a            0.500         5.000       4.500      SLICE_X1Y37     PRDATA_reg[0]/C
Low Pulse Width   Slow    FDCE/C   n/a            0.500         5.000       4.500      SLICE_X0Y37     PRDATA_reg[1]/C
Low Pulse Width   Fast    FDCE/C   n/a            0.500         5.000       4.500      SLICE_X0Y37     PRDATA_reg[1]/C
Low Pulse Width   Slow    FDCE/C   n/a            0.500         5.000       4.500      SLICE_X0Y37     PRDATA_reg[2]/C
Low Pulse Width   Fast    FDCE/C   n/a            0.500         5.000       4.500      SLICE_X0Y37     PRDATA_reg[2]/C
Low Pulse Width   Slow    FDCE/C   n/a            0.500         5.000       4.500      SLICE_X0Y28     PRDATA_reg[31]/C
Low Pulse Width   Fast    FDCE/C   n/a            0.500         5.000       4.500      SLICE_X0Y28     PRDATA_reg[31]/C
Low Pulse Width   Slow    FDCE/C   n/a            0.500         5.000       4.500      SLICE_X0Y28     PRDATA_reg[31]_lopt_replica/C
Low Pulse Width   Fast    FDCE/C   n/a            0.500         5.000       4.500      SLICE_X0Y28     PRDATA_reg[31]_lopt_replica/C
High Pulse Width  Slow    FDCE/C   n/a            0.500         5.000       4.500      SLICE_X1Y37     PRDATA_reg[0]/C
High Pulse Width  Fast    FDCE/C   n/a            0.500         5.000       4.500      SLICE_X1Y37     PRDATA_reg[0]/C
High Pulse Width  Slow    FDCE/C   n/a            0.500         5.000       4.500      SLICE_X0Y37     PRDATA_reg[1]/C
High Pulse Width  Fast    FDCE/C   n/a            0.500         5.000       4.500      SLICE_X0Y37     PRDATA_reg[1]/C
High Pulse Width  Slow    FDCE/C   n/a            0.500         5.000       4.500      SLICE_X0Y37     PRDATA_reg[2]/C
High Pulse Width  Fast    FDCE/C   n/a            0.500         5.000       4.500      SLICE_X0Y37     PRDATA_reg[2]/C
High Pulse Width  Slow    FDCE/C   n/a            0.500         5.000       4.500      SLICE_X0Y28     PRDATA_reg[31]/C
High Pulse Width  Fast    FDCE/C   n/a            0.500         5.000       4.500      SLICE_X0Y28     PRDATA_reg[31]/C
High Pulse Width  Slow    FDCE/C   n/a            0.500         5.000       4.500      SLICE_X0Y28     PRDATA_reg[31]_lopt_replica/C
High Pulse Width  Fast    FDCE/C   n/a            0.500         5.000       4.500      SLICE_X0Y28     PRDATA_reg[31]_lopt_replica/C



--------------------------------------------------------------------------------------
Path Group:  (none)
From Clock:  pclk
  To Clock:  

Max Delay            25 Endpoints
Min Delay            25 Endpoints
--------------------------------------------------------------------------------------


Max Delay Paths
--------------------------------------------------------------------------------------
Slack:                    inf
  Source:                 PRDATA_reg[0]/C
                            (rising edge-triggered cell FDCE clocked by pclk  {rise@0.000ns fall@5.000ns period=10.000ns})
  Destination:            PRDATA[0]
                            (output port)
  Path Group:             (none)
  Path Type:              Max at Slow Process Corner
  Data Path Delay:        6.458ns  (logic 4.141ns (64.129%)  route 2.316ns (35.871%))
  Logic Levels:           1  (OBUF=1)
  Clock Uncertainty:      0.025ns  ((TSJ^2 + TIJ^2)^1/2 + DJ) / 2 + PE
    Total System Jitter     (TSJ):    0.050ns
    Total Input Jitter      (TIJ):    0.000ns
    Discrete Jitter          (DJ):    0.000ns
    Phase Error              (PE):    0.000ns
  Timing Exception:       False Path

    Location             Delay type                Incr(ns)  Path(ns)    Netlist Resource(s)
  -------------------------------------------------------------------    -------------------
                         (clock pclk rise edge)       0.000     0.000 r  <hidden>
    F4                                                0.000     0.000 r  PCLK
                         net (fo=0)                   0.000     0.000    PCLK
    F4                   IBUF (Prop_ibuf_I_O)         1.590     1.590 r  PCLK_IBUF_inst/O
                         net (fo=1, routed)           1.967     3.557    PCLK_IBUF
    BUFGCTRL_X0Y16       BUFG (Prop_bufg_I_O)         0.096     3.653 r  PCLK_IBUF_BUFG_inst/O
                         net (fo=37, routed)          1.636     5.289    PCLK_IBUF_BUFG
    SLICE_X1Y37          FDCE                                         r  PRDATA_reg[0]/C
  -------------------------------------------------------------------    -------------------
    SLICE_X1Y37          FDCE (Prop_fdce_C_Q)         0.419     5.708 r  PRDATA_reg[0]/Q
                         net (fo=1, routed)           2.316     8.025    PRDATA_OBUF[0]
    V15                  OBUF (Prop_obuf_I_O)         3.722    11.747 r  PRDATA_OBUF[0]_inst/O
                         net (fo=0)                   0.000    11.747    PRDATA[0]
    V15                                                               r  PRDATA[0]
  -------------------------------------------------------------------    -------------------

Slack:                    inf
  Source:                 PRDATA_reg[2]/C
                            (rising edge-triggered cell FDCE clocked by pclk  {rise@0.000ns fall@5.000ns period=10.000ns})
  Destination:            PRDATA[2]
                            (output port)
  Path Group:             (none)
  Path Type:              Max at Slow Process Corner
  Data Path Delay:        6.333ns  (logic 3.987ns (62.959%)  route 2.346ns (37.041%))
  Logic Levels:           1  (OBUF=1)
  Clock Uncertainty:      0.025ns  ((TSJ^2 + TIJ^2)^1/2 + DJ) / 2 + PE
    Total System Jitter     (TSJ):    0.050ns
    Total Input Jitter      (TIJ):    0.000ns
    Discrete Jitter          (DJ):    0.000ns
    Phase Error              (PE):    0.000ns
  Timing Exception:       False Path

    Location             Delay type                Incr(ns)  Path(ns)    Netlist Resource(s)
  -------------------------------------------------------------------    -------------------
                         (clock pclk rise edge)       0.000     0.000 r  <hidden>
    F4                                                0.000     0.000 r  PCLK
                         net (fo=0)                   0.000     0.000    PCLK
    F4                   IBUF (Prop_ibuf_I_O)         1.590     1.590 r  PCLK_IBUF_inst/O
                         net (fo=1, routed)           1.967     3.557    PCLK_IBUF
    BUFGCTRL_X0Y16       BUFG (Prop_bufg_I_O)         0.096     3.653 r  PCLK_IBUF_BUFG_inst/O
                         net (fo=37, routed)          1.636     5.289    PCLK_IBUF_BUFG
    SLICE_X0Y37          FDCE                                         r  PRDATA_reg[2]/C
  -------------------------------------------------------------------    -------------------
    SLICE_X0Y37          FDCE (Prop_fdce_C_Q)         0.456     5.745 r  PRDATA_reg[2]/Q
                         net (fo=1, routed)           2.346     8.091    PRDATA_OBUF[2]
    R16                  OBUF (Prop_obuf_I_O)         3.531    11.622 r  PRDATA_OBUF[2]_inst/O
                         net (fo=0)                   0.000    11.622    PRDATA[2]
    R16                                                               r  PRDATA[2]
  -------------------------------------------------------------------    -------------------

Slack:                    inf
  Source:                 PRDATA_reg[1]/C
                            (rising edge-triggered cell FDCE clocked by pclk  {rise@0.000ns fall@5.000ns period=10.000ns})
  Destination:            PRDATA[1]
                            (output port)
  Path Group:             (none)
  Path Type:              Max at Slow Process Corner
  Data Path Delay:        6.306ns  (logic 3.989ns (63.261%)  route 2.317ns (36.739%))
  Logic Levels:           1  (OBUF=1)
  Clock Uncertainty:      0.025ns  ((TSJ^2 + TIJ^2)^1/2 + DJ) / 2 + PE
    Total System Jitter     (TSJ):    0.050ns
    Total Input Jitter      (TIJ):    0.000ns
    Discrete Jitter          (DJ):    0.000ns
    Phase Error              (PE):    0.000ns
  Timing Exception:       False Path

    Location             Delay type                Incr(ns)  Path(ns)    Netlist Resource(s)
  -------------------------------------------------------------------    -------------------
                         (clock pclk rise edge)       0.000     0.000 r  <hidden>
    F4                                                0.000     0.000 r  PCLK
                         net (fo=0)                   0.000     0.000    PCLK
    F4                   IBUF (Prop_ibuf_I_O)         1.590     1.590 r  PCLK_IBUF_inst/O
                         net (fo=1, routed)           1.967     3.557    PCLK_IBUF
    BUFGCTRL_X0Y16       BUFG (Prop_bufg_I_O)         0.096     3.653 r  PCLK_IBUF_BUFG_inst/O
                         net (fo=37, routed)          1.636     5.289    PCLK_IBUF_BUFG
    SLICE_X0Y37          FDCE                                         r  PRDATA_reg[1]/C
  -------------------------------------------------------------------    -------------------
    SLICE_X0Y37          FDCE (Prop_fdce_C_Q)         0.456     5.745 r  PRDATA_reg[1]/Q
                         net (fo=1, routed)           2.317     8.062    PRDATA_OBUF[1]
    T16                  OBUF (Prop_obuf_I_O)         3.533    11.595 r  PRDATA_OBUF[1]_inst/O
                         net (fo=0)                   0.000    11.595    PRDATA[1]
    T16                                                               r  PRDATA[1]
  -------------------------------------------------------------------    -------------------

Slack:                    inf
  Source:                 PRDATA_reg[3]/C
                            (rising edge-triggered cell FDCE clocked by pclk  {rise@0.000ns fall@5.000ns period=10.000ns})
  Destination:            PRDATA[3]
                            (output port)
  Path Group:             (none)
  Path Type:              Max at Slow Process Corner
  Data Path Delay:        6.303ns  (logic 3.992ns (63.337%)  route 2.311ns (36.663%))
  Logic Levels:           1  (OBUF=1)
  Clock Uncertainty:      0.025ns  ((TSJ^2 + TIJ^2)^1/2 + DJ) / 2 + PE
    Total System Jitter     (TSJ):    0.050ns
    Total Input Jitter      (TIJ):    0.000ns
    Discrete Jitter          (DJ):    0.000ns
    Phase Error              (PE):    0.000ns
  Timing Exception:       False Path

    Location             Delay type                Incr(ns)  Path(ns)    Netlist Resource(s)
  -------------------------------------------------------------------    -------------------
                         (clock pclk rise edge)       0.000     0.000 r  <hidden>
    F4                                                0.000     0.000 r  PCLK
                         net (fo=0)                   0.000     0.000    PCLK
    F4                   IBUF (Prop_ibuf_I_O)         1.590     1.590 r  PCLK_IBUF_inst/O
                         net (fo=1, routed)           1.967     3.557    PCLK_IBUF
    BUFGCTRL_X0Y16       BUFG (Prop_bufg_I_O)         0.096     3.653 r  PCLK_IBUF_BUFG_inst/O
                         net (fo=37, routed)          1.636     5.289    PCLK_IBUF_BUFG
    SLICE_X0Y37          FDCE                                         r  PRDATA_reg[3]/C
  -------------------------------------------------------------------    -------------------
    SLICE_X0Y37          FDCE (Prop_fdce_C_Q)         0.456     5.745 r  PRDATA_reg[3]/Q
                         net (fo=1, routed)           2.311     8.056    PRDATA_OBUF[3]
    T15                  OBUF (Prop_obuf_I_O)         3.536    11.592 r  PRDATA_OBUF[3]_inst/O
                         net (fo=0)                   0.000    11.592    PRDATA[3]
    T15                                                               r  PRDATA[3]
  -------------------------------------------------------------------    -------------------

Slack:                    inf
  Source:                 PRDATA_reg[4]/C
                            (rising edge-triggered cell FDCE clocked by pclk  {rise@0.000ns fall@5.000ns period=10.000ns})
  Destination:            PRDATA[4]
                            (output port)
  Path Group:             (none)
  Path Type:              Max at Slow Process Corner
  Data Path Delay:        6.165ns  (logic 3.993ns (64.767%)  route 2.172ns (35.233%))
  Logic Levels:           1  (OBUF=1)
  Clock Uncertainty:      0.025ns  ((TSJ^2 + TIJ^2)^1/2 + DJ) / 2 + PE
    Total System Jitter     (TSJ):    0.050ns
    Total Input Jitter      (TIJ):    0.000ns
    Discrete Jitter          (DJ):    0.000ns
    Phase Error              (PE):    0.000ns
  Timing Exception:       False Path

    Location             Delay type                Incr(ns)  Path(ns)    Netlist Resource(s)
  -------------------------------------------------------------------    -------------------
                         (clock pclk rise edge)       0.000     0.000 r  <hidden>
    F4                                                0.000     0.000 r  PCLK
                         net (fo=0)                   0.000     0.000    PCLK
    F4                   IBUF (Prop_ibuf_I_O)         1.590     1.590 r  PCLK_IBUF_inst/O
                         net (fo=1, routed)           1.967     3.557    PCLK_IBUF
    BUFGCTRL_X0Y16       BUFG (Prop_bufg_I_O)         0.096     3.653 r  PCLK_IBUF_BUFG_inst/O
                         net (fo=37, routed)          1.636     5.289    PCLK_IBUF_BUFG
    SLICE_X1Y37          FDCE                                         r  PRDATA_reg[4]/C
  -------------------------------------------------------------------    -------------------
    SLICE_X1Y37          FDCE (Prop_fdce_C_Q)         0.456     5.745 r  PRDATA_reg[4]/Q
                         net (fo=1, routed)           2.172     7.917    PRDATA_OBUF[4]
    T14                  OBUF (Prop_obuf_I_O)         3.537    11.454 r  PRDATA_OBUF[4]_inst/O
                         net (fo=0)                   0.000    11.454    PRDATA[4]
    T14                                                               r  PRDATA[4]
  -------------------------------------------------------------------    -------------------

Slack:                    inf
  Source:                 PRDATA_reg[5]/C
                            (rising edge-triggered cell FDCE clocked by pclk  {rise@0.000ns fall@5.000ns period=10.000ns})
  Destination:            PRDATA[5]
                            (output port)
  Path Group:             (none)
  Path Type:              Max at Slow Process Corner
  Data Path Delay:        6.155ns  (logic 3.980ns (64.652%)  route 2.176ns (35.348%))
  Logic Levels:           1  (OBUF=1)
  Clock Uncertainty:      0.025ns  ((TSJ^2 + TIJ^2)^1/2 + DJ) / 2 + PE
    Total System Jitter     (TSJ):    0.050ns
    Total Input Jitter      (TIJ):    0.000ns
    Discrete Jitter          (DJ):    0.000ns
    Phase Error              (PE):    0.000ns
  Timing Exception:       False Path

    Location             Delay type                Incr(ns)  Path(ns)    Netlist Resource(s)
  -------------------------------------------------------------------    -------------------
                         (clock pclk rise edge)       0.000     0.000 r  <hidden>
    F4                                                0.000     0.000 r  PCLK
                         net (fo=0)                   0.000     0.000    PCLK
    F4                   IBUF (Prop_ibuf_I_O)         1.590     1.590 r  PCLK_IBUF_inst/O
                         net (fo=1, routed)           1.967     3.557    PCLK_IBUF
    BUFGCTRL_X0Y16       BUFG (Prop_bufg_I_O)         0.096     3.653 r  PCLK_IBUF_BUFG_inst/O
                         net (fo=37, routed)          1.637     5.290    PCLK_IBUF_BUFG
    SLICE_X0Y38          FDCE                                         r  PRDATA_reg[5]/C
  -------------------------------------------------------------------    -------------------
    SLICE_X0Y38          FDCE (Prop_fdce_C_Q)         0.456     5.746 r  PRDATA_reg[5]/Q
                         net (fo=1, routed)           2.176     7.922    PRDATA_OBUF[5]
    R15                  OBUF (Prop_obuf_I_O)         3.524    11.445 r  PRDATA_OBUF[5]_inst/O
                         net (fo=0)                   0.000    11.445    PRDATA[5]
    R15                                                               r  PRDATA[5]
  -------------------------------------------------------------------    -------------------

Slack:                    inf
  Source:                 PRDATA_reg[7]/C
                            (rising edge-triggered cell FDCE clocked by pclk  {rise@0.000ns fall@5.000ns period=10.000ns})
  Destination:            PRDATA[7]
                            (output port)
  Path Group:             (none)
  Path Type:              Max at Slow Process Corner
  Data Path Delay:        6.085ns  (logic 3.985ns (65.491%)  route 2.100ns (34.509%))
  Logic Levels:           1  (OBUF=1)
  Clock Uncertainty:      0.025ns  ((TSJ^2 + TIJ^2)^1/2 + DJ) / 2 + PE
    Total System Jitter     (TSJ):    0.050ns
    Total Input Jitter      (TIJ):    0.000ns
    Discrete Jitter          (DJ):    0.000ns
    Phase Error              (PE):    0.000ns
  Timing Exception:       False Path

    Location             Delay type                Incr(ns)  Path(ns)    Netlist Resource(s)
  -------------------------------------------------------------------    -------------------
                         (clock pclk rise edge)       0.000     0.000 r  <hidden>
    F4                                                0.000     0.000 r  PCLK
                         net (fo=0)                   0.000     0.000    PCLK
    F4                   IBUF (Prop_ibuf_I_O)         1.590     1.590 r  PCLK_IBUF_inst/O
                         net (fo=1, routed)           1.967     3.557    PCLK_IBUF
    BUFGCTRL_X0Y16       BUFG (Prop_bufg_I_O)         0.096     3.653 r  PCLK_IBUF_BUFG_inst/O
                         net (fo=37, routed)          1.637     5.290    PCLK_IBUF_BUFG
    SLICE_X0Y38          FDCE                                         r  PRDATA_reg[7]/C
  -------------------------------------------------------------------    -------------------
    SLICE_X0Y38          FDCE (Prop_fdce_C_Q)         0.456     5.746 r  PRDATA_reg[7]/Q
                         net (fo=1, routed)           2.100     7.846    PRDATA_OBUF[7]
    R17                  OBUF (Prop_obuf_I_O)         3.529    11.375 r  PRDATA_OBUF[7]_inst/O
                         net (fo=0)                   0.000    11.375    PRDATA[7]
    R17                                                               r  PRDATA[7]
  -------------------------------------------------------------------    -------------------

Slack:                    inf
  Source:                 PRDATA_reg[6]/C
                            (rising edge-triggered cell FDCE clocked by pclk  {rise@0.000ns fall@5.000ns period=10.000ns})
  Destination:            PRDATA[6]
                            (output port)
  Path Group:             (none)
  Path Type:              Max at Slow Process Corner
  Data Path Delay:        6.083ns  (logic 3.974ns (65.330%)  route 2.109ns (34.670%))
  Logic Levels:           1  (OBUF=1)
  Clock Uncertainty:      0.025ns  ((TSJ^2 + TIJ^2)^1/2 + DJ) / 2 + PE
    Total System Jitter     (TSJ):    0.050ns
    Total Input Jitter      (TIJ):    0.000ns
    Discrete Jitter          (DJ):    0.000ns
    Phase Error              (PE):    0.000ns
  Timing Exception:       False Path

    Location             Delay type                Incr(ns)  Path(ns)    Netlist Resource(s)
  -------------------------------------------------------------------    -------------------
                         (clock pclk rise edge)       0.000     0.000 r  <hidden>
    F4                                                0.000     0.000 r  PCLK
                         net (fo=0)                   0.000     0.000    PCLK
    F4                   IBUF (Prop_ibuf_I_O)         1.590     1.590 r  PCLK_IBUF_inst/O
                         net (fo=1, routed)           1.967     3.557    PCLK_IBUF
    BUFGCTRL_X0Y16       BUFG (Prop_bufg_I_O)         0.096     3.653 r  PCLK_IBUF_BUFG_inst/O
                         net (fo=37, routed)          1.636     5.289    PCLK_IBUF_BUFG
    SLICE_X0Y37          FDCE                                         r  PRDATA_reg[6]/C
  -------------------------------------------------------------------    -------------------
    SLICE_X0Y37          FDCE (Prop_fdce_C_Q)         0.456     5.745 r  PRDATA_reg[6]/Q
                         net (fo=1, routed)           2.109     7.854    PRDATA_OBUF[6]
    P15                  OBUF (Prop_obuf_I_O)         3.518    11.372 r  PRDATA_OBUF[6]_inst/O
                         net (fo=0)                   0.000    11.372    PRDATA[6]
    P15                                                               r  PRDATA[6]
  -------------------------------------------------------------------    -------------------

Slack:                    inf
  Source:                 PRDATA_reg[31]_lopt_replica_16/C
                            (rising edge-triggered cell FDCE clocked by pclk  {rise@0.000ns fall@5.000ns period=10.000ns})
  Destination:            PRDATA[31]
                            (output port)
  Path Group:             (none)
  Path Type:              Max at Slow Process Corner
  Data Path Delay:        6.051ns  (logic 3.999ns (66.090%)  route 2.052ns (33.910%))
  Logic Levels:           1  (OBUF=1)
  Clock Uncertainty:      0.025ns  ((TSJ^2 + TIJ^2)^1/2 + DJ) / 2 + PE
    Total System Jitter     (TSJ):    0.050ns
    Total Input Jitter      (TIJ):    0.000ns
    Discrete Jitter          (DJ):    0.000ns
    Phase Error              (PE):    0.000ns
  Timing Exception:       False Path

    Location             Delay type                Incr(ns)  Path(ns)    Netlist Resource(s)
  -------------------------------------------------------------------    -------------------
                         (clock pclk rise edge)       0.000     0.000 r  <hidden>
    F4                                                0.000     0.000 r  PCLK
                         net (fo=0)                   0.000     0.000    PCLK
    F4                   IBUF (Prop_ibuf_I_O)         1.590     1.590 r  PCLK_IBUF_inst/O
                         net (fo=1, routed)           1.967     3.557    PCLK_IBUF
    BUFGCTRL_X0Y16       BUFG (Prop_bufg_I_O)         0.096     3.653 r  PCLK_IBUF_BUFG_inst/O
                         net (fo=37, routed)          1.638     5.291    PCLK_IBUF_BUFG
    SLICE_X0Y40          FDCE                                         r  PRDATA_reg[31]_lopt_replica_16/C
  -------------------------------------------------------------------    -------------------
    SLICE_X0Y40          FDCE (Prop_fdce_C_Q)         0.456     5.747 r  PRDATA_reg[31]_lopt_replica_16/Q
                         net (fo=1, routed)           2.052     7.799    PRDATA_reg[31]_lopt_replica_16_1
    R11                  OBUF (Prop_obuf_I_O)         3.543    11.342 r  PRDATA_OBUF[31]_inst/O
                         net (fo=0)                   0.000    11.342    PRDATA[31]
    R11                                                               r  PRDATA[31]
  -------------------------------------------------------------------    -------------------

Slack:                    inf
  Source:                 PRDATA_reg[31]_lopt_replica_15/C
                            (rising edge-triggered cell FDCE clocked by pclk  {rise@0.000ns fall@5.000ns period=10.000ns})
  Destination:            PRDATA[30]
                            (output port)
  Path Group:             (none)
  Path Type:              Max at Slow Process Corner
  Data Path Delay:        6.007ns  (logic 3.994ns (66.481%)  route 2.013ns (33.519%))
  Logic Levels:           1  (OBUF=1)
  Clock Uncertainty:      0.025ns  ((TSJ^2 + TIJ^2)^1/2 + DJ) / 2 + PE
    Total System Jitter     (TSJ):    0.050ns
    Total Input Jitter      (TIJ):    0.000ns
    Discrete Jitter          (DJ):    0.000ns
    Phase Error              (PE):    0.000ns
  Timing Exception:       False Path

    Location             Delay type                Incr(ns)  Path(ns)    Netlist Resource(s)
  -------------------------------------------------------------------    -------------------
                         (clock pclk rise edge)       0.000     0.000 r  <hidden>
    F4                                                0.000     0.000 r  PCLK
                         net (fo=0)                   0.000     0.000    PCLK
    F4                   IBUF (Prop_ibuf_I_O)         1.590     1.590 r  PCLK_IBUF_inst/O
                         net (fo=1, routed)           1.967     3.557    PCLK_IBUF
    BUFGCTRL_X0Y16       BUFG (Prop_bufg_I_O)         0.096     3.653 r  PCLK_IBUF_BUFG_inst/O
                         net (fo=37, routed)          1.638     5.291    PCLK_IBUF_BUFG
    SLICE_X0Y40          FDCE                                         r  PRDATA_reg[31]_lopt_replica_15/C
  -------------------------------------------------------------------    -------------------
    SLICE_X0Y40          FDCE (Prop_fdce_C_Q)         0.456     5.747 r  PRDATA_reg[31]_lopt_replica_15/Q
                         net (fo=1, routed)           2.013     7.761    PRDATA_reg[31]_lopt_replica_15_1
    K17                  OBUF (Prop_obuf_I_O)         3.538    11.298 r  PRDATA_OBUF[30]_inst/O
                         net (fo=0)                   0.000    11.298    PRDATA[30]
    K17                                                               r  PRDATA[30]
  -------------------------------------------------------------------    -------------------





Min Delay Paths
--------------------------------------------------------------------------------------
Slack:                    inf
  Source:                 PRDATA_reg[31]_lopt_replica_2/C
                            (rising edge-triggered cell FDCE clocked by pclk  {rise@0.000ns fall@5.000ns period=10.000ns})
  Destination:            PRDATA[11]
                            (output port)
  Path Group:             (none)
  Path Type:              Min at Fast Process Corner
  Data Path Delay:        1.647ns  (logic 1.361ns (82.632%)  route 0.286ns (17.368%))
  Logic Levels:           1  (OBUF=1)
  Clock Uncertainty:      0.025ns  ((TSJ^2 + TIJ^2)^1/2 + DJ) / 2 + PE
    Total System Jitter     (TSJ):    0.050ns
    Total Input Jitter      (TIJ):    0.000ns
    Discrete Jitter          (DJ):    0.000ns
    Phase Error              (PE):    0.000ns
  Timing Exception:       False Path

    Location             Delay type                Incr(ns)  Path(ns)    Netlist Resource(s)
  -------------------------------------------------------------------    -------------------
                         (clock pclk rise edge)       0.000     0.000 r  <hidden>
    F4                                                0.000     0.000 r  PCLK
                         net (fo=0)                   0.000     0.000    PCLK
    F4                   IBUF (Prop_ibuf_I_O)         0.248     0.248 r  PCLK_IBUF_inst/O
                         net (fo=1, routed)           0.631     0.879    PCLK_IBUF
    BUFGCTRL_X0Y16       BUFG (Prop_bufg_I_O)         0.026     0.905 r  PCLK_IBUF_BUFG_inst/O
                         net (fo=37, routed)          0.588     1.493    PCLK_IBUF_BUFG
    SLICE_X0Y29          FDCE                                         r  PRDATA_reg[31]_lopt_replica_2/C
  -------------------------------------------------------------------    -------------------
    SLICE_X0Y29          FDCE (Prop_fdce_C_Q)         0.141     1.634 r  PRDATA_reg[31]_lopt_replica_2/Q
                         net (fo=1, routed)           0.286     1.920    PRDATA_reg[31]_lopt_replica_2_1
    M17                  OBUF (Prop_obuf_I_O)         1.220     3.140 r  PRDATA_OBUF[11]_inst/O
                         net (fo=0)                   0.000     3.140    PRDATA[11]
    M17                                                               r  PRDATA[11]
  -------------------------------------------------------------------    -------------------

Slack:                    inf
  Source:                 PRDATA_reg[31]_lopt_replica_4/C
                            (rising edge-triggered cell FDCE clocked by pclk  {rise@0.000ns fall@5.000ns period=10.000ns})
  Destination:            PRDATA[13]
                            (output port)
  Path Group:             (none)
  Path Type:              Min at Fast Process Corner
  Data Path Delay:        1.659ns  (logic 1.373ns (82.759%)  route 0.286ns (17.241%))
  Logic Levels:           1  (OBUF=1)
  Clock Uncertainty:      0.025ns  ((TSJ^2 + TIJ^2)^1/2 + DJ) / 2 + PE
    Total System Jitter     (TSJ):    0.050ns
    Total Input Jitter      (TIJ):    0.000ns
    Discrete Jitter          (DJ):    0.000ns
    Phase Error              (PE):    0.000ns
  Timing Exception:       False Path

    Location             Delay type                Incr(ns)  Path(ns)    Netlist Resource(s)
  -------------------------------------------------------------------    -------------------
                         (clock pclk rise edge)       0.000     0.000 r  <hidden>
    F4                                                0.000     0.000 r  PCLK
                         net (fo=0)                   0.000     0.000    PCLK
    F4                   IBUF (Prop_ibuf_I_O)         0.248     0.248 r  PCLK_IBUF_inst/O
                         net (fo=1, routed)           0.631     0.879    PCLK_IBUF
    BUFGCTRL_X0Y16       BUFG (Prop_bufg_I_O)         0.026     0.905 r  PCLK_IBUF_BUFG_inst/O
                         net (fo=37, routed)          0.590     1.495    PCLK_IBUF_BUFG
    SLICE_X0Y31          FDCE                                         r  PRDATA_reg[31]_lopt_replica_4/C
  -------------------------------------------------------------------    -------------------
    SLICE_X0Y31          FDCE (Prop_fdce_C_Q)         0.141     1.636 r  PRDATA_reg[31]_lopt_replica_4/Q
                         net (fo=1, routed)           0.286     1.922    PRDATA_reg[31]_lopt_replica_4_1
    P18                  OBUF (Prop_obuf_I_O)         1.232     3.154 r  PRDATA_OBUF[13]_inst/O
                         net (fo=0)                   0.000     3.154    PRDATA[13]
    P18                                                               r  PRDATA[13]
  -------------------------------------------------------------------    -------------------

Slack:                    inf
  Source:                 PRDATA_reg[31]_lopt_replica_5/C
                            (rising edge-triggered cell FDCE clocked by pclk  {rise@0.000ns fall@5.000ns period=10.000ns})
  Destination:            PRDATA[15]
                            (output port)
  Path Group:             (none)
  Path Type:              Min at Fast Process Corner
  Data Path Delay:        1.663ns  (logic 1.377ns (82.794%)  route 0.286ns (17.206%))
  Logic Levels:           1  (OBUF=1)
  Clock Uncertainty:      0.025ns  ((TSJ^2 + TIJ^2)^1/2 + DJ) / 2 + PE
    Total System Jitter     (TSJ):    0.050ns
    Total Input Jitter      (TIJ):    0.000ns
    Discrete Jitter          (DJ):    0.000ns
    Phase Error              (PE):    0.000ns
  Timing Exception:       False Path

    Location             Delay type                Incr(ns)  Path(ns)    Netlist Resource(s)
  -------------------------------------------------------------------    -------------------
                         (clock pclk rise edge)       0.000     0.000 r  <hidden>
    F4                                                0.000     0.000 r  PCLK
                         net (fo=0)                   0.000     0.000    PCLK
    F4                   IBUF (Prop_ibuf_I_O)         0.248     0.248 r  PCLK_IBUF_inst/O
                         net (fo=1, routed)           0.631     0.879    PCLK_IBUF
    BUFGCTRL_X0Y16       BUFG (Prop_bufg_I_O)         0.026     0.905 r  PCLK_IBUF_BUFG_inst/O
                         net (fo=37, routed)          0.592     1.497    PCLK_IBUF_BUFG
    SLICE_X0Y33          FDCE                                         r  PRDATA_reg[31]_lopt_replica_5/C
  -------------------------------------------------------------------    -------------------
    SLICE_X0Y33          FDCE (Prop_fdce_C_Q)         0.141     1.638 r  PRDATA_reg[31]_lopt_replica_5/Q
                         net (fo=1, routed)           0.286     1.924    PRDATA_reg[31]_lopt_replica_5_1
    P14                  OBUF (Prop_obuf_I_O)         1.236     3.160 r  PRDATA_OBUF[15]_inst/O
                         net (fo=0)                   0.000     3.160    PRDATA[15]
    P14                                                               r  PRDATA[15]
  -------------------------------------------------------------------    -------------------

Slack:                    inf
  Source:                 PRDATA_reg[31]_lopt_replica_3/C
                            (rising edge-triggered cell FDCE clocked by pclk  {rise@0.000ns fall@5.000ns period=10.000ns})
  Destination:            PRDATA[12]
                            (output port)
  Path Group:             (none)
  Path Type:              Min at Fast Process Corner
  Data Path Delay:        1.687ns  (logic 1.360ns (80.623%)  route 0.327ns (19.377%))
  Logic Levels:           1  (OBUF=1)
  Clock Uncertainty:      0.025ns  ((TSJ^2 + TIJ^2)^1/2 + DJ) / 2 + PE
    Total System Jitter     (TSJ):    0.050ns
    Total Input Jitter      (TIJ):    0.000ns
    Discrete Jitter          (DJ):    0.000ns
    Phase Error              (PE):    0.000ns
  Timing Exception:       False Path

    Location             Delay type                Incr(ns)  Path(ns)    Netlist Resource(s)
  -------------------------------------------------------------------    -------------------
                         (clock pclk rise edge)       0.000     0.000 r  <hidden>
    F4                                                0.000     0.000 r  PCLK
                         net (fo=0)                   0.000     0.000    PCLK
    F4                   IBUF (Prop_ibuf_I_O)         0.248     0.248 r  PCLK_IBUF_inst/O
                         net (fo=1, routed)           0.631     0.879    PCLK_IBUF
    BUFGCTRL_X0Y16       BUFG (Prop_bufg_I_O)         0.026     0.905 r  PCLK_IBUF_BUFG_inst/O
                         net (fo=37, routed)          0.588     1.493    PCLK_IBUF_BUFG
    SLICE_X0Y29          FDCE                                         r  PRDATA_reg[31]_lopt_replica_3/C
  -------------------------------------------------------------------    -------------------
    SLICE_X0Y29          FDCE (Prop_fdce_C_Q)         0.141     1.634 r  PRDATA_reg[31]_lopt_replica_3/Q
                         net (fo=1, routed)           0.327     1.961    PRDATA_reg[31]_lopt_replica_3_1
    M16                  OBUF (Prop_obuf_I_O)         1.219     3.179 r  PRDATA_OBUF[12]_inst/O
                         net (fo=0)                   0.000     3.179    PRDATA[12]
    M16                                                               r  PRDATA[12]
  -------------------------------------------------------------------    -------------------

Slack:                    inf
  Source:                 PRDATA_reg[31]_lopt_replica_6/C
                            (rising edge-triggered cell FDCE clocked by pclk  {rise@0.000ns fall@5.000ns period=10.000ns})
  Destination:            PRDATA[16]
                            (output port)
  Path Group:             (none)
  Path Type:              Min at Fast Process Corner
  Data Path Delay:        1.695ns  (logic 1.368ns (80.719%)  route 0.327ns (19.281%))
  Logic Levels:           1  (OBUF=1)
  Clock Uncertainty:      0.025ns  ((TSJ^2 + TIJ^2)^1/2 + DJ) / 2 + PE
    Total System Jitter     (TSJ):    0.050ns
    Total Input Jitter      (TIJ):    0.000ns
    Discrete Jitter          (DJ):    0.000ns
    Phase Error              (PE):    0.000ns
  Timing Exception:       False Path

    Location             Delay type                Incr(ns)  Path(ns)    Netlist Resource(s)
  -------------------------------------------------------------------    -------------------
                         (clock pclk rise edge)       0.000     0.000 r  <hidden>
    F4                                                0.000     0.000 r  PCLK
                         net (fo=0)                   0.000     0.000    PCLK
    F4                   IBUF (Prop_ibuf_I_O)         0.248     0.248 r  PCLK_IBUF_inst/O
                         net (fo=1, routed)           0.631     0.879    PCLK_IBUF
    BUFGCTRL_X0Y16       BUFG (Prop_bufg_I_O)         0.026     0.905 r  PCLK_IBUF_BUFG_inst/O
                         net (fo=37, routed)          0.592     1.497    PCLK_IBUF_BUFG
    SLICE_X0Y33          FDCE                                         r  PRDATA_reg[31]_lopt_replica_6/C
  -------------------------------------------------------------------    -------------------
    SLICE_X0Y33          FDCE (Prop_fdce_C_Q)         0.141     1.638 r  PRDATA_reg[31]_lopt_replica_6/Q
                         net (fo=1, routed)           0.327     1.965    PRDATA_reg[31]_lopt_replica_6_1
    N14                  OBUF (Prop_obuf_I_O)         1.227     3.192 r  PRDATA_OBUF[16]_inst/O
                         net (fo=0)                   0.000     3.192    PRDATA[16]
    N14                                                               r  PRDATA[16]
  -------------------------------------------------------------------    -------------------

Slack:                    inf
  Source:                 PRDATA_reg[31]_lopt_replica_17/C
                            (rising edge-triggered cell FDCE clocked by pclk  {rise@0.000ns fall@5.000ns period=10.000ns})
  Destination:            PRDATA[9]
                            (output port)
  Path Group:             (none)
  Path Type:              Min at Fast Process Corner
  Data Path Delay:        1.700ns  (logic 1.373ns (80.720%)  route 0.328ns (19.280%))
  Logic Levels:           1  (OBUF=1)
  Clock Uncertainty:      0.025ns  ((TSJ^2 + TIJ^2)^1/2 + DJ) / 2 + PE
    Total System Jitter     (TSJ):    0.050ns
    Total Input Jitter      (TIJ):    0.000ns
    Discrete Jitter          (DJ):    0.000ns
    Phase Error              (PE):    0.000ns
  Timing Exception:       False Path

    Location             Delay type                Incr(ns)  Path(ns)    Netlist Resource(s)
  -------------------------------------------------------------------    -------------------
                         (clock pclk rise edge)       0.000     0.000 r  <hidden>
    F4                                                0.000     0.000 r  PCLK
                         net (fo=0)                   0.000     0.000    PCLK
    F4                   IBUF (Prop_ibuf_I_O)         0.248     0.248 r  PCLK_IBUF_inst/O
                         net (fo=1, routed)           0.631     0.879    PCLK_IBUF
    BUFGCTRL_X0Y16       BUFG (Prop_bufg_I_O)         0.026     0.905 r  PCLK_IBUF_BUFG_inst/O
                         net (fo=37, routed)          0.587     1.492    PCLK_IBUF_BUFG
    SLICE_X0Y28          FDCE                                         r  PRDATA_reg[31]_lopt_replica_17/C
  -------------------------------------------------------------------    -------------------
    SLICE_X0Y28          FDCE (Prop_fdce_C_Q)         0.141     1.633 r  PRDATA_reg[31]_lopt_replica_17/Q
                         net (fo=1, routed)           0.328     1.961    PRDATA_reg[31]_lopt_replica_17_1
    N16                  OBUF (Prop_obuf_I_O)         1.232     3.192 r  PRDATA_OBUF[9]_inst/O
                         net (fo=0)                   0.000     3.192    PRDATA[9]
    N16                                                               r  PRDATA[9]
  -------------------------------------------------------------------    -------------------

Slack:                    inf
  Source:                 PRDATA_reg[31]_lopt_replica_10/C
                            (rising edge-triggered cell FDCE clocked by pclk  {rise@0.000ns fall@5.000ns period=10.000ns})
  Destination:            PRDATA[23]
                            (output port)
  Path Group:             (none)
  Path Type:              Min at Fast Process Corner
  Data Path Delay:        1.695ns  (logic 1.376ns (81.157%)  route 0.319ns (18.843%))
  Logic Levels:           1  (OBUF=1)
  Clock Uncertainty:      0.025ns  ((TSJ^2 + TIJ^2)^1/2 + DJ) / 2 + PE
    Total System Jitter     (TSJ):    0.050ns
    Total Input Jitter      (TIJ):    0.000ns
    Discrete Jitter          (DJ):    0.000ns
    Phase Error              (PE):    0.000ns
  Timing Exception:       False Path

    Location             Delay type                Incr(ns)  Path(ns)    Netlist Resource(s)
  -------------------------------------------------------------------    -------------------
                         (clock pclk rise edge)       0.000     0.000 r  <hidden>
    F4                                                0.000     0.000 r  PCLK
                         net (fo=0)                   0.000     0.000    PCLK
    F4                   IBUF (Prop_ibuf_I_O)         0.248     0.248 r  PCLK_IBUF_inst/O
                         net (fo=1, routed)           0.631     0.879    PCLK_IBUF
    BUFGCTRL_X0Y16       BUFG (Prop_bufg_I_O)         0.026     0.905 r  PCLK_IBUF_BUFG_inst/O
                         net (fo=37, routed)          0.596     1.501    PCLK_IBUF_BUFG
    SLICE_X1Y40          FDCE                                         r  PRDATA_reg[31]_lopt_replica_10/C
  -------------------------------------------------------------------    -------------------
    SLICE_X1Y40          FDCE (Prop_fdce_C_Q)         0.141     1.642 r  PRDATA_reg[31]_lopt_replica_10/Q
                         net (fo=1, routed)           0.319     1.961    PRDATA_reg[31]_lopt_replica_10_1
    M18                  OBUF (Prop_obuf_I_O)         1.235     3.196 r  PRDATA_OBUF[23]_inst/O
                         net (fo=0)                   0.000     3.196    PRDATA[23]
    M18                                                               r  PRDATA[23]
  -------------------------------------------------------------------    -------------------

Slack:                    inf
  Source:                 PRDATA_reg[31]_lopt_replica_7/C
                            (rising edge-triggered cell FDCE clocked by pclk  {rise@0.000ns fall@5.000ns period=10.000ns})
  Destination:            PRDATA[18]
                            (output port)
  Path Group:             (none)
  Path Type:              Min at Fast Process Corner
  Data Path Delay:        1.709ns  (logic 1.386ns (81.102%)  route 0.323ns (18.898%))
  Logic Levels:           1  (OBUF=1)
  Clock Uncertainty:      0.025ns  ((TSJ^2 + TIJ^2)^1/2 + DJ) / 2 + PE
    Total System Jitter     (TSJ):    0.050ns
    Total Input Jitter      (TIJ):    0.000ns
    Discrete Jitter          (DJ):    0.000ns
    Phase Error              (PE):    0.000ns
  Timing Exception:       False Path

    Location             Delay type                Incr(ns)  Path(ns)    Netlist Resource(s)
  -------------------------------------------------------------------    -------------------
                         (clock pclk rise edge)       0.000     0.000 r  <hidden>
    F4                                                0.000     0.000 r  PCLK
                         net (fo=0)                   0.000     0.000    PCLK
    F4                   IBUF (Prop_ibuf_I_O)         0.248     0.248 r  PCLK_IBUF_inst/O
                         net (fo=1, routed)           0.631     0.879    PCLK_IBUF
    BUFGCTRL_X0Y16       BUFG (Prop_bufg_I_O)         0.026     0.905 r  PCLK_IBUF_BUFG_inst/O
                         net (fo=37, routed)          0.593     1.498    PCLK_IBUF_BUFG
    SLICE_X0Y35          FDCE                                         r  PRDATA_reg[31]_lopt_replica_7/C
  -------------------------------------------------------------------    -------------------
    SLICE_X0Y35          FDCE (Prop_fdce_C_Q)         0.141     1.639 r  PRDATA_reg[31]_lopt_replica_7/Q
                         net (fo=1, routed)           0.323     1.962    PRDATA_reg[31]_lopt_replica_7_1
    R18                  OBUF (Prop_obuf_I_O)         1.245     3.207 r  PRDATA_OBUF[18]_inst/O
                         net (fo=0)                   0.000     3.207    PRDATA[18]
    R18                                                               r  PRDATA[18]
  -------------------------------------------------------------------    -------------------

Slack:                    inf
  Source:                 PRDATA_reg[31]_lopt_replica_8/C
                            (rising edge-triggered cell FDCE clocked by pclk  {rise@0.000ns fall@5.000ns period=10.000ns})
  Destination:            PRDATA[19]
                            (output port)
  Path Group:             (none)
  Path Type:              Min at Fast Process Corner
  Data Path Delay:        1.718ns  (logic 1.367ns (79.537%)  route 0.352ns (20.463%))
  Logic Levels:           1  (OBUF=1)
  Clock Uncertainty:      0.025ns  ((TSJ^2 + TIJ^2)^1/2 + DJ) / 2 + PE
    Total System Jitter     (TSJ):    0.050ns
    Total Input Jitter      (TIJ):    0.000ns
    Discrete Jitter          (DJ):    0.000ns
    Phase Error              (PE):    0.000ns
  Timing Exception:       False Path

    Location             Delay type                Incr(ns)  Path(ns)    Netlist Resource(s)
  -------------------------------------------------------------------    -------------------
                         (clock pclk rise edge)       0.000     0.000 r  <hidden>
    F4                                                0.000     0.000 r  PCLK
                         net (fo=0)                   0.000     0.000    PCLK
    F4                   IBUF (Prop_ibuf_I_O)         0.248     0.248 r  PCLK_IBUF_inst/O
                         net (fo=1, routed)           0.631     0.879    PCLK_IBUF
    BUFGCTRL_X0Y16       BUFG (Prop_bufg_I_O)         0.026     0.905 r  PCLK_IBUF_BUFG_inst/O
                         net (fo=37, routed)          0.594     1.499    PCLK_IBUF_BUFG
    SLICE_X1Y37          FDCE                                         r  PRDATA_reg[31]_lopt_replica_8/C
  -------------------------------------------------------------------    -------------------
    SLICE_X1Y37          FDCE (Prop_fdce_C_Q)         0.141     1.640 r  PRDATA_reg[31]_lopt_replica_8/Q
                         net (fo=1, routed)           0.352     1.991    PRDATA_reg[31]_lopt_replica_8_1
    M13                  OBUF (Prop_obuf_I_O)         1.226     3.217 r  PRDATA_OBUF[19]_inst/O
                         net (fo=0)                   0.000     3.217    PRDATA[19]
    M13                                                               r  PRDATA[19]
  -------------------------------------------------------------------    -------------------

Slack:                    inf
  Source:                 PRDATA_reg[31]_lopt_replica/C
                            (rising edge-triggered cell FDCE clocked by pclk  {rise@0.000ns fall@5.000ns period=10.000ns})
  Destination:            PRDATA[10]
                            (output port)
  Path Group:             (none)
  Path Type:              Min at Fast Process Corner
  Data Path Delay:        1.727ns  (logic 1.373ns (79.533%)  route 0.353ns (20.467%))
  Logic Levels:           1  (OBUF=1)
  Clock Uncertainty:      0.025ns  ((TSJ^2 + TIJ^2)^1/2 + DJ) / 2 + PE
    Total System Jitter     (TSJ):    0.050ns
    Total Input Jitter      (TIJ):    0.000ns
    Discrete Jitter          (DJ):    0.000ns
    Phase Error              (PE):    0.000ns
  Timing Exception:       False Path

    Location             Delay type                Incr(ns)  Path(ns)    Netlist Resource(s)
  -------------------------------------------------------------------    -------------------
                         (clock pclk rise edge)       0.000     0.000 r  <hidden>
    F4                                                0.000     0.000 r  PCLK
                         net (fo=0)                   0.000     0.000    PCLK
    F4                   IBUF (Prop_ibuf_I_O)         0.248     0.248 r  PCLK_IBUF_inst/O
                         net (fo=1, routed)           0.631     0.879    PCLK_IBUF
    BUFGCTRL_X0Y16       BUFG (Prop_bufg_I_O)         0.026     0.905 r  PCLK_IBUF_BUFG_inst/O
                         net (fo=37, routed)          0.587     1.492    PCLK_IBUF_BUFG
    SLICE_X0Y28          FDCE                                         r  PRDATA_reg[31]_lopt_replica/C
  -------------------------------------------------------------------    -------------------
    SLICE_X0Y28          FDCE (Prop_fdce_C_Q)         0.141     1.633 r  PRDATA_reg[31]_lopt_replica/Q
                         net (fo=1, routed)           0.353     1.986    PRDATA_reg[31]_lopt_replica_1
    N15                  OBUF (Prop_obuf_I_O)         1.232     3.219 r  PRDATA_OBUF[10]_inst/O
                         net (fo=0)                   0.000     3.219    PRDATA[10]
    N15                                                               r  PRDATA[10]
  -------------------------------------------------------------------    -------------------





--------------------------------------------------------------------------------------
Path Group:  (none)
From Clock:  
  To Clock:  pclk

Max Delay            80 Endpoints
Min Delay            80 Endpoints
--------------------------------------------------------------------------------------


Max Delay Paths
--------------------------------------------------------------------------------------
Slack:                    inf
  Source:                 PADDR[11]
                            (input port)
  Destination:            compteur_entropie_reg[1]/CE
                            (rising edge-triggered cell FDCE clocked by pclk  {rise@0.000ns fall@5.000ns period=10.000ns})
  Path Group:             (none)
  Path Type:              Setup (Max at Slow Process Corner)
  Data Path Delay:        8.400ns  (logic 1.933ns (23.009%)  route 6.467ns (76.991%))
  Logic Levels:           4  (IBUF=1 LUT4=1 LUT6=2)
  Clock Path Skew:        4.883ns (DCD - SCD + CPR)
    Destination Clock Delay (DCD):    4.883ns
    Source Clock Delay      (SCD):    0.000ns
    Clock Pessimism Removal (CPR):    0.000ns
  Clock Uncertainty:      0.025ns  ((TSJ^2 + TIJ^2)^1/2 + DJ) / 2 + PE
    Total System Jitter     (TSJ):    0.050ns
    Total Input Jitter      (TIJ):    0.000ns
    Discrete Jitter          (DJ):    0.000ns
    Phase Error              (PE):    0.000ns
  Timing Exception:       False Path

    Location             Delay type                Incr(ns)  Path(ns)    Netlist Resource(s)
  -------------------------------------------------------------------    -------------------
    K16                                               0.000     0.000 r  PADDR[11]
                         net (fo=0)                   0.000     0.000    PADDR[11]
    K16                  IBUF (Prop_ibuf_I_O)         1.561     1.561 r  PADDR_IBUF[11]_inst/O
                         net (fo=1, routed)           2.960     4.521    PADDR_IBUF[11]
    SLICE_X0Y4           LUT4 (Prop_lut4_I2_O)        0.124     4.645 r  compteur_entropie[7]_i_9/O
                         net (fo=1, routed)           1.119     5.764    compteur_entropie[7]_i_9_n_0
    SLICE_X0Y14          LUT6 (Prop_lut6_I4_O)        0.124     5.888 r  compteur_entropie[7]_i_6/O
                         net (fo=8, routed)           1.643     7.531    compteur_entropie[7]_i_6_n_0
    SLICE_X0Y38          LUT6 (Prop_lut6_I2_O)        0.124     7.655 r  compteur_entropie[7]_i_1/O
                         net (fo=8, routed)           0.745     8.400    compteur_entropie[7]_i_1_n_0
    SLICE_X0Y39          FDCE                                         r  compteur_entropie_reg[1]/CE
  -------------------------------------------------------------------    -------------------

                         (clock pclk rise edge)       0.000     0.000 r  <hidden>
    F4                                                0.000     0.000 r  PCLK
                         net (fo=0)                   0.000     0.000    PCLK
    F4                   IBUF (Prop_ibuf_I_O)         1.410     1.410 r  PCLK_IBUF_inst/O
                         net (fo=1, routed)           1.862     3.272    PCLK_IBUF
    BUFGCTRL_X0Y16       BUFG (Prop_bufg_I_O)         0.091     3.363 r  PCLK_IBUF_BUFG_inst/O
                         net (fo=37, routed)          1.520     4.883    PCLK_IBUF_BUFG
    SLICE_X0Y39          FDCE                                         r  compteur_entropie_reg[1]/C

Slack:                    inf
  Source:                 PADDR[11]
                            (input port)
  Destination:            compteur_entropie_reg[5]/CE
                            (rising edge-triggered cell FDCE clocked by pclk  {rise@0.000ns fall@5.000ns period=10.000ns})
  Path Group:             (none)
  Path Type:              Setup (Max at Slow Process Corner)
  Data Path Delay:        8.400ns  (logic 1.933ns (23.009%)  route 6.467ns (76.991%))
  Logic Levels:           4  (IBUF=1 LUT4=1 LUT6=2)
  Clock Path Skew:        4.883ns (DCD - SCD + CPR)
    Destination Clock Delay (DCD):    4.883ns
    Source Clock Delay      (SCD):    0.000ns
    Clock Pessimism Removal (CPR):    0.000ns
  Clock Uncertainty:      0.025ns  ((TSJ^2 + TIJ^2)^1/2 + DJ) / 2 + PE
    Total System Jitter     (TSJ):    0.050ns
    Total Input Jitter      (TIJ):    0.000ns
    Discrete Jitter          (DJ):    0.000ns
    Phase Error              (PE):    0.000ns
  Timing Exception:       False Path

    Location             Delay type                Incr(ns)  Path(ns)    Netlist Resource(s)
  -------------------------------------------------------------------    -------------------
    K16                                               0.000     0.000 r  PADDR[11]
                         net (fo=0)                   0.000     0.000    PADDR[11]
    K16                  IBUF (Prop_ibuf_I_O)         1.561     1.561 r  PADDR_IBUF[11]_inst/O
                         net (fo=1, routed)           2.960     4.521    PADDR_IBUF[11]
    SLICE_X0Y4           LUT4 (Prop_lut4_I2_O)        0.124     4.645 r  compteur_entropie[7]_i_9/O
                         net (fo=1, routed)           1.119     5.764    compteur_entropie[7]_i_9_n_0
    SLICE_X0Y14          LUT6 (Prop_lut6_I4_O)        0.124     5.888 r  compteur_entropie[7]_i_6/O
                         net (fo=8, routed)           1.643     7.531    compteur_entropie[7]_i_6_n_0
    SLICE_X0Y38          LUT6 (Prop_lut6_I2_O)        0.124     7.655 r  compteur_entropie[7]_i_1/O
                         net (fo=8, routed)           0.745     8.400    compteur_entropie[7]_i_1_n_0
    SLICE_X0Y39          FDCE                                         r  compteur_entropie_reg[5]/CE
  -------------------------------------------------------------------    -------------------

                         (clock pclk rise edge)       0.000     0.000 r  <hidden>
    F4                                                0.000     0.000 r  PCLK
                         net (fo=0)                   0.000     0.000    PCLK
    F4                   IBUF (Prop_ibuf_I_O)         1.410     1.410 r  PCLK_IBUF_inst/O
                         net (fo=1, routed)           1.862     3.272    PCLK_IBUF
    BUFGCTRL_X0Y16       BUFG (Prop_bufg_I_O)         0.091     3.363 r  PCLK_IBUF_BUFG_inst/O
                         net (fo=37, routed)          1.520     4.883    PCLK_IBUF_BUFG
    SLICE_X0Y39          FDCE                                         r  compteur_entropie_reg[5]/C

Slack:                    inf
  Source:                 PADDR[11]
                            (input port)
  Destination:            compteur_entropie_reg[6]/CE
                            (rising edge-triggered cell FDCE clocked by pclk  {rise@0.000ns fall@5.000ns period=10.000ns})
  Path Group:             (none)
  Path Type:              Setup (Max at Slow Process Corner)
  Data Path Delay:        8.400ns  (logic 1.933ns (23.009%)  route 6.467ns (76.991%))
  Logic Levels:           4  (IBUF=1 LUT4=1 LUT6=2)
  Clock Path Skew:        4.883ns (DCD - SCD + CPR)
    Destination Clock Delay (DCD):    4.883ns
    Source Clock Delay      (SCD):    0.000ns
    Clock Pessimism Removal (CPR):    0.000ns
  Clock Uncertainty:      0.025ns  ((TSJ^2 + TIJ^2)^1/2 + DJ) / 2 + PE
    Total System Jitter     (TSJ):    0.050ns
    Total Input Jitter      (TIJ):    0.000ns
    Discrete Jitter          (DJ):    0.000ns
    Phase Error              (PE):    0.000ns
  Timing Exception:       False Path

    Location             Delay type                Incr(ns)  Path(ns)    Netlist Resource(s)
  -------------------------------------------------------------------    -------------------
    K16                                               0.000     0.000 r  PADDR[11]
                         net (fo=0)                   0.000     0.000    PADDR[11]
    K16                  IBUF (Prop_ibuf_I_O)         1.561     1.561 r  PADDR_IBUF[11]_inst/O
                         net (fo=1, routed)           2.960     4.521    PADDR_IBUF[11]
    SLICE_X0Y4           LUT4 (Prop_lut4_I2_O)        0.124     4.645 r  compteur_entropie[7]_i_9/O
                         net (fo=1, routed)           1.119     5.764    compteur_entropie[7]_i_9_n_0
    SLICE_X0Y14          LUT6 (Prop_lut6_I4_O)        0.124     5.888 r  compteur_entropie[7]_i_6/O
                         net (fo=8, routed)           1.643     7.531    compteur_entropie[7]_i_6_n_0
    SLICE_X0Y38          LUT6 (Prop_lut6_I2_O)        0.124     7.655 r  compteur_entropie[7]_i_1/O
                         net (fo=8, routed)           0.745     8.400    compteur_entropie[7]_i_1_n_0
    SLICE_X0Y39          FDCE                                         r  compteur_entropie_reg[6]/CE
  -------------------------------------------------------------------    -------------------

                         (clock pclk rise edge)       0.000     0.000 r  <hidden>
    F4                                                0.000     0.000 r  PCLK
                         net (fo=0)                   0.000     0.000    PCLK
    F4                   IBUF (Prop_ibuf_I_O)         1.410     1.410 r  PCLK_IBUF_inst/O
                         net (fo=1, routed)           1.862     3.272    PCLK_IBUF
    BUFGCTRL_X0Y16       BUFG (Prop_bufg_I_O)         0.091     3.363 r  PCLK_IBUF_BUFG_inst/O
                         net (fo=37, routed)          1.520     4.883    PCLK_IBUF_BUFG
    SLICE_X0Y39          FDCE                                         r  compteur_entropie_reg[6]/C

Slack:                    inf
  Source:                 PADDR[11]
                            (input port)
  Destination:            compteur_entropie_reg[7]/CE
                            (rising edge-triggered cell FDCE clocked by pclk  {rise@0.000ns fall@5.000ns period=10.000ns})
  Path Group:             (none)
  Path Type:              Setup (Max at Slow Process Corner)
  Data Path Delay:        8.400ns  (logic 1.933ns (23.009%)  route 6.467ns (76.991%))
  Logic Levels:           4  (IBUF=1 LUT4=1 LUT6=2)
  Clock Path Skew:        4.883ns (DCD - SCD + CPR)
    Destination Clock Delay (DCD):    4.883ns
    Source Clock Delay      (SCD):    0.000ns
    Clock Pessimism Removal (CPR):    0.000ns
  Clock Uncertainty:      0.025ns  ((TSJ^2 + TIJ^2)^1/2 + DJ) / 2 + PE
    Total System Jitter     (TSJ):    0.050ns
    Total Input Jitter      (TIJ):    0.000ns
    Discrete Jitter          (DJ):    0.000ns
    Phase Error              (PE):    0.000ns
  Timing Exception:       False Path

    Location             Delay type                Incr(ns)  Path(ns)    Netlist Resource(s)
  -------------------------------------------------------------------    -------------------
    K16                                               0.000     0.000 r  PADDR[11]
                         net (fo=0)                   0.000     0.000    PADDR[11]
    K16                  IBUF (Prop_ibuf_I_O)         1.561     1.561 r  PADDR_IBUF[11]_inst/O
                         net (fo=1, routed)           2.960     4.521    PADDR_IBUF[11]
    SLICE_X0Y4           LUT4 (Prop_lut4_I2_O)        0.124     4.645 r  compteur_entropie[7]_i_9/O
                         net (fo=1, routed)           1.119     5.764    compteur_entropie[7]_i_9_n_0
    SLICE_X0Y14          LUT6 (Prop_lut6_I4_O)        0.124     5.888 r  compteur_entropie[7]_i_6/O
                         net (fo=8, routed)           1.643     7.531    compteur_entropie[7]_i_6_n_0
    SLICE_X0Y38          LUT6 (Prop_lut6_I2_O)        0.124     7.655 r  compteur_entropie[7]_i_1/O
                         net (fo=8, routed)           0.745     8.400    compteur_entropie[7]_i_1_n_0
    SLICE_X0Y39          FDCE                                         r  compteur_entropie_reg[7]/CE
  -------------------------------------------------------------------    -------------------

                         (clock pclk rise edge)       0.000     0.000 r  <hidden>
    F4                                                0.000     0.000 r  PCLK
                         net (fo=0)                   0.000     0.000    PCLK
    F4                   IBUF (Prop_ibuf_I_O)         1.410     1.410 r  PCLK_IBUF_inst/O
                         net (fo=1, routed)           1.862     3.272    PCLK_IBUF
    BUFGCTRL_X0Y16       BUFG (Prop_bufg_I_O)         0.091     3.363 r  PCLK_IBUF_BUFG_inst/O
                         net (fo=37, routed)          1.520     4.883    PCLK_IBUF_BUFG
    SLICE_X0Y39          FDCE                                         r  compteur_entropie_reg[7]/C

Slack:                    inf
  Source:                 PADDR[11]
                            (input port)
  Destination:            compteur_entropie_reg[0]/CE
                            (rising edge-triggered cell FDCE clocked by pclk  {rise@0.000ns fall@5.000ns period=10.000ns})
  Path Group:             (none)
  Path Type:              Setup (Max at Slow Process Corner)
  Data Path Delay:        8.077ns  (logic 1.933ns (23.930%)  route 6.144ns (76.070%))
  Logic Levels:           4  (IBUF=1 LUT4=1 LUT6=2)
  Clock Path Skew:        4.882ns (DCD - SCD + CPR)
    Destination Clock Delay (DCD):    4.882ns
    Source Clock Delay      (SCD):    0.000ns
    Clock Pessimism Removal (CPR):    0.000ns
  Clock Uncertainty:      0.025ns  ((TSJ^2 + TIJ^2)^1/2 + DJ) / 2 + PE
    Total System Jitter     (TSJ):    0.050ns
    Total Input Jitter      (TIJ):    0.000ns
    Discrete Jitter          (DJ):    0.000ns
    Phase Error              (PE):    0.000ns
  Timing Exception:       False Path

    Location             Delay type                Incr(ns)  Path(ns)    Netlist Resource(s)
  -------------------------------------------------------------------    -------------------
    K16                                               0.000     0.000 r  PADDR[11]
                         net (fo=0)                   0.000     0.000    PADDR[11]
    K16                  IBUF (Prop_ibuf_I_O)         1.561     1.561 r  PADDR_IBUF[11]_inst/O
                         net (fo=1, routed)           2.960     4.521    PADDR_IBUF[11]
    SLICE_X0Y4           LUT4 (Prop_lut4_I2_O)        0.124     4.645 r  compteur_entropie[7]_i_9/O
                         net (fo=1, routed)           1.119     5.764    compteur_entropie[7]_i_9_n_0
    SLICE_X0Y14          LUT6 (Prop_lut6_I4_O)        0.124     5.888 r  compteur_entropie[7]_i_6/O
                         net (fo=8, routed)           1.643     7.531    compteur_entropie[7]_i_6_n_0
    SLICE_X0Y38          LUT6 (Prop_lut6_I2_O)        0.124     7.655 r  compteur_entropie[7]_i_1/O
                         net (fo=8, routed)           0.422     8.077    compteur_entropie[7]_i_1_n_0
    SLICE_X1Y38          FDCE                                         r  compteur_entropie_reg[0]/CE
  -------------------------------------------------------------------    -------------------

                         (clock pclk rise edge)       0.000     0.000 r  <hidden>
    F4                                                0.000     0.000 r  PCLK
                         net (fo=0)                   0.000     0.000    PCLK
    F4                   IBUF (Prop_ibuf_I_O)         1.410     1.410 r  PCLK_IBUF_inst/O
                         net (fo=1, routed)           1.862     3.272    PCLK_IBUF
    BUFGCTRL_X0Y16       BUFG (Prop_bufg_I_O)         0.091     3.363 r  PCLK_IBUF_BUFG_inst/O
                         net (fo=37, routed)          1.519     4.882    PCLK_IBUF_BUFG
    SLICE_X1Y38          FDCE                                         r  compteur_entropie_reg[0]/C

Slack:                    inf
  Source:                 PADDR[11]
                            (input port)
  Destination:            compteur_entropie_reg[2]/CE
                            (rising edge-triggered cell FDCE clocked by pclk  {rise@0.000ns fall@5.000ns period=10.000ns})
  Path Group:             (none)
  Path Type:              Setup (Max at Slow Process Corner)
  Data Path Delay:        8.077ns  (logic 1.933ns (23.930%)  route 6.144ns (76.070%))
  Logic Levels:           4  (IBUF=1 LUT4=1 LUT6=2)
  Clock Path Skew:        4.882ns (DCD - SCD + CPR)
    Destination Clock Delay (DCD):    4.882ns
    Source Clock Delay      (SCD):    0.000ns
    Clock Pessimism Removal (CPR):    0.000ns
  Clock Uncertainty:      0.025ns  ((TSJ^2 + TIJ^2)^1/2 + DJ) / 2 + PE
    Total System Jitter     (TSJ):    0.050ns
    Total Input Jitter      (TIJ):    0.000ns
    Discrete Jitter          (DJ):    0.000ns
    Phase Error              (PE):    0.000ns
  Timing Exception:       False Path

    Location             Delay type                Incr(ns)  Path(ns)    Netlist Resource(s)
  -------------------------------------------------------------------    -------------------
    K16                                               0.000     0.000 r  PADDR[11]
                         net (fo=0)                   0.000     0.000    PADDR[11]
    K16                  IBUF (Prop_ibuf_I_O)         1.561     1.561 r  PADDR_IBUF[11]_inst/O
                         net (fo=1, routed)           2.960     4.521    PADDR_IBUF[11]
    SLICE_X0Y4           LUT4 (Prop_lut4_I2_O)        0.124     4.645 r  compteur_entropie[7]_i_9/O
                         net (fo=1, routed)           1.119     5.764    compteur_entropie[7]_i_9_n_0
    SLICE_X0Y14          LUT6 (Prop_lut6_I4_O)        0.124     5.888 r  compteur_entropie[7]_i_6/O
                         net (fo=8, routed)           1.643     7.531    compteur_entropie[7]_i_6_n_0
    SLICE_X0Y38          LUT6 (Prop_lut6_I2_O)        0.124     7.655 r  compteur_entropie[7]_i_1/O
                         net (fo=8, routed)           0.422     8.077    compteur_entropie[7]_i_1_n_0
    SLICE_X1Y38          FDCE                                         r  compteur_entropie_reg[2]/CE
  -------------------------------------------------------------------    -------------------

                         (clock pclk rise edge)       0.000     0.000 r  <hidden>
    F4                                                0.000     0.000 r  PCLK
                         net (fo=0)                   0.000     0.000    PCLK
    F4                   IBUF (Prop_ibuf_I_O)         1.410     1.410 r  PCLK_IBUF_inst/O
                         net (fo=1, routed)           1.862     3.272    PCLK_IBUF
    BUFGCTRL_X0Y16       BUFG (Prop_bufg_I_O)         0.091     3.363 r  PCLK_IBUF_BUFG_inst/O
                         net (fo=37, routed)          1.519     4.882    PCLK_IBUF_BUFG
    SLICE_X1Y38          FDCE                                         r  compteur_entropie_reg[2]/C

Slack:                    inf
  Source:                 PADDR[11]
                            (input port)
  Destination:            compteur_entropie_reg[3]/CE
                            (rising edge-triggered cell FDCE clocked by pclk  {rise@0.000ns fall@5.000ns period=10.000ns})
  Path Group:             (none)
  Path Type:              Setup (Max at Slow Process Corner)
  Data Path Delay:        8.077ns  (logic 1.933ns (23.930%)  route 6.144ns (76.070%))
  Logic Levels:           4  (IBUF=1 LUT4=1 LUT6=2)
  Clock Path Skew:        4.882ns (DCD - SCD + CPR)
    Destination Clock Delay (DCD):    4.882ns
    Source Clock Delay      (SCD):    0.000ns
    Clock Pessimism Removal (CPR):    0.000ns
  Clock Uncertainty:      0.025ns  ((TSJ^2 + TIJ^2)^1/2 + DJ) / 2 + PE
    Total System Jitter     (TSJ):    0.050ns
    Total Input Jitter      (TIJ):    0.000ns
    Discrete Jitter          (DJ):    0.000ns
    Phase Error              (PE):    0.000ns
  Timing Exception:       False Path

    Location             Delay type                Incr(ns)  Path(ns)    Netlist Resource(s)
  -------------------------------------------------------------------    -------------------
    K16                                               0.000     0.000 r  PADDR[11]
                         net (fo=0)                   0.000     0.000    PADDR[11]
    K16                  IBUF (Prop_ibuf_I_O)         1.561     1.561 r  PADDR_IBUF[11]_inst/O
                         net (fo=1, routed)           2.960     4.521    PADDR_IBUF[11]
    SLICE_X0Y4           LUT4 (Prop_lut4_I2_O)        0.124     4.645 r  compteur_entropie[7]_i_9/O
                         net (fo=1, routed)           1.119     5.764    compteur_entropie[7]_i_9_n_0
    SLICE_X0Y14          LUT6 (Prop_lut6_I4_O)        0.124     5.888 r  compteur_entropie[7]_i_6/O
                         net (fo=8, routed)           1.643     7.531    compteur_entropie[7]_i_6_n_0
    SLICE_X0Y38          LUT6 (Prop_lut6_I2_O)        0.124     7.655 r  compteur_entropie[7]_i_1/O
                         net (fo=8, routed)           0.422     8.077    compteur_entropie[7]_i_1_n_0
    SLICE_X1Y38          FDCE                                         r  compteur_entropie_reg[3]/CE
  -------------------------------------------------------------------    -------------------

                         (clock pclk rise edge)       0.000     0.000 r  <hidden>
    F4                                                0.000     0.000 r  PCLK
                         net (fo=0)                   0.000     0.000    PCLK
    F4                   IBUF (Prop_ibuf_I_O)         1.410     1.410 r  PCLK_IBUF_inst/O
                         net (fo=1, routed)           1.862     3.272    PCLK_IBUF
    BUFGCTRL_X0Y16       BUFG (Prop_bufg_I_O)         0.091     3.363 r  PCLK_IBUF_BUFG_inst/O
                         net (fo=37, routed)          1.519     4.882    PCLK_IBUF_BUFG
    SLICE_X1Y38          FDCE                                         r  compteur_entropie_reg[3]/C

Slack:                    inf
  Source:                 PADDR[11]
                            (input port)
  Destination:            compteur_entropie_reg[4]/CE
                            (rising edge-triggered cell FDCE clocked by pclk  {rise@0.000ns fall@5.000ns period=10.000ns})
  Path Group:             (none)
  Path Type:              Setup (Max at Slow Process Corner)
  Data Path Delay:        8.077ns  (logic 1.933ns (23.930%)  route 6.144ns (76.070%))
  Logic Levels:           4  (IBUF=1 LUT4=1 LUT6=2)
  Clock Path Skew:        4.882ns (DCD - SCD + CPR)
    Destination Clock Delay (DCD):    4.882ns
    Source Clock Delay      (SCD):    0.000ns
    Clock Pessimism Removal (CPR):    0.000ns
  Clock Uncertainty:      0.025ns  ((TSJ^2 + TIJ^2)^1/2 + DJ) / 2 + PE
    Total System Jitter     (TSJ):    0.050ns
    Total Input Jitter      (TIJ):    0.000ns
    Discrete Jitter          (DJ):    0.000ns
    Phase Error              (PE):    0.000ns
  Timing Exception:       False Path

    Location             Delay type                Incr(ns)  Path(ns)    Netlist Resource(s)
  -------------------------------------------------------------------    -------------------
    K16                                               0.000     0.000 r  PADDR[11]
                         net (fo=0)                   0.000     0.000    PADDR[11]
    K16                  IBUF (Prop_ibuf_I_O)         1.561     1.561 r  PADDR_IBUF[11]_inst/O
                         net (fo=1, routed)           2.960     4.521    PADDR_IBUF[11]
    SLICE_X0Y4           LUT4 (Prop_lut4_I2_O)        0.124     4.645 r  compteur_entropie[7]_i_9/O
                         net (fo=1, routed)           1.119     5.764    compteur_entropie[7]_i_9_n_0
    SLICE_X0Y14          LUT6 (Prop_lut6_I4_O)        0.124     5.888 r  compteur_entropie[7]_i_6/O
                         net (fo=8, routed)           1.643     7.531    compteur_entropie[7]_i_6_n_0
    SLICE_X0Y38          LUT6 (Prop_lut6_I2_O)        0.124     7.655 r  compteur_entropie[7]_i_1/O
                         net (fo=8, routed)           0.422     8.077    compteur_entropie[7]_i_1_n_0
    SLICE_X1Y38          FDCE                                         r  compteur_entropie_reg[4]/CE
  -------------------------------------------------------------------    -------------------

                         (clock pclk rise edge)       0.000     0.000 r  <hidden>
    F4                                                0.000     0.000 r  PCLK
                         net (fo=0)                   0.000     0.000    PCLK
    F4                   IBUF (Prop_ibuf_I_O)         1.410     1.410 r  PCLK_IBUF_inst/O
                         net (fo=1, routed)           1.862     3.272    PCLK_IBUF
    BUFGCTRL_X0Y16       BUFG (Prop_bufg_I_O)         0.091     3.363 r  PCLK_IBUF_BUFG_inst/O
                         net (fo=37, routed)          1.519     4.882    PCLK_IBUF_BUFG
    SLICE_X1Y38          FDCE                                         r  compteur_entropie_reg[4]/C

Slack:                    inf
  Source:                 PADDR[11]
                            (input port)
  Destination:            compteur_entropie_reg[7]/D
                            (rising edge-triggered cell FDCE clocked by pclk  {rise@0.000ns fall@5.000ns period=10.000ns})
  Path Group:             (none)
  Path Type:              Setup (Max at Slow Process Corner)
  Data Path Delay:        7.905ns  (logic 1.959ns (24.780%)  route 5.946ns (75.220%))
  Logic Levels:           4  (IBUF=1 LUT4=1 LUT5=1 LUT6=1)
  Clock Path Skew:        4.883ns (DCD - SCD + CPR)
    Destination Clock Delay (DCD):    4.883ns
    Source Clock Delay      (SCD):    0.000ns
    Clock Pessimism Removal (CPR):    0.000ns
  Clock Uncertainty:      0.025ns  ((TSJ^2 + TIJ^2)^1/2 + DJ) / 2 + PE
    Total System Jitter     (TSJ):    0.050ns
    Total Input Jitter      (TIJ):    0.000ns
    Discrete Jitter          (DJ):    0.000ns
    Phase Error              (PE):    0.000ns
  Timing Exception:       False Path

    Location             Delay type                Incr(ns)  Path(ns)    Netlist Resource(s)
  -------------------------------------------------------------------    -------------------
    K16                                               0.000     0.000 r  PADDR[11]
                         net (fo=0)                   0.000     0.000    PADDR[11]
    K16                  IBUF (Prop_ibuf_I_O)         1.561     1.561 r  PADDR_IBUF[11]_inst/O
                         net (fo=1, routed)           2.960     4.521    PADDR_IBUF[11]
    SLICE_X0Y4           LUT4 (Prop_lut4_I2_O)        0.124     4.645 r  compteur_entropie[7]_i_9/O
                         net (fo=1, routed)           1.119     5.764    compteur_entropie[7]_i_9_n_0
    SLICE_X0Y14          LUT6 (Prop_lut6_I4_O)        0.124     5.888 r  compteur_entropie[7]_i_6/O
                         net (fo=8, routed)           1.867     7.755    compteur_entropie[7]_i_6_n_0
    SLICE_X0Y39          LUT5 (Prop_lut5_I0_O)        0.150     7.905 r  compteur_entropie[7]_i_2/O
                         net (fo=1, routed)           0.000     7.905    compteur_entropie[7]
    SLICE_X0Y39          FDCE                                         r  compteur_entropie_reg[7]/D
  -------------------------------------------------------------------    -------------------

                         (clock pclk rise edge)       0.000     0.000 r  <hidden>
    F4                                                0.000     0.000 r  PCLK
                         net (fo=0)                   0.000     0.000    PCLK
    F4                   IBUF (Prop_ibuf_I_O)         1.410     1.410 r  PCLK_IBUF_inst/O
                         net (fo=1, routed)           1.862     3.272    PCLK_IBUF
    BUFGCTRL_X0Y16       BUFG (Prop_bufg_I_O)         0.091     3.363 r  PCLK_IBUF_BUFG_inst/O
                         net (fo=37, routed)          1.520     4.883    PCLK_IBUF_BUFG
    SLICE_X0Y39          FDCE                                         r  compteur_entropie_reg[7]/C

Slack:                    inf
  Source:                 PADDR[11]
                            (input port)
  Destination:            compteur_entropie_reg[6]/D
                            (rising edge-triggered cell FDCE clocked by pclk  {rise@0.000ns fall@5.000ns period=10.000ns})
  Path Group:             (none)
  Path Type:              Setup (Max at Slow Process Corner)
  Data Path Delay:        7.879ns  (logic 1.933ns (24.531%)  route 5.946ns (75.469%))
  Logic Levels:           4  (IBUF=1 LUT4=2 LUT6=1)
  Clock Path Skew:        4.883ns (DCD - SCD + CPR)
    Destination Clock Delay (DCD):    4.883ns
    Source Clock Delay      (SCD):    0.000ns
    Clock Pessimism Removal (CPR):    0.000ns
  Clock Uncertainty:      0.025ns  ((TSJ^2 + TIJ^2)^1/2 + DJ) / 2 + PE
    Total System Jitter     (TSJ):    0.050ns
    Total Input Jitter      (TIJ):    0.000ns
    Discrete Jitter          (DJ):    0.000ns
    Phase Error              (PE):    0.000ns
  Timing Exception:       False Path

    Location             Delay type                Incr(ns)  Path(ns)    Netlist Resource(s)
  -------------------------------------------------------------------    -------------------
    K16                                               0.000     0.000 r  PADDR[11]
                         net (fo=0)                   0.000     0.000    PADDR[11]
    K16                  IBUF (Prop_ibuf_I_O)         1.561     1.561 r  PADDR_IBUF[11]_inst/O
                         net (fo=1, routed)           2.960     4.521    PADDR_IBUF[11]
    SLICE_X0Y4           LUT4 (Prop_lut4_I2_O)        0.124     4.645 r  compteur_entropie[7]_i_9/O
                         net (fo=1, routed)           1.119     5.764    compteur_entropie[7]_i_9_n_0
    SLICE_X0Y14          LUT6 (Prop_lut6_I4_O)        0.124     5.888 r  compteur_entropie[7]_i_6/O
                         net (fo=8, routed)           1.867     7.755    compteur_entropie[7]_i_6_n_0
    SLICE_X0Y39          LUT4 (Prop_lut4_I0_O)        0.124     7.879 r  compteur_entropie[6]_i_1/O
                         net (fo=1, routed)           0.000     7.879    compteur_entropie[6]
    SLICE_X0Y39          FDCE                                         r  compteur_entropie_reg[6]/D
  -------------------------------------------------------------------    -------------------

                         (clock pclk rise edge)       0.000     0.000 r  <hidden>
    F4                                                0.000     0.000 r  PCLK
                         net (fo=0)                   0.000     0.000    PCLK
    F4                   IBUF (Prop_ibuf_I_O)         1.410     1.410 r  PCLK_IBUF_inst/O
                         net (fo=1, routed)           1.862     3.272    PCLK_IBUF
    BUFGCTRL_X0Y16       BUFG (Prop_bufg_I_O)         0.091     3.363 r  PCLK_IBUF_BUFG_inst/O
                         net (fo=37, routed)          1.520     4.883    PCLK_IBUF_BUFG
    SLICE_X0Y39          FDCE                                         r  compteur_entropie_reg[6]/C





Min Delay Paths
--------------------------------------------------------------------------------------
Slack:                    inf
  Source:                 PRESETn
                            (input port)
  Destination:            PREADY_reg/CLR
                            (removal check against rising-edge clock pclk  {rise@0.000ns fall@5.000ns period=10.000ns})
  Path Group:             (none)
  Path Type:              Removal (Min at Fast Process Corner)
  Data Path Delay:        1.024ns  (logic 0.297ns (29.058%)  route 0.726ns (70.942%))
  Logic Levels:           2  (IBUF=1 LUT1=1)
  Clock Path Skew:        2.016ns (DCD - SCD - CPR)
    Destination Clock Delay (DCD):    2.016ns
    Source Clock Delay      (SCD):    0.000ns
    Clock Pessimism Removal (CPR):    -0.000ns
  Timing Exception:       False Path

    Location             Delay type                Incr(ns)  Path(ns)    Netlist Resource(s)
  -------------------------------------------------------------------    -------------------
    T10                                               0.000     0.000 r  PRESETn
                         net (fo=0)                   0.000     0.000    PRESETn
    T10                  IBUF (Prop_ibuf_I_O)         0.252     0.252 r  PRESETn_IBUF_inst/O
                         net (fo=1, routed)           0.489     0.742    PRESETn_IBUF
    SLICE_X0Y7           LUT1 (Prop_lut1_I0_O)        0.045     0.787 f  compteur_entropie[7]_i_3/O
                         net (fo=37, routed)          0.237     1.024    compteur_entropie[7]_i_3_n_0
    SLICE_X0Y9           FDCE                                         f  PREADY_reg/CLR
  -------------------------------------------------------------------    -------------------

                         (clock pclk rise edge)       0.000     0.000 r  <hidden>
    F4                                                0.000     0.000 r  PCLK
                         net (fo=0)                   0.000     0.000    PCLK
    F4                   IBUF (Prop_ibuf_I_O)         0.436     0.436 r  PCLK_IBUF_inst/O
                         net (fo=1, routed)           0.685     1.121    PCLK_IBUF
    BUFGCTRL_X0Y16       BUFG (Prop_bufg_I_O)         0.029     1.150 r  PCLK_IBUF_BUFG_inst/O
                         net (fo=37, routed)          0.867     2.016    PCLK_IBUF_BUFG
    SLICE_X0Y9           FDCE                                         r  PREADY_reg/C

Slack:                    inf
  Source:                 PWDATA[16]
                            (input port)
  Destination:            sig_write_en_reg_reg/D
                            (rising edge-triggered cell FDPE clocked by pclk  {rise@0.000ns fall@5.000ns period=10.000ns})
  Path Group:             (none)
  Path Type:              Hold (Min at Fast Process Corner)
  Data Path Delay:        1.115ns  (logic 0.370ns (33.166%)  route 0.745ns (66.834%))
  Logic Levels:           3  (IBUF=1 LUT5=1 LUT6=1)
  Clock Path Skew:        2.015ns (DCD - SCD - CPR)
    Destination Clock Delay (DCD):    2.015ns
    Source Clock Delay      (SCD):    0.000ns
    Clock Pessimism Removal (CPR):    -0.000ns
  Timing Exception:       False Path

    Location             Delay type                Incr(ns)  Path(ns)    Netlist Resource(s)
  -------------------------------------------------------------------    -------------------
    C17                                               0.000     0.000 r  PWDATA[16]
                         net (fo=0)                   0.000     0.000    PWDATA[16]
    C17                  IBUF (Prop_ibuf_I_O)         0.280     0.280 r  PWDATA_IBUF[16]_inst/O
                         net (fo=2, routed)           0.335     0.615    PWDATA_IBUF[16]
    SLICE_X0Y59          LUT5 (Prop_lut5_I3_O)        0.045     0.660 r  sig_write_en_reg_i_2/O
                         net (fo=3, routed)           0.411     1.070    sig_write_en_reg_i_2_n_0
    SLICE_X1Y39          LUT6 (Prop_lut6_I1_O)        0.045     1.115 r  sig_write_en_reg_i_1/O
                         net (fo=1, routed)           0.000     1.115    p_0_in
    SLICE_X1Y39          FDPE                                         r  sig_write_en_reg_reg/D
  -------------------------------------------------------------------    -------------------

                         (clock pclk rise edge)       0.000     0.000 r  <hidden>
    F4                                                0.000     0.000 r  PCLK
                         net (fo=0)                   0.000     0.000    PCLK
    F4                   IBUF (Prop_ibuf_I_O)         0.436     0.436 r  PCLK_IBUF_inst/O
                         net (fo=1, routed)           0.685     1.121    PCLK_IBUF
    BUFGCTRL_X0Y16       BUFG (Prop_bufg_I_O)         0.029     1.150 r  PCLK_IBUF_BUFG_inst/O
                         net (fo=37, routed)          0.866     2.015    PCLK_IBUF_BUFG
    SLICE_X1Y39          FDPE                                         r  sig_write_en_reg_reg/C

Slack:                    inf
  Source:                 PWDATA[18]
                            (input port)
  Destination:            contradiction_reg_reg/D
                            (rising edge-triggered cell FDCE clocked by pclk  {rise@0.000ns fall@5.000ns period=10.000ns})
  Path Group:             (none)
  Path Type:              Hold (Min at Fast Process Corner)
  Data Path Delay:        1.223ns  (logic 0.441ns (36.033%)  route 0.783ns (63.967%))
  Logic Levels:           3  (IBUF=1 LUT5=1 LUT6=1)
  Clock Path Skew:        2.015ns (DCD - SCD - CPR)
    Destination Clock Delay (DCD):    2.015ns
    Source Clock Delay      (SCD):    0.000ns
    Clock Pessimism Removal (CPR):    -0.000ns
  Timing Exception:       False Path

    Location             Delay type                Incr(ns)  Path(ns)    Netlist Resource(s)
  -------------------------------------------------------------------    -------------------
    C16                                               0.000     0.000 f  PWDATA[18]
                         net (fo=0)                   0.000     0.000    PWDATA[18]
    C16                  IBUF (Prop_ibuf_I_O)         0.286     0.286 f  PWDATA_IBUF[18]_inst/O
                         net (fo=2, routed)           0.335     0.621    PWDATA_IBUF[18]
    SLICE_X0Y60          LUT5 (Prop_lut5_I3_O)        0.048     0.669 f  sig_write_en_reg_i_3/O
                         net (fo=3, routed)           0.448     1.116    sig_write_en_reg_i_3_n_0
    SLICE_X1Y39          LUT6 (Prop_lut6_I3_O)        0.107     1.223 r  contradiction_reg_i_1/O
                         net (fo=1, routed)           0.000     1.223    contradiction_reg_i_1_n_0
    SLICE_X1Y39          FDCE                                         r  contradiction_reg_reg/D
  -------------------------------------------------------------------    -------------------

                         (clock pclk rise edge)       0.000     0.000 r  <hidden>
    F4                                                0.000     0.000 r  PCLK
                         net (fo=0)                   0.000     0.000    PCLK
    F4                   IBUF (Prop_ibuf_I_O)         0.436     0.436 r  PCLK_IBUF_inst/O
                         net (fo=1, routed)           0.685     1.121    PCLK_IBUF
    BUFGCTRL_X0Y16       BUFG (Prop_bufg_I_O)         0.029     1.150 r  PCLK_IBUF_BUFG_inst/O
                         net (fo=37, routed)          0.866     2.015    PCLK_IBUF_BUFG
    SLICE_X1Y39          FDCE                                         r  contradiction_reg_reg/C

Slack:                    inf
  Source:                 PWDATA[16]
                            (input port)
  Destination:            PRDATA_reg[31]_lopt_replica_9/D
                            (rising edge-triggered cell FDCE clocked by pclk  {rise@0.000ns fall@5.000ns period=10.000ns})
  Path Group:             (none)
  Path Type:              Hold (Min at Fast Process Corner)
  Data Path Delay:        1.321ns  (logic 0.370ns (27.991%)  route 0.952ns (72.009%))
  Logic Levels:           3  (IBUF=1 LUT5=1 LUT6=1)
  Clock Path Skew:        2.015ns (DCD - SCD - CPR)
    Destination Clock Delay (DCD):    2.015ns
    Source Clock Delay      (SCD):    0.000ns
    Clock Pessimism Removal (CPR):    -0.000ns
  Timing Exception:       False Path

    Location             Delay type                Incr(ns)  Path(ns)    Netlist Resource(s)
  -------------------------------------------------------------------    -------------------
    C17                                               0.000     0.000 f  PWDATA[16]
                         net (fo=0)                   0.000     0.000    PWDATA[16]
    C17                  IBUF (Prop_ibuf_I_O)         0.280     0.280 f  PWDATA_IBUF[16]_inst/O
                         net (fo=2, routed)           0.335     0.615    PWDATA_IBUF[16]
    SLICE_X0Y59          LUT5 (Prop_lut5_I3_O)        0.045     0.660 f  sig_write_en_reg_i_2/O
                         net (fo=3, routed)           0.458     1.117    sig_write_en_reg_i_2_n_0
    SLICE_X0Y39          LUT6 (Prop_lut6_I4_O)        0.045     1.162 r  PRDATA[31]_i_1/O
                         net (fo=18, routed)          0.159     1.321    PRDATA[31]_i_1_n_0
    SLICE_X1Y39          FDCE                                         r  PRDATA_reg[31]_lopt_replica_9/D
  -------------------------------------------------------------------    -------------------

                         (clock pclk rise edge)       0.000     0.000 r  <hidden>
    F4                                                0.000     0.000 r  PCLK
                         net (fo=0)                   0.000     0.000    PCLK
    F4                   IBUF (Prop_ibuf_I_O)         0.436     0.436 r  PCLK_IBUF_inst/O
                         net (fo=1, routed)           0.685     1.121    PCLK_IBUF
    BUFGCTRL_X0Y16       BUFG (Prop_bufg_I_O)         0.029     1.150 r  PCLK_IBUF_BUFG_inst/O
                         net (fo=37, routed)          0.866     2.015    PCLK_IBUF_BUFG
    SLICE_X1Y39          FDCE                                         r  PRDATA_reg[31]_lopt_replica_9/C

Slack:                    inf
  Source:                 PADDR[7]
                            (input port)
  Destination:            compteur_entropie_reg[2]/D
                            (rising edge-triggered cell FDCE clocked by pclk  {rise@0.000ns fall@5.000ns period=10.000ns})
  Path Group:             (none)
  Path Type:              Hold (Min at Fast Process Corner)
  Data Path Delay:        1.347ns  (logic 0.340ns (25.274%)  route 1.007ns (74.726%))
  Logic Levels:           3  (IBUF=1 LUT4=1 LUT6=1)
  Clock Path Skew:        2.015ns (DCD - SCD - CPR)
    Destination Clock Delay (DCD):    2.015ns
    Source Clock Delay      (SCD):    0.000ns
    Clock Pessimism Removal (CPR):    -0.000ns
  Timing Exception:       False Path

    Location             Delay type                Incr(ns)  Path(ns)    Netlist Resource(s)
  -------------------------------------------------------------------    -------------------
    U16                                               0.000     0.000 r  PADDR[7]
                         net (fo=0)                   0.000     0.000    PADDR[7]
    U16                  IBUF (Prop_ibuf_I_O)         0.250     0.250 r  PADDR_IBUF[7]_inst/O
                         net (fo=1, routed)           0.407     0.657    PADDR_IBUF[7]
    SLICE_X0Y14          LUT6 (Prop_lut6_I2_O)        0.045     0.702 r  compteur_entropie[7]_i_6/O
                         net (fo=8, routed)           0.600     1.302    compteur_entropie[7]_i_6_n_0
    SLICE_X1Y38          LUT4 (Prop_lut4_I3_O)        0.045     1.347 r  compteur_entropie[2]_i_1/O
                         net (fo=1, routed)           0.000     1.347    compteur_entropie[2]
    SLICE_X1Y38          FDCE                                         r  compteur_entropie_reg[2]/D
  -------------------------------------------------------------------    -------------------

                         (clock pclk rise edge)       0.000     0.000 r  <hidden>
    F4                                                0.000     0.000 r  PCLK
                         net (fo=0)                   0.000     0.000    PCLK
    F4                   IBUF (Prop_ibuf_I_O)         0.436     0.436 r  PCLK_IBUF_inst/O
                         net (fo=1, routed)           0.685     1.121    PCLK_IBUF
    BUFGCTRL_X0Y16       BUFG (Prop_bufg_I_O)         0.029     1.150 r  PCLK_IBUF_BUFG_inst/O
                         net (fo=37, routed)          0.866     2.015    PCLK_IBUF_BUFG
    SLICE_X1Y38          FDCE                                         r  compteur_entropie_reg[2]/C

Slack:                    inf
  Source:                 PADDR[7]
                            (input port)
  Destination:            compteur_entropie_reg[3]/D
                            (rising edge-triggered cell FDCE clocked by pclk  {rise@0.000ns fall@5.000ns period=10.000ns})
  Path Group:             (none)
  Path Type:              Hold (Min at Fast Process Corner)
  Data Path Delay:        1.350ns  (logic 0.343ns (25.440%)  route 1.007ns (74.560%))
  Logic Levels:           3  (IBUF=1 LUT5=1 LUT6=1)
  Clock Path Skew:        2.015ns (DCD - SCD - CPR)
    Destination Clock Delay (DCD):    2.015ns
    Source Clock Delay      (SCD):    0.000ns
    Clock Pessimism Removal (CPR):    -0.000ns
  Timing Exception:       False Path

    Location             Delay type                Incr(ns)  Path(ns)    Netlist Resource(s)
  -------------------------------------------------------------------    -------------------
    U16                                               0.000     0.000 r  PADDR[7]
                         net (fo=0)                   0.000     0.000    PADDR[7]
    U16                  IBUF (Prop_ibuf_I_O)         0.250     0.250 r  PADDR_IBUF[7]_inst/O
                         net (fo=1, routed)           0.407     0.657    PADDR_IBUF[7]
    SLICE_X0Y14          LUT6 (Prop_lut6_I2_O)        0.045     0.702 r  compteur_entropie[7]_i_6/O
                         net (fo=8, routed)           0.600     1.302    compteur_entropie[7]_i_6_n_0
    SLICE_X1Y38          LUT5 (Prop_lut5_I4_O)        0.048     1.350 r  compteur_entropie[3]_i_1/O
                         net (fo=1, routed)           0.000     1.350    compteur_entropie[3]_i_1_n_0
    SLICE_X1Y38          FDCE                                         r  compteur_entropie_reg[3]/D
  -------------------------------------------------------------------    -------------------

                         (clock pclk rise edge)       0.000     0.000 r  <hidden>
    F4                                                0.000     0.000 r  PCLK
                         net (fo=0)                   0.000     0.000    PCLK
    F4                   IBUF (Prop_ibuf_I_O)         0.436     0.436 r  PCLK_IBUF_inst/O
                         net (fo=1, routed)           0.685     1.121    PCLK_IBUF
    BUFGCTRL_X0Y16       BUFG (Prop_bufg_I_O)         0.029     1.150 r  PCLK_IBUF_BUFG_inst/O
                         net (fo=37, routed)          0.866     2.015    PCLK_IBUF_BUFG
    SLICE_X1Y38          FDCE                                         r  compteur_entropie_reg[3]/C

Slack:                    inf
  Source:                 PADDR[7]
                            (input port)
  Destination:            compteur_entropie_reg[1]/D
                            (rising edge-triggered cell FDCE clocked by pclk  {rise@0.000ns fall@5.000ns period=10.000ns})
  Path Group:             (none)
  Path Type:              Hold (Min at Fast Process Corner)
  Data Path Delay:        1.354ns  (logic 0.340ns (25.136%)  route 1.014ns (74.864%))
  Logic Levels:           3  (IBUF=1 LUT3=1 LUT6=1)
  Clock Path Skew:        2.015ns (DCD - SCD - CPR)
    Destination Clock Delay (DCD):    2.015ns
    Source Clock Delay      (SCD):    0.000ns
    Clock Pessimism Removal (CPR):    -0.000ns
  Timing Exception:       False Path

    Location             Delay type                Incr(ns)  Path(ns)    Netlist Resource(s)
  -------------------------------------------------------------------    -------------------
    U16                                               0.000     0.000 r  PADDR[7]
                         net (fo=0)                   0.000     0.000    PADDR[7]
    U16                  IBUF (Prop_ibuf_I_O)         0.250     0.250 r  PADDR_IBUF[7]_inst/O
                         net (fo=1, routed)           0.407     0.657    PADDR_IBUF[7]
    SLICE_X0Y14          LUT6 (Prop_lut6_I2_O)        0.045     0.702 r  compteur_entropie[7]_i_6/O
                         net (fo=8, routed)           0.607     1.309    compteur_entropie[7]_i_6_n_0
    SLICE_X0Y39          LUT3 (Prop_lut3_I0_O)        0.045     1.354 r  compteur_entropie[1]_i_1/O
                         net (fo=1, routed)           0.000     1.354    compteur_entropie[1]
    SLICE_X0Y39          FDCE                                         r  compteur_entropie_reg[1]/D
  -------------------------------------------------------------------    -------------------

                         (clock pclk rise edge)       0.000     0.000 r  <hidden>
    F4                                                0.000     0.000 r  PCLK
                         net (fo=0)                   0.000     0.000    PCLK
    F4                   IBUF (Prop_ibuf_I_O)         0.436     0.436 r  PCLK_IBUF_inst/O
                         net (fo=1, routed)           0.685     1.121    PCLK_IBUF
    BUFGCTRL_X0Y16       BUFG (Prop_bufg_I_O)         0.029     1.150 r  PCLK_IBUF_BUFG_inst/O
                         net (fo=37, routed)          0.866     2.015    PCLK_IBUF_BUFG
    SLICE_X0Y39          FDCE                                         r  compteur_entropie_reg[1]/C

Slack:                    inf
  Source:                 PADDR[7]
                            (input port)
  Destination:            compteur_entropie_reg[5]/D
                            (rising edge-triggered cell FDCE clocked by pclk  {rise@0.000ns fall@5.000ns period=10.000ns})
  Path Group:             (none)
  Path Type:              Hold (Min at Fast Process Corner)
  Data Path Delay:        1.355ns  (logic 0.341ns (25.191%)  route 1.014ns (74.809%))
  Logic Levels:           3  (IBUF=1 LUT3=1 LUT6=1)
  Clock Path Skew:        2.015ns (DCD - SCD - CPR)
    Destination Clock Delay (DCD):    2.015ns
    Source Clock Delay      (SCD):    0.000ns
    Clock Pessimism Removal (CPR):    -0.000ns
  Timing Exception:       False Path

    Location             Delay type                Incr(ns)  Path(ns)    Netlist Resource(s)
  -------------------------------------------------------------------    -------------------
    U16                                               0.000     0.000 r  PADDR[7]
                         net (fo=0)                   0.000     0.000    PADDR[7]
    U16                  IBUF (Prop_ibuf_I_O)         0.250     0.250 r  PADDR_IBUF[7]_inst/O
                         net (fo=1, routed)           0.407     0.657    PADDR_IBUF[7]
    SLICE_X0Y14          LUT6 (Prop_lut6_I2_O)        0.045     0.702 r  compteur_entropie[7]_i_6/O
                         net (fo=8, routed)           0.607     1.309    compteur_entropie[7]_i_6_n_0
    SLICE_X0Y39          LUT3 (Prop_lut3_I0_O)        0.046     1.355 r  compteur_entropie[5]_i_1/O
                         net (fo=1, routed)           0.000     1.355    compteur_entropie[5]
    SLICE_X0Y39          FDCE                                         r  compteur_entropie_reg[5]/D
  -------------------------------------------------------------------    -------------------

                         (clock pclk rise edge)       0.000     0.000 r  <hidden>
    F4                                                0.000     0.000 r  PCLK
                         net (fo=0)                   0.000     0.000    PCLK
    F4                   IBUF (Prop_ibuf_I_O)         0.436     0.436 r  PCLK_IBUF_inst/O
                         net (fo=1, routed)           0.685     1.121    PCLK_IBUF
    BUFGCTRL_X0Y16       BUFG (Prop_bufg_I_O)         0.029     1.150 r  PCLK_IBUF_BUFG_inst/O
                         net (fo=37, routed)          0.866     2.015    PCLK_IBUF_BUFG
    SLICE_X0Y39          FDCE                                         r  compteur_entropie_reg[5]/C

Slack:                    inf
  Source:                 PRESETn
                            (input port)
  Destination:            PRDATA_reg[31]_lopt_replica_2/CLR
                            (removal check against rising-edge clock pclk  {rise@0.000ns fall@5.000ns period=10.000ns})
  Path Group:             (none)
  Path Type:              Removal (Min at Fast Process Corner)
  Data Path Delay:        1.392ns  (logic 0.297ns (21.373%)  route 1.094ns (78.627%))
  Logic Levels:           2  (IBUF=1 LUT1=1)
  Clock Path Skew:        2.006ns (DCD - SCD - CPR)
    Destination Clock Delay (DCD):    2.006ns
    Source Clock Delay      (SCD):    0.000ns
    Clock Pessimism Removal (CPR):    -0.000ns
  Timing Exception:       False Path

    Location             Delay type                Incr(ns)  Path(ns)    Netlist Resource(s)
  -------------------------------------------------------------------    -------------------
    T10                                               0.000     0.000 r  PRESETn
                         net (fo=0)                   0.000     0.000    PRESETn
    T10                  IBUF (Prop_ibuf_I_O)         0.252     0.252 r  PRESETn_IBUF_inst/O
                         net (fo=1, routed)           0.489     0.742    PRESETn_IBUF
    SLICE_X0Y7           LUT1 (Prop_lut1_I0_O)        0.045     0.787 f  compteur_entropie[7]_i_3/O
                         net (fo=37, routed)          0.605     1.392    compteur_entropie[7]_i_3_n_0
    SLICE_X0Y29          FDCE                                         f  PRDATA_reg[31]_lopt_replica_2/CLR
  -------------------------------------------------------------------    -------------------

                         (clock pclk rise edge)       0.000     0.000 r  <hidden>
    F4                                                0.000     0.000 r  PCLK
                         net (fo=0)                   0.000     0.000    PCLK
    F4                   IBUF (Prop_ibuf_I_O)         0.436     0.436 r  PCLK_IBUF_inst/O
                         net (fo=1, routed)           0.685     1.121    PCLK_IBUF
    BUFGCTRL_X0Y16       BUFG (Prop_bufg_I_O)         0.029     1.150 r  PCLK_IBUF_BUFG_inst/O
                         net (fo=37, routed)          0.857     2.006    PCLK_IBUF_BUFG
    SLICE_X0Y29          FDCE                                         r  PRDATA_reg[31]_lopt_replica_2/C

Slack:                    inf
  Source:                 PRESETn
                            (input port)
  Destination:            PRDATA_reg[31]_lopt_replica_3/CLR
                            (removal check against rising-edge clock pclk  {rise@0.000ns fall@5.000ns period=10.000ns})
  Path Group:             (none)
  Path Type:              Removal (Min at Fast Process Corner)
  Data Path Delay:        1.392ns  (logic 0.297ns (21.373%)  route 1.094ns (78.627%))
  Logic Levels:           2  (IBUF=1 LUT1=1)
  Clock Path Skew:        2.006ns (DCD - SCD - CPR)
    Destination Clock Delay (DCD):    2.006ns
    Source Clock Delay      (SCD):    0.000ns
    Clock Pessimism Removal (CPR):    -0.000ns
  Timing Exception:       False Path

    Location             Delay type                Incr(ns)  Path(ns)    Netlist Resource(s)
  -------------------------------------------------------------------    -------------------
    T10                                               0.000     0.000 r  PRESETn
                         net (fo=0)                   0.000     0.000    PRESETn
    T10                  IBUF (Prop_ibuf_I_O)         0.252     0.252 r  PRESETn_IBUF_inst/O
                         net (fo=1, routed)           0.489     0.742    PRESETn_IBUF
    SLICE_X0Y7           LUT1 (Prop_lut1_I0_O)        0.045     0.787 f  compteur_entropie[7]_i_3/O
                         net (fo=37, routed)          0.605     1.392    compteur_entropie[7]_i_3_n_0
    SLICE_X0Y29          FDCE                                         f  PRDATA_reg[31]_lopt_replica_3/CLR
  -------------------------------------------------------------------    -------------------

                         (clock pclk rise edge)       0.000     0.000 r  <hidden>
    F4                                                0.000     0.000 r  PCLK
                         net (fo=0)                   0.000     0.000    PCLK
    F4                   IBUF (Prop_ibuf_I_O)         0.436     0.436 r  PCLK_IBUF_inst/O
                         net (fo=1, routed)           0.685     1.121    PCLK_IBUF
    BUFGCTRL_X0Y16       BUFG (Prop_bufg_I_O)         0.029     1.150 r  PCLK_IBUF_BUFG_inst/O
                         net (fo=37, routed)          0.857     2.006    PCLK_IBUF_BUFG
    SLICE_X0Y29          FDCE                                         r  PRDATA_reg[31]_lopt_replica_3/C





--------------------------------------------------------------------------------------
Path Group:  (none)
From Clock:  pclk
  To Clock:  

Max Delay             3 Endpoints
Min Delay             3 Endpoints
--------------------------------------------------------------------------------------


Max Delay Paths
--------------------------------------------------------------------------------------
Slack:                    inf
  Source:                 sig_write_en_reg_reg/C
                            (rising edge-triggered cell FDPE clocked by pclk  {rise@0.000ns fall@5.000ns period=10.000ns})
  Destination:            SIG_FLASH_WRITE_ENABLE
                            (output port)
  Path Group:             (none)
  Path Type:              Max at Slow Process Corner
  Data Path Delay:        6.554ns  (logic 3.992ns (60.920%)  route 2.561ns (39.080%))
  Logic Levels:           1  (OBUF=1)
  Clock Uncertainty:      0.025ns  ((TSJ^2 + TIJ^2)^1/2 + DJ) / 2 + PE
    Total System Jitter     (TSJ):    0.050ns
    Total Input Jitter      (TIJ):    0.000ns
    Discrete Jitter          (DJ):    0.000ns
    Phase Error              (PE):    0.000ns

    Location             Delay type                Incr(ns)  Path(ns)    Netlist Resource(s)
  -------------------------------------------------------------------    -------------------
                         (clock pclk rise edge)       0.000     0.000 r  <hidden>
    F4                                                0.000     0.000 r  PCLK
                         net (fo=0)                   0.000     0.000    PCLK
    F4                   IBUF (Prop_ibuf_I_O)         1.590     1.590 r  PCLK_IBUF_inst/O
                         net (fo=1, routed)           1.967     3.557    PCLK_IBUF
    BUFGCTRL_X0Y16       BUFG (Prop_bufg_I_O)         0.096     3.653 r  PCLK_IBUF_BUFG_inst/O
                         net (fo=37, routed)          1.638     5.291    PCLK_IBUF_BUFG
    SLICE_X1Y39          FDPE                                         r  sig_write_en_reg_reg/C
  -------------------------------------------------------------------    -------------------
    SLICE_X1Y39          FDPE (Prop_fdpe_C_Q)         0.456     5.747 r  sig_write_en_reg_reg/Q
                         net (fo=1, routed)           2.561     8.308    SIG_FLASH_WRITE_ENABLE_OBUF
    T11                  OBUF (Prop_obuf_I_O)         3.536    11.845 r  SIG_FLASH_WRITE_ENABLE_OBUF_inst/O
                         net (fo=0)                   0.000    11.845    SIG_FLASH_WRITE_ENABLE
    T11                                                               r  SIG_FLASH_WRITE_ENABLE
  -------------------------------------------------------------------    -------------------

Slack:                    inf
  Source:                 PRDATA_reg[31]/C
                            (rising edge-triggered cell FDCE clocked by pclk  {rise@0.000ns fall@5.000ns period=10.000ns})
  Destination:            PSLVERR
                            (output port)
  Path Group:             (none)
  Path Type:              Max at Slow Process Corner
  Data Path Delay:        6.497ns  (logic 4.017ns (61.828%)  route 2.480ns (38.172%))
  Logic Levels:           1  (OBUF=1)
  Clock Uncertainty:      0.025ns  ((TSJ^2 + TIJ^2)^1/2 + DJ) / 2 + PE
    Total System Jitter     (TSJ):    0.050ns
    Total Input Jitter      (TIJ):    0.000ns
    Discrete Jitter          (DJ):    0.000ns
    Phase Error              (PE):    0.000ns

    Location             Delay type                Incr(ns)  Path(ns)    Netlist Resource(s)
  -------------------------------------------------------------------    -------------------
                         (clock pclk rise edge)       0.000     0.000 r  <hidden>
    F4                                                0.000     0.000 r  PCLK
                         net (fo=0)                   0.000     0.000    PCLK
    F4                   IBUF (Prop_ibuf_I_O)         1.590     1.590 r  PCLK_IBUF_inst/O
                         net (fo=1, routed)           1.967     3.557    PCLK_IBUF
    BUFGCTRL_X0Y16       BUFG (Prop_bufg_I_O)         0.096     3.653 r  PCLK_IBUF_BUFG_inst/O
                         net (fo=37, routed)          1.626     5.279    PCLK_IBUF_BUFG
    SLICE_X0Y28          FDCE                                         r  PRDATA_reg[31]/C
  -------------------------------------------------------------------    -------------------
    SLICE_X0Y28          FDCE (Prop_fdce_C_Q)         0.456     5.735 r  PRDATA_reg[31]/Q
                         net (fo=1, routed)           2.480     8.215    PSLVERR_OBUF
    V12                  OBUF (Prop_obuf_I_O)         3.561    11.776 r  PSLVERR_OBUF_inst/O
                         net (fo=0)                   0.000    11.776    PSLVERR
    V12                                                               r  PSLVERR
  -------------------------------------------------------------------    -------------------

Slack:                    inf
  Source:                 PREADY_reg/C
                            (rising edge-triggered cell FDCE clocked by pclk  {rise@0.000ns fall@5.000ns period=10.000ns})
  Destination:            PREADY
                            (output port)
  Path Group:             (none)
  Path Type:              Max at Slow Process Corner
  Data Path Delay:        5.692ns  (logic 4.020ns (70.626%)  route 1.672ns (29.374%))
  Logic Levels:           1  (OBUF=1)
  Clock Uncertainty:      0.025ns  ((TSJ^2 + TIJ^2)^1/2 + DJ) / 2 + PE
    Total System Jitter     (TSJ):    0.050ns
    Total Input Jitter      (TIJ):    0.000ns
    Discrete Jitter          (DJ):    0.000ns
    Phase Error              (PE):    0.000ns

    Location             Delay type                Incr(ns)  Path(ns)    Netlist Resource(s)
  -------------------------------------------------------------------    -------------------
                         (clock pclk rise edge)       0.000     0.000 r  <hidden>
    F4                                                0.000     0.000 r  PCLK
                         net (fo=0)                   0.000     0.000    PCLK
    F4                   IBUF (Prop_ibuf_I_O)         1.590     1.590 r  PCLK_IBUF_inst/O
                         net (fo=1, routed)           1.967     3.557    PCLK_IBUF
    BUFGCTRL_X0Y16       BUFG (Prop_bufg_I_O)         0.096     3.653 r  PCLK_IBUF_BUFG_inst/O
                         net (fo=37, routed)          1.638     5.291    PCLK_IBUF_BUFG
    SLICE_X0Y9           FDCE                                         r  PREADY_reg/C
  -------------------------------------------------------------------    -------------------
    SLICE_X0Y9           FDCE (Prop_fdce_C_Q)         0.456     5.747 r  PREADY_reg/Q
                         net (fo=1, routed)           1.672     7.419    PREADY_OBUF
    U12                  OBUF (Prop_obuf_I_O)         3.564    10.983 r  PREADY_OBUF_inst/O
                         net (fo=0)                   0.000    10.983    PREADY
    U12                                                               r  PREADY
  -------------------------------------------------------------------    -------------------





Min Delay Paths
--------------------------------------------------------------------------------------
Slack:                    inf
  Source:                 PREADY_reg/C
                            (rising edge-triggered cell FDCE clocked by pclk  {rise@0.000ns fall@5.000ns period=10.000ns})
  Destination:            PREADY
                            (output port)
  Path Group:             (none)
  Path Type:              Min at Fast Process Corner
  Data Path Delay:        1.729ns  (logic 1.406ns (81.316%)  route 0.323ns (18.684%))
  Logic Levels:           1  (OBUF=1)
  Clock Uncertainty:      0.025ns  ((TSJ^2 + TIJ^2)^1/2 + DJ) / 2 + PE
    Total System Jitter     (TSJ):    0.050ns
    Total Input Jitter      (TIJ):    0.000ns
    Discrete Jitter          (DJ):    0.000ns
    Phase Error              (PE):    0.000ns

    Location             Delay type                Incr(ns)  Path(ns)    Netlist Resource(s)
  -------------------------------------------------------------------    -------------------
                         (clock pclk rise edge)       0.000     0.000 r  <hidden>
    F4                                                0.000     0.000 r  PCLK
                         net (fo=0)                   0.000     0.000    PCLK
    F4                   IBUF (Prop_ibuf_I_O)         0.248     0.248 r  PCLK_IBUF_inst/O
                         net (fo=1, routed)           0.631     0.879    PCLK_IBUF
    BUFGCTRL_X0Y16       BUFG (Prop_bufg_I_O)         0.026     0.905 r  PCLK_IBUF_BUFG_inst/O
                         net (fo=37, routed)          0.596     1.501    PCLK_IBUF_BUFG
    SLICE_X0Y9           FDCE                                         r  PREADY_reg/C
  -------------------------------------------------------------------    -------------------
    SLICE_X0Y9           FDCE (Prop_fdce_C_Q)         0.141     1.642 r  PREADY_reg/Q
                         net (fo=1, routed)           0.323     1.965    PREADY_OBUF
    U12                  OBUF (Prop_obuf_I_O)         1.265     3.229 r  PREADY_OBUF_inst/O
                         net (fo=0)                   0.000     3.229    PREADY
    U12                                                               r  PREADY
  -------------------------------------------------------------------    -------------------

Slack:                    inf
  Source:                 PRDATA_reg[31]/C
                            (rising edge-triggered cell FDCE clocked by pclk  {rise@0.000ns fall@5.000ns period=10.000ns})
  Destination:            PSLVERR
                            (output port)
  Path Group:             (none)
  Path Type:              Min at Fast Process Corner
  Data Path Delay:        2.086ns  (logic 1.403ns (67.250%)  route 0.683ns (32.750%))
  Logic Levels:           1  (OBUF=1)
  Clock Uncertainty:      0.025ns  ((TSJ^2 + TIJ^2)^1/2 + DJ) / 2 + PE
    Total System Jitter     (TSJ):    0.050ns
    Total Input Jitter      (TIJ):    0.000ns
    Discrete Jitter          (DJ):    0.000ns
    Phase Error              (PE):    0.000ns

    Location             Delay type                Incr(ns)  Path(ns)    Netlist Resource(s)
  -------------------------------------------------------------------    -------------------
                         (clock pclk rise edge)       0.000     0.000 r  <hidden>
    F4                                                0.000     0.000 r  PCLK
                         net (fo=0)                   0.000     0.000    PCLK
    F4                   IBUF (Prop_ibuf_I_O)         0.248     0.248 r  PCLK_IBUF_inst/O
                         net (fo=1, routed)           0.631     0.879    PCLK_IBUF
    BUFGCTRL_X0Y16       BUFG (Prop_bufg_I_O)         0.026     0.905 r  PCLK_IBUF_BUFG_inst/O
                         net (fo=37, routed)          0.587     1.492    PCLK_IBUF_BUFG
    SLICE_X0Y28          FDCE                                         r  PRDATA_reg[31]/C
  -------------------------------------------------------------------    -------------------
    SLICE_X0Y28          FDCE (Prop_fdce_C_Q)         0.141     1.633 r  PRDATA_reg[31]/Q
                         net (fo=1, routed)           0.683     2.316    PSLVERR_OBUF
    V12                  OBUF (Prop_obuf_I_O)         1.262     3.577 r  PSLVERR_OBUF_inst/O
                         net (fo=0)                   0.000     3.577    PSLVERR
    V12                                                               r  PSLVERR
  -------------------------------------------------------------------    -------------------

Slack:                    inf
  Source:                 sig_write_en_reg_reg/C
                            (rising edge-triggered cell FDPE clocked by pclk  {rise@0.000ns fall@5.000ns period=10.000ns})
  Destination:            SIG_FLASH_WRITE_ENABLE
                            (output port)
  Path Group:             (none)
  Path Type:              Min at Fast Process Corner
  Data Path Delay:        2.108ns  (logic 1.378ns (65.370%)  route 0.730ns (34.630%))
  Logic Levels:           1  (OBUF=1)
  Clock Uncertainty:      0.025ns  ((TSJ^2 + TIJ^2)^1/2 + DJ) / 2 + PE
    Total System Jitter     (TSJ):    0.050ns
    Total Input Jitter      (TIJ):    0.000ns
    Discrete Jitter          (DJ):    0.000ns
    Phase Error              (PE):    0.000ns

    Location             Delay type                Incr(ns)  Path(ns)    Netlist Resource(s)
  -------------------------------------------------------------------    -------------------
                         (clock pclk rise edge)       0.000     0.000 r  <hidden>
    F4                                                0.000     0.000 r  PCLK
                         net (fo=0)                   0.000     0.000    PCLK
    F4                   IBUF (Prop_ibuf_I_O)         0.248     0.248 r  PCLK_IBUF_inst/O
                         net (fo=1, routed)           0.631     0.879    PCLK_IBUF
    BUFGCTRL_X0Y16       BUFG (Prop_bufg_I_O)         0.026     0.905 r  PCLK_IBUF_BUFG_inst/O
                         net (fo=37, routed)          0.595     1.500    PCLK_IBUF_BUFG
    SLICE_X1Y39          FDPE                                         r  sig_write_en_reg_reg/C
  -------------------------------------------------------------------    -------------------
    SLICE_X1Y39          FDPE (Prop_fdpe_C_Q)         0.141     1.641 r  sig_write_en_reg_reg/Q
                         net (fo=1, routed)           0.730     2.371    SIG_FLASH_WRITE_ENABLE_OBUF
    T11                  OBUF (Prop_obuf_I_O)         1.237     3.608 r  SIG_FLASH_WRITE_ENABLE_OBUF_inst/O
                         net (fo=0)                   0.000     3.608    SIG_FLASH_WRITE_ENABLE
    T11                                                               r  SIG_FLASH_WRITE_ENABLE
  -------------------------------------------------------------------    -------------------





--------------------------------------------------------------------------------------
Path Group:  (none)
From Clock:  
  To Clock:  pclk

Max Delay            37 Endpoints
Min Delay            37 Endpoints
--------------------------------------------------------------------------------------


Max Delay Paths
--------------------------------------------------------------------------------------
Slack:                    inf
  Source:                 PSEL
                            (input port)
  Destination:            compteur_entropie_reg[1]/CE
                            (rising edge-triggered cell FDCE clocked by pclk  {rise@0.000ns fall@5.000ns period=10.000ns})
  Path Group:             (none)
  Path Type:              Setup (Max at Slow Process Corner)
  Data Path Delay:        6.282ns  (logic 1.851ns (29.464%)  route 4.431ns (70.536%))
  Logic Levels:           3  (IBUF=1 LUT2=1 LUT6=1)
  Clock Path Skew:        4.883ns (DCD - SCD + CPR)
    Destination Clock Delay (DCD):    4.883ns
    Source Clock Delay      (SCD):    0.000ns
    Clock Pessimism Removal (CPR):    0.000ns
  Clock Uncertainty:      0.025ns  ((TSJ^2 + TIJ^2)^1/2 + DJ) / 2 + PE
    Total System Jitter     (TSJ):    0.050ns
    Total Input Jitter      (TIJ):    0.000ns
    Discrete Jitter          (DJ):    0.000ns
    Phase Error              (PE):    0.000ns

    Location             Delay type                Incr(ns)  Path(ns)    Netlist Resource(s)
  -------------------------------------------------------------------    -------------------
    V11                                               0.000     0.000 r  PSEL
                         net (fo=0)                   0.000     0.000    PSEL
    V11                  IBUF (Prop_ibuf_I_O)         1.603     1.603 r  PSEL_IBUF_inst/O
                         net (fo=13, routed)          2.825     4.428    PSEL_IBUF
    SLICE_X1Y38          LUT2 (Prop_lut2_I1_O)        0.124     4.552 r  compteur_entropie[7]_i_7/O
                         net (fo=1, routed)           0.860     5.412    compteur_entropie[7]_i_7_n_0
    SLICE_X0Y38          LUT6 (Prop_lut6_I3_O)        0.124     5.536 r  compteur_entropie[7]_i_1/O
                         net (fo=8, routed)           0.745     6.282    compteur_entropie[7]_i_1_n_0
    SLICE_X0Y39          FDCE                                         r  compteur_entropie_reg[1]/CE
  -------------------------------------------------------------------    -------------------

                         (clock pclk rise edge)       0.000     0.000 r  <hidden>
    F4                                                0.000     0.000 r  PCLK
                         net (fo=0)                   0.000     0.000    PCLK
    F4                   IBUF (Prop_ibuf_I_O)         1.410     1.410 r  PCLK_IBUF_inst/O
                         net (fo=1, routed)           1.862     3.272    PCLK_IBUF
    BUFGCTRL_X0Y16       BUFG (Prop_bufg_I_O)         0.091     3.363 r  PCLK_IBUF_BUFG_inst/O
                         net (fo=37, routed)          1.520     4.883    PCLK_IBUF_BUFG
    SLICE_X0Y39          FDCE                                         r  compteur_entropie_reg[1]/C

Slack:                    inf
  Source:                 PSEL
                            (input port)
  Destination:            compteur_entropie_reg[5]/CE
                            (rising edge-triggered cell FDCE clocked by pclk  {rise@0.000ns fall@5.000ns period=10.000ns})
  Path Group:             (none)
  Path Type:              Setup (Max at Slow Process Corner)
  Data Path Delay:        6.282ns  (logic 1.851ns (29.464%)  route 4.431ns (70.536%))
  Logic Levels:           3  (IBUF=1 LUT2=1 LUT6=1)
  Clock Path Skew:        4.883ns (DCD - SCD + CPR)
    Destination Clock Delay (DCD):    4.883ns
    Source Clock Delay      (SCD):    0.000ns
    Clock Pessimism Removal (CPR):    0.000ns
  Clock Uncertainty:      0.025ns  ((TSJ^2 + TIJ^2)^1/2 + DJ) / 2 + PE
    Total System Jitter     (TSJ):    0.050ns
    Total Input Jitter      (TIJ):    0.000ns
    Discrete Jitter          (DJ):    0.000ns
    Phase Error              (PE):    0.000ns

    Location             Delay type                Incr(ns)  Path(ns)    Netlist Resource(s)
  -------------------------------------------------------------------    -------------------
    V11                                               0.000     0.000 r  PSEL
                         net (fo=0)                   0.000     0.000    PSEL
    V11                  IBUF (Prop_ibuf_I_O)         1.603     1.603 r  PSEL_IBUF_inst/O
                         net (fo=13, routed)          2.825     4.428    PSEL_IBUF
    SLICE_X1Y38          LUT2 (Prop_lut2_I1_O)        0.124     4.552 r  compteur_entropie[7]_i_7/O
                         net (fo=1, routed)           0.860     5.412    compteur_entropie[7]_i_7_n_0
    SLICE_X0Y38          LUT6 (Prop_lut6_I3_O)        0.124     5.536 r  compteur_entropie[7]_i_1/O
                         net (fo=8, routed)           0.745     6.282    compteur_entropie[7]_i_1_n_0
    SLICE_X0Y39          FDCE                                         r  compteur_entropie_reg[5]/CE
  -------------------------------------------------------------------    -------------------

                         (clock pclk rise edge)       0.000     0.000 r  <hidden>
    F4                                                0.000     0.000 r  PCLK
                         net (fo=0)                   0.000     0.000    PCLK
    F4                   IBUF (Prop_ibuf_I_O)         1.410     1.410 r  PCLK_IBUF_inst/O
                         net (fo=1, routed)           1.862     3.272    PCLK_IBUF
    BUFGCTRL_X0Y16       BUFG (Prop_bufg_I_O)         0.091     3.363 r  PCLK_IBUF_BUFG_inst/O
                         net (fo=37, routed)          1.520     4.883    PCLK_IBUF_BUFG
    SLICE_X0Y39          FDCE                                         r  compteur_entropie_reg[5]/C

Slack:                    inf
  Source:                 PSEL
                            (input port)
  Destination:            compteur_entropie_reg[6]/CE
                            (rising edge-triggered cell FDCE clocked by pclk  {rise@0.000ns fall@5.000ns period=10.000ns})
  Path Group:             (none)
  Path Type:              Setup (Max at Slow Process Corner)
  Data Path Delay:        6.282ns  (logic 1.851ns (29.464%)  route 4.431ns (70.536%))
  Logic Levels:           3  (IBUF=1 LUT2=1 LUT6=1)
  Clock Path Skew:        4.883ns (DCD - SCD + CPR)
    Destination Clock Delay (DCD):    4.883ns
    Source Clock Delay      (SCD):    0.000ns
    Clock Pessimism Removal (CPR):    0.000ns
  Clock Uncertainty:      0.025ns  ((TSJ^2 + TIJ^2)^1/2 + DJ) / 2 + PE
    Total System Jitter     (TSJ):    0.050ns
    Total Input Jitter      (TIJ):    0.000ns
    Discrete Jitter          (DJ):    0.000ns
    Phase Error              (PE):    0.000ns

    Location             Delay type                Incr(ns)  Path(ns)    Netlist Resource(s)
  -------------------------------------------------------------------    -------------------
    V11                                               0.000     0.000 r  PSEL
                         net (fo=0)                   0.000     0.000    PSEL
    V11                  IBUF (Prop_ibuf_I_O)         1.603     1.603 r  PSEL_IBUF_inst/O
                         net (fo=13, routed)          2.825     4.428    PSEL_IBUF
    SLICE_X1Y38          LUT2 (Prop_lut2_I1_O)        0.124     4.552 r  compteur_entropie[7]_i_7/O
                         net (fo=1, routed)           0.860     5.412    compteur_entropie[7]_i_7_n_0
    SLICE_X0Y38          LUT6 (Prop_lut6_I3_O)        0.124     5.536 r  compteur_entropie[7]_i_1/O
                         net (fo=8, routed)           0.745     6.282    compteur_entropie[7]_i_1_n_0
    SLICE_X0Y39          FDCE                                         r  compteur_entropie_reg[6]/CE
  -------------------------------------------------------------------    -------------------

                         (clock pclk rise edge)       0.000     0.000 r  <hidden>
    F4                                                0.000     0.000 r  PCLK
                         net (fo=0)                   0.000     0.000    PCLK
    F4                   IBUF (Prop_ibuf_I_O)         1.410     1.410 r  PCLK_IBUF_inst/O
                         net (fo=1, routed)           1.862     3.272    PCLK_IBUF
    BUFGCTRL_X0Y16       BUFG (Prop_bufg_I_O)         0.091     3.363 r  PCLK_IBUF_BUFG_inst/O
                         net (fo=37, routed)          1.520     4.883    PCLK_IBUF_BUFG
    SLICE_X0Y39          FDCE                                         r  compteur_entropie_reg[6]/C

Slack:                    inf
  Source:                 PSEL
                            (input port)
  Destination:            compteur_entropie_reg[7]/CE
                            (rising edge-triggered cell FDCE clocked by pclk  {rise@0.000ns fall@5.000ns period=10.000ns})
  Path Group:             (none)
  Path Type:              Setup (Max at Slow Process Corner)
  Data Path Delay:        6.282ns  (logic 1.851ns (29.464%)  route 4.431ns (70.536%))
  Logic Levels:           3  (IBUF=1 LUT2=1 LUT6=1)
  Clock Path Skew:        4.883ns (DCD - SCD + CPR)
    Destination Clock Delay (DCD):    4.883ns
    Source Clock Delay      (SCD):    0.000ns
    Clock Pessimism Removal (CPR):    0.000ns
  Clock Uncertainty:      0.025ns  ((TSJ^2 + TIJ^2)^1/2 + DJ) / 2 + PE
    Total System Jitter     (TSJ):    0.050ns
    Total Input Jitter      (TIJ):    0.000ns
    Discrete Jitter          (DJ):    0.000ns
    Phase Error              (PE):    0.000ns

    Location             Delay type                Incr(ns)  Path(ns)    Netlist Resource(s)
  -------------------------------------------------------------------    -------------------
    V11                                               0.000     0.000 r  PSEL
                         net (fo=0)                   0.000     0.000    PSEL
    V11                  IBUF (Prop_ibuf_I_O)         1.603     1.603 r  PSEL_IBUF_inst/O
                         net (fo=13, routed)          2.825     4.428    PSEL_IBUF
    SLICE_X1Y38          LUT2 (Prop_lut2_I1_O)        0.124     4.552 r  compteur_entropie[7]_i_7/O
                         net (fo=1, routed)           0.860     5.412    compteur_entropie[7]_i_7_n_0
    SLICE_X0Y38          LUT6 (Prop_lut6_I3_O)        0.124     5.536 r  compteur_entropie[7]_i_1/O
                         net (fo=8, routed)           0.745     6.282    compteur_entropie[7]_i_1_n_0
    SLICE_X0Y39          FDCE                                         r  compteur_entropie_reg[7]/CE
  -------------------------------------------------------------------    -------------------

                         (clock pclk rise edge)       0.000     0.000 r  <hidden>
    F4                                                0.000     0.000 r  PCLK
                         net (fo=0)                   0.000     0.000    PCLK
    F4                   IBUF (Prop_ibuf_I_O)         1.410     1.410 r  PCLK_IBUF_inst/O
                         net (fo=1, routed)           1.862     3.272    PCLK_IBUF
    BUFGCTRL_X0Y16       BUFG (Prop_bufg_I_O)         0.091     3.363 r  PCLK_IBUF_BUFG_inst/O
                         net (fo=37, routed)          1.520     4.883    PCLK_IBUF_BUFG
    SLICE_X0Y39          FDCE                                         r  compteur_entropie_reg[7]/C

Slack:                    inf
  Source:                 PSEL
                            (input port)
  Destination:            PRDATA_reg[31]_lopt_replica/D
                            (rising edge-triggered cell FDCE clocked by pclk  {rise@0.000ns fall@5.000ns period=10.000ns})
  Path Group:             (none)
  Path Type:              Setup (Max at Slow Process Corner)
  Data Path Delay:        6.073ns  (logic 1.727ns (28.436%)  route 4.346ns (71.564%))
  Logic Levels:           2  (IBUF=1 LUT6=1)
  Clock Path Skew:        4.873ns (DCD - SCD + CPR)
    Destination Clock Delay (DCD):    4.873ns
    Source Clock Delay      (SCD):    0.000ns
    Clock Pessimism Removal (CPR):    0.000ns
  Clock Uncertainty:      0.025ns  ((TSJ^2 + TIJ^2)^1/2 + DJ) / 2 + PE
    Total System Jitter     (TSJ):    0.050ns
    Total Input Jitter      (TIJ):    0.000ns
    Discrete Jitter          (DJ):    0.000ns
    Phase Error              (PE):    0.000ns

    Location             Delay type                Incr(ns)  Path(ns)    Netlist Resource(s)
  -------------------------------------------------------------------    -------------------
    V11                                               0.000     0.000 r  PSEL
                         net (fo=0)                   0.000     0.000    PSEL
    V11                  IBUF (Prop_ibuf_I_O)         1.603     1.603 r  PSEL_IBUF_inst/O
                         net (fo=13, routed)          2.675     4.278    PSEL_IBUF
    SLICE_X0Y39          LUT6 (Prop_lut6_I0_O)        0.124     4.402 r  PRDATA[31]_i_1/O
                         net (fo=18, routed)          1.671     6.073    PRDATA[31]_i_1_n_0
    SLICE_X0Y28          FDCE                                         r  PRDATA_reg[31]_lopt_replica/D
  -------------------------------------------------------------------    -------------------

                         (clock pclk rise edge)       0.000     0.000 r  <hidden>
    F4                                                0.000     0.000 r  PCLK
                         net (fo=0)                   0.000     0.000    PCLK
    F4                   IBUF (Prop_ibuf_I_O)         1.410     1.410 r  PCLK_IBUF_inst/O
                         net (fo=1, routed)           1.862     3.272    PCLK_IBUF
    BUFGCTRL_X0Y16       BUFG (Prop_bufg_I_O)         0.091     3.363 r  PCLK_IBUF_BUFG_inst/O
                         net (fo=37, routed)          1.510     4.873    PCLK_IBUF_BUFG
    SLICE_X0Y28          FDCE                                         r  PRDATA_reg[31]_lopt_replica/C

Slack:                    inf
  Source:                 PSEL
                            (input port)
  Destination:            compteur_entropie_reg[0]/CE
                            (rising edge-triggered cell FDCE clocked by pclk  {rise@0.000ns fall@5.000ns period=10.000ns})
  Path Group:             (none)
  Path Type:              Setup (Max at Slow Process Corner)
  Data Path Delay:        5.959ns  (logic 1.851ns (31.063%)  route 4.108ns (68.937%))
  Logic Levels:           3  (IBUF=1 LUT2=1 LUT6=1)
  Clock Path Skew:        4.882ns (DCD - SCD + CPR)
    Destination Clock Delay (DCD):    4.882ns
    Source Clock Delay      (SCD):    0.000ns
    Clock Pessimism Removal (CPR):    0.000ns
  Clock Uncertainty:      0.025ns  ((TSJ^2 + TIJ^2)^1/2 + DJ) / 2 + PE
    Total System Jitter     (TSJ):    0.050ns
    Total Input Jitter      (TIJ):    0.000ns
    Discrete Jitter          (DJ):    0.000ns
    Phase Error              (PE):    0.000ns

    Location             Delay type                Incr(ns)  Path(ns)    Netlist Resource(s)
  -------------------------------------------------------------------    -------------------
    V11                                               0.000     0.000 r  PSEL
                         net (fo=0)                   0.000     0.000    PSEL
    V11                  IBUF (Prop_ibuf_I_O)         1.603     1.603 r  PSEL_IBUF_inst/O
                         net (fo=13, routed)          2.825     4.428    PSEL_IBUF
    SLICE_X1Y38          LUT2 (Prop_lut2_I1_O)        0.124     4.552 r  compteur_entropie[7]_i_7/O
                         net (fo=1, routed)           0.860     5.412    compteur_entropie[7]_i_7_n_0
    SLICE_X0Y38          LUT6 (Prop_lut6_I3_O)        0.124     5.536 r  compteur_entropie[7]_i_1/O
                         net (fo=8, routed)           0.422     5.959    compteur_entropie[7]_i_1_n_0
    SLICE_X1Y38          FDCE                                         r  compteur_entropie_reg[0]/CE
  -------------------------------------------------------------------    -------------------

                         (clock pclk rise edge)       0.000     0.000 r  <hidden>
    F4                                                0.000     0.000 r  PCLK
                         net (fo=0)                   0.000     0.000    PCLK
    F4                   IBUF (Prop_ibuf_I_O)         1.410     1.410 r  PCLK_IBUF_inst/O
                         net (fo=1, routed)           1.862     3.272    PCLK_IBUF
    BUFGCTRL_X0Y16       BUFG (Prop_bufg_I_O)         0.091     3.363 r  PCLK_IBUF_BUFG_inst/O
                         net (fo=37, routed)          1.519     4.882    PCLK_IBUF_BUFG
    SLICE_X1Y38          FDCE                                         r  compteur_entropie_reg[0]/C

Slack:                    inf
  Source:                 PSEL
                            (input port)
  Destination:            compteur_entropie_reg[2]/CE
                            (rising edge-triggered cell FDCE clocked by pclk  {rise@0.000ns fall@5.000ns period=10.000ns})
  Path Group:             (none)
  Path Type:              Setup (Max at Slow Process Corner)
  Data Path Delay:        5.959ns  (logic 1.851ns (31.063%)  route 4.108ns (68.937%))
  Logic Levels:           3  (IBUF=1 LUT2=1 LUT6=1)
  Clock Path Skew:        4.882ns (DCD - SCD + CPR)
    Destination Clock Delay (DCD):    4.882ns
    Source Clock Delay      (SCD):    0.000ns
    Clock Pessimism Removal (CPR):    0.000ns
  Clock Uncertainty:      0.025ns  ((TSJ^2 + TIJ^2)^1/2 + DJ) / 2 + PE
    Total System Jitter     (TSJ):    0.050ns
    Total Input Jitter      (TIJ):    0.000ns
    Discrete Jitter          (DJ):    0.000ns
    Phase Error              (PE):    0.000ns

    Location             Delay type                Incr(ns)  Path(ns)    Netlist Resource(s)
  -------------------------------------------------------------------    -------------------
    V11                                               0.000     0.000 r  PSEL
                         net (fo=0)                   0.000     0.000    PSEL
    V11                  IBUF (Prop_ibuf_I_O)         1.603     1.603 r  PSEL_IBUF_inst/O
                         net (fo=13, routed)          2.825     4.428    PSEL_IBUF
    SLICE_X1Y38          LUT2 (Prop_lut2_I1_O)        0.124     4.552 r  compteur_entropie[7]_i_7/O
                         net (fo=1, routed)           0.860     5.412    compteur_entropie[7]_i_7_n_0
    SLICE_X0Y38          LUT6 (Prop_lut6_I3_O)        0.124     5.536 r  compteur_entropie[7]_i_1/O
                         net (fo=8, routed)           0.422     5.959    compteur_entropie[7]_i_1_n_0
    SLICE_X1Y38          FDCE                                         r  compteur_entropie_reg[2]/CE
  -------------------------------------------------------------------    -------------------

                         (clock pclk rise edge)       0.000     0.000 r  <hidden>
    F4                                                0.000     0.000 r  PCLK
                         net (fo=0)                   0.000     0.000    PCLK
    F4                   IBUF (Prop_ibuf_I_O)         1.410     1.410 r  PCLK_IBUF_inst/O
                         net (fo=1, routed)           1.862     3.272    PCLK_IBUF
    BUFGCTRL_X0Y16       BUFG (Prop_bufg_I_O)         0.091     3.363 r  PCLK_IBUF_BUFG_inst/O
                         net (fo=37, routed)          1.519     4.882    PCLK_IBUF_BUFG
    SLICE_X1Y38          FDCE                                         r  compteur_entropie_reg[2]/C

Slack:                    inf
  Source:                 PSEL
                            (input port)
  Destination:            compteur_entropie_reg[3]/CE
                            (rising edge-triggered cell FDCE clocked by pclk  {rise@0.000ns fall@5.000ns period=10.000ns})
  Path Group:             (none)
  Path Type:              Setup (Max at Slow Process Corner)
  Data Path Delay:        5.959ns  (logic 1.851ns (31.063%)  route 4.108ns (68.937%))
  Logic Levels:           3  (IBUF=1 LUT2=1 LUT6=1)
  Clock Path Skew:        4.882ns (DCD - SCD + CPR)
    Destination Clock Delay (DCD):    4.882ns
    Source Clock Delay      (SCD):    0.000ns
    Clock Pessimism Removal (CPR):    0.000ns
  Clock Uncertainty:      0.025ns  ((TSJ^2 + TIJ^2)^1/2 + DJ) / 2 + PE
    Total System Jitter     (TSJ):    0.050ns
    Total Input Jitter      (TIJ):    0.000ns
    Discrete Jitter          (DJ):    0.000ns
    Phase Error              (PE):    0.000ns

    Location             Delay type                Incr(ns)  Path(ns)    Netlist Resource(s)
  -------------------------------------------------------------------    -------------------
    V11                                               0.000     0.000 r  PSEL
                         net (fo=0)                   0.000     0.000    PSEL
    V11                  IBUF (Prop_ibuf_I_O)         1.603     1.603 r  PSEL_IBUF_inst/O
                         net (fo=13, routed)          2.825     4.428    PSEL_IBUF
    SLICE_X1Y38          LUT2 (Prop_lut2_I1_O)        0.124     4.552 r  compteur_entropie[7]_i_7/O
                         net (fo=1, routed)           0.860     5.412    compteur_entropie[7]_i_7_n_0
    SLICE_X0Y38          LUT6 (Prop_lut6_I3_O)        0.124     5.536 r  compteur_entropie[7]_i_1/O
                         net (fo=8, routed)           0.422     5.959    compteur_entropie[7]_i_1_n_0
    SLICE_X1Y38          FDCE                                         r  compteur_entropie_reg[3]/CE
  -------------------------------------------------------------------    -------------------

                         (clock pclk rise edge)       0.000     0.000 r  <hidden>
    F4                                                0.000     0.000 r  PCLK
                         net (fo=0)                   0.000     0.000    PCLK
    F4                   IBUF (Prop_ibuf_I_O)         1.410     1.410 r  PCLK_IBUF_inst/O
                         net (fo=1, routed)           1.862     3.272    PCLK_IBUF
    BUFGCTRL_X0Y16       BUFG (Prop_bufg_I_O)         0.091     3.363 r  PCLK_IBUF_BUFG_inst/O
                         net (fo=37, routed)          1.519     4.882    PCLK_IBUF_BUFG
    SLICE_X1Y38          FDCE                                         r  compteur_entropie_reg[3]/C

Slack:                    inf
  Source:                 PSEL
                            (input port)
  Destination:            compteur_entropie_reg[4]/CE
                            (rising edge-triggered cell FDCE clocked by pclk  {rise@0.000ns fall@5.000ns period=10.000ns})
  Path Group:             (none)
  Path Type:              Setup (Max at Slow Process Corner)
  Data Path Delay:        5.959ns  (logic 1.851ns (31.063%)  route 4.108ns (68.937%))
  Logic Levels:           3  (IBUF=1 LUT2=1 LUT6=1)
  Clock Path Skew:        4.882ns (DCD - SCD + CPR)
    Destination Clock Delay (DCD):    4.882ns
    Source Clock Delay      (SCD):    0.000ns
    Clock Pessimism Removal (CPR):    0.000ns
  Clock Uncertainty:      0.025ns  ((TSJ^2 + TIJ^2)^1/2 + DJ) / 2 + PE
    Total System Jitter     (TSJ):    0.050ns
    Total Input Jitter      (TIJ):    0.000ns
    Discrete Jitter          (DJ):    0.000ns
    Phase Error              (PE):    0.000ns

    Location             Delay type                Incr(ns)  Path(ns)    Netlist Resource(s)
  -------------------------------------------------------------------    -------------------
    V11                                               0.000     0.000 r  PSEL
                         net (fo=0)                   0.000     0.000    PSEL
    V11                  IBUF (Prop_ibuf_I_O)         1.603     1.603 r  PSEL_IBUF_inst/O
                         net (fo=13, routed)          2.825     4.428    PSEL_IBUF
    SLICE_X1Y38          LUT2 (Prop_lut2_I1_O)        0.124     4.552 r  compteur_entropie[7]_i_7/O
                         net (fo=1, routed)           0.860     5.412    compteur_entropie[7]_i_7_n_0
    SLICE_X0Y38          LUT6 (Prop_lut6_I3_O)        0.124     5.536 r  compteur_entropie[7]_i_1/O
                         net (fo=8, routed)           0.422     5.959    compteur_entropie[7]_i_1_n_0
    SLICE_X1Y38          FDCE                                         r  compteur_entropie_reg[4]/CE
  -------------------------------------------------------------------    -------------------

                         (clock pclk rise edge)       0.000     0.000 r  <hidden>
    F4                                                0.000     0.000 r  PCLK
                         net (fo=0)                   0.000     0.000    PCLK
    F4                   IBUF (Prop_ibuf_I_O)         1.410     1.410 r  PCLK_IBUF_inst/O
                         net (fo=1, routed)           1.862     3.272    PCLK_IBUF
    BUFGCTRL_X0Y16       BUFG (Prop_bufg_I_O)         0.091     3.363 r  PCLK_IBUF_BUFG_inst/O
                         net (fo=37, routed)          1.519     4.882    PCLK_IBUF_BUFG
    SLICE_X1Y38          FDCE                                         r  compteur_entropie_reg[4]/C

Slack:                    inf
  Source:                 PSEL
                            (input port)
  Destination:            PRDATA_reg[31]_lopt_replica_17/D
                            (rising edge-triggered cell FDCE clocked by pclk  {rise@0.000ns fall@5.000ns period=10.000ns})
  Path Group:             (none)
  Path Type:              Setup (Max at Slow Process Corner)
  Data Path Delay:        5.933ns  (logic 1.727ns (29.106%)  route 4.206ns (70.894%))
  Logic Levels:           2  (IBUF=1 LUT6=1)
  Clock Path Skew:        4.873ns (DCD - SCD + CPR)
    Destination Clock Delay (DCD):    4.873ns
    Source Clock Delay      (SCD):    0.000ns
    Clock Pessimism Removal (CPR):    0.000ns
  Clock Uncertainty:      0.025ns  ((TSJ^2 + TIJ^2)^1/2 + DJ) / 2 + PE
    Total System Jitter     (TSJ):    0.050ns
    Total Input Jitter      (TIJ):    0.000ns
    Discrete Jitter          (DJ):    0.000ns
    Phase Error              (PE):    0.000ns

    Location             Delay type                Incr(ns)  Path(ns)    Netlist Resource(s)
  -------------------------------------------------------------------    -------------------
    V11                                               0.000     0.000 r  PSEL
                         net (fo=0)                   0.000     0.000    PSEL
    V11                  IBUF (Prop_ibuf_I_O)         1.603     1.603 r  PSEL_IBUF_inst/O
                         net (fo=13, routed)          2.675     4.278    PSEL_IBUF
    SLICE_X0Y39          LUT6 (Prop_lut6_I0_O)        0.124     4.402 r  PRDATA[31]_i_1/O
                         net (fo=18, routed)          1.531     5.933    PRDATA[31]_i_1_n_0
    SLICE_X0Y28          FDCE                                         r  PRDATA_reg[31]_lopt_replica_17/D
  -------------------------------------------------------------------    -------------------

                         (clock pclk rise edge)       0.000     0.000 r  <hidden>
    F4                                                0.000     0.000 r  PCLK
                         net (fo=0)                   0.000     0.000    PCLK
    F4                   IBUF (Prop_ibuf_I_O)         1.410     1.410 r  PCLK_IBUF_inst/O
                         net (fo=1, routed)           1.862     3.272    PCLK_IBUF
    BUFGCTRL_X0Y16       BUFG (Prop_bufg_I_O)         0.091     3.363 r  PCLK_IBUF_BUFG_inst/O
                         net (fo=37, routed)          1.510     4.873    PCLK_IBUF_BUFG
    SLICE_X0Y28          FDCE                                         r  PRDATA_reg[31]_lopt_replica_17/C





Min Delay Paths
--------------------------------------------------------------------------------------
Slack:                    inf
  Source:                 PSEL
                            (input port)
  Destination:            PREADY_reg/D
                            (rising edge-triggered cell FDCE clocked by pclk  {rise@0.000ns fall@5.000ns period=10.000ns})
  Path Group:             (none)
  Path Type:              Hold (Min at Fast Process Corner)
  Data Path Delay:        0.634ns  (logic 0.261ns (41.091%)  route 0.374ns (58.909%))
  Logic Levels:           1  (IBUF=1)
  Clock Path Skew:        2.016ns (DCD - SCD - CPR)
    Destination Clock Delay (DCD):    2.016ns
    Source Clock Delay      (SCD):    0.000ns
    Clock Pessimism Removal (CPR):    -0.000ns

    Location             Delay type                Incr(ns)  Path(ns)    Netlist Resource(s)
  -------------------------------------------------------------------    -------------------
    V11                                               0.000     0.000 r  PSEL
                         net (fo=0)                   0.000     0.000    PSEL
    V11                  IBUF (Prop_ibuf_I_O)         0.261     0.261 r  PSEL_IBUF_inst/O
                         net (fo=13, routed)          0.374     0.634    PSEL_IBUF
    SLICE_X0Y9           FDCE                                         r  PREADY_reg/D
  -------------------------------------------------------------------    -------------------

                         (clock pclk rise edge)       0.000     0.000 r  <hidden>
    F4                                                0.000     0.000 r  PCLK
                         net (fo=0)                   0.000     0.000    PCLK
    F4                   IBUF (Prop_ibuf_I_O)         0.436     0.436 r  PCLK_IBUF_inst/O
                         net (fo=1, routed)           0.685     1.121    PCLK_IBUF
    BUFGCTRL_X0Y16       BUFG (Prop_bufg_I_O)         0.029     1.150 r  PCLK_IBUF_BUFG_inst/O
                         net (fo=37, routed)          0.867     2.016    PCLK_IBUF_BUFG
    SLICE_X0Y9           FDCE                                         r  PREADY_reg/C

Slack:                    inf
  Source:                 PWRITE
                            (input port)
  Destination:            PRDATA_reg[4]/D
                            (rising edge-triggered cell FDCE clocked by pclk  {rise@0.000ns fall@5.000ns period=10.000ns})
  Path Group:             (none)
  Path Type:              Hold (Min at Fast Process Corner)
  Data Path Delay:        1.098ns  (logic 0.307ns (27.977%)  route 0.791ns (72.023%))
  Logic Levels:           2  (IBUF=1 LUT5=1)
  Clock Path Skew:        2.013ns (DCD - SCD - CPR)
    Destination Clock Delay (DCD):    2.013ns
    Source Clock Delay      (SCD):    0.000ns
    Clock Pessimism Removal (CPR):    -0.000ns

    Location             Delay type                Incr(ns)  Path(ns)    Netlist Resource(s)
  -------------------------------------------------------------------    -------------------
    V10                                               0.000     0.000 f  PWRITE
                         net (fo=0)                   0.000     0.000    PWRITE
    V10                  IBUF (Prop_ibuf_I_O)         0.262     0.262 f  PWRITE_IBUF_inst/O
                         net (fo=12, routed)          0.791     1.053    PWRITE_IBUF
    SLICE_X1Y37          LUT5 (Prop_lut5_I0_O)        0.045     1.098 r  PRDATA[4]_i_1/O
                         net (fo=1, routed)           0.000     1.098    PRDATA[4]_i_1_n_0
    SLICE_X1Y37          FDCE                                         r  PRDATA_reg[4]/D
  -------------------------------------------------------------------    -------------------

                         (clock pclk rise edge)       0.000     0.000 r  <hidden>
    F4                                                0.000     0.000 r  PCLK
                         net (fo=0)                   0.000     0.000    PCLK
    F4                   IBUF (Prop_ibuf_I_O)         0.436     0.436 r  PCLK_IBUF_inst/O
                         net (fo=1, routed)           0.685     1.121    PCLK_IBUF
    BUFGCTRL_X0Y16       BUFG (Prop_bufg_I_O)         0.029     1.150 r  PCLK_IBUF_BUFG_inst/O
                         net (fo=37, routed)          0.864     2.013    PCLK_IBUF_BUFG
    SLICE_X1Y37          FDCE                                         r  PRDATA_reg[4]/C

Slack:                    inf
  Source:                 PWRITE
                            (input port)
  Destination:            PRDATA_reg[1]/D
                            (rising edge-triggered cell FDCE clocked by pclk  {rise@0.000ns fall@5.000ns period=10.000ns})
  Path Group:             (none)
  Path Type:              Hold (Min at Fast Process Corner)
  Data Path Delay:        1.133ns  (logic 0.307ns (27.109%)  route 0.826ns (72.891%))
  Logic Levels:           2  (IBUF=1 LUT5=1)
  Clock Path Skew:        2.013ns (DCD - SCD - CPR)
    Destination Clock Delay (DCD):    2.013ns
    Source Clock Delay      (SCD):    0.000ns
    Clock Pessimism Removal (CPR):    -0.000ns

    Location             Delay type                Incr(ns)  Path(ns)    Netlist Resource(s)
  -------------------------------------------------------------------    -------------------
    V10                                               0.000     0.000 r  PWRITE
                         net (fo=0)                   0.000     0.000    PWRITE
    V10                  IBUF (Prop_ibuf_I_O)         0.262     0.262 r  PWRITE_IBUF_inst/O
                         net (fo=12, routed)          0.826     1.088    PWRITE_IBUF
    SLICE_X0Y37          LUT5 (Prop_lut5_I2_O)        0.045     1.133 r  PRDATA[1]_i_1/O
                         net (fo=1, routed)           0.000     1.133    PRDATA[1]_i_1_n_0
    SLICE_X0Y37          FDCE                                         r  PRDATA_reg[1]/D
  -------------------------------------------------------------------    -------------------

                         (clock pclk rise edge)       0.000     0.000 r  <hidden>
    F4                                                0.000     0.000 r  PCLK
                         net (fo=0)                   0.000     0.000    PCLK
    F4                   IBUF (Prop_ibuf_I_O)         0.436     0.436 r  PCLK_IBUF_inst/O
                         net (fo=1, routed)           0.685     1.121    PCLK_IBUF
    BUFGCTRL_X0Y16       BUFG (Prop_bufg_I_O)         0.029     1.150 r  PCLK_IBUF_BUFG_inst/O
                         net (fo=37, routed)          0.864     2.013    PCLK_IBUF_BUFG
    SLICE_X0Y37          FDCE                                         r  PRDATA_reg[1]/C

Slack:                    inf
  Source:                 PWRITE
                            (input port)
  Destination:            PRDATA_reg[5]/D
                            (rising edge-triggered cell FDCE clocked by pclk  {rise@0.000ns fall@5.000ns period=10.000ns})
  Path Group:             (none)
  Path Type:              Hold (Min at Fast Process Corner)
  Data Path Delay:        1.135ns  (logic 0.307ns (27.065%)  route 0.828ns (72.935%))
  Logic Levels:           2  (IBUF=1 LUT5=1)
  Clock Path Skew:        2.015ns (DCD - SCD - CPR)
    Destination Clock Delay (DCD):    2.015ns
    Source Clock Delay      (SCD):    0.000ns
    Clock Pessimism Removal (CPR):    -0.000ns

    Location             Delay type                Incr(ns)  Path(ns)    Netlist Resource(s)
  -------------------------------------------------------------------    -------------------
    V10                                               0.000     0.000 r  PWRITE
                         net (fo=0)                   0.000     0.000    PWRITE
    V10                  IBUF (Prop_ibuf_I_O)         0.262     0.262 r  PWRITE_IBUF_inst/O
                         net (fo=12, routed)          0.828     1.090    PWRITE_IBUF
    SLICE_X0Y38          LUT5 (Prop_lut5_I2_O)        0.045     1.135 r  PRDATA[5]_i_1/O
                         net (fo=1, routed)           0.000     1.135    PRDATA[5]_i_1_n_0
    SLICE_X0Y38          FDCE                                         r  PRDATA_reg[5]/D
  -------------------------------------------------------------------    -------------------

                         (clock pclk rise edge)       0.000     0.000 r  <hidden>
    F4                                                0.000     0.000 r  PCLK
                         net (fo=0)                   0.000     0.000    PCLK
    F4                   IBUF (Prop_ibuf_I_O)         0.436     0.436 r  PCLK_IBUF_inst/O
                         net (fo=1, routed)           0.685     1.121    PCLK_IBUF
    BUFGCTRL_X0Y16       BUFG (Prop_bufg_I_O)         0.029     1.150 r  PCLK_IBUF_BUFG_inst/O
                         net (fo=37, routed)          0.866     2.015    PCLK_IBUF_BUFG
    SLICE_X0Y38          FDCE                                         r  PRDATA_reg[5]/C

Slack:                    inf
  Source:                 PWRITE
                            (input port)
  Destination:            PRDATA_reg[7]/D
                            (rising edge-triggered cell FDCE clocked by pclk  {rise@0.000ns fall@5.000ns period=10.000ns})
  Path Group:             (none)
  Path Type:              Hold (Min at Fast Process Corner)
  Data Path Delay:        1.136ns  (logic 0.307ns (27.041%)  route 0.829ns (72.959%))
  Logic Levels:           2  (IBUF=1 LUT5=1)
  Clock Path Skew:        2.015ns (DCD - SCD - CPR)
    Destination Clock Delay (DCD):    2.015ns
    Source Clock Delay      (SCD):    0.000ns
    Clock Pessimism Removal (CPR):    -0.000ns

    Location             Delay type                Incr(ns)  Path(ns)    Netlist Resource(s)
  -------------------------------------------------------------------    -------------------
    V10                                               0.000     0.000 r  PWRITE
                         net (fo=0)                   0.000     0.000    PWRITE
    V10                  IBUF (Prop_ibuf_I_O)         0.262     0.262 r  PWRITE_IBUF_inst/O
                         net (fo=12, routed)          0.829     1.091    PWRITE_IBUF
    SLICE_X0Y38          LUT5 (Prop_lut5_I2_O)        0.045     1.136 r  PRDATA[7]_i_1/O
                         net (fo=1, routed)           0.000     1.136    PRDATA[7]_i_1_n_0
    SLICE_X0Y38          FDCE                                         r  PRDATA_reg[7]/D
  -------------------------------------------------------------------    -------------------

                         (clock pclk rise edge)       0.000     0.000 r  <hidden>
    F4                                                0.000     0.000 r  PCLK
                         net (fo=0)                   0.000     0.000    PCLK
    F4                   IBUF (Prop_ibuf_I_O)         0.436     0.436 r  PCLK_IBUF_inst/O
                         net (fo=1, routed)           0.685     1.121    PCLK_IBUF
    BUFGCTRL_X0Y16       BUFG (Prop_bufg_I_O)         0.029     1.150 r  PCLK_IBUF_BUFG_inst/O
                         net (fo=37, routed)          0.866     2.015    PCLK_IBUF_BUFG
    SLICE_X0Y38          FDCE                                         r  PRDATA_reg[7]/C

Slack:                    inf
  Source:                 PWRITE
                            (input port)
  Destination:            PRDATA_reg[6]/D
                            (rising edge-triggered cell FDCE clocked by pclk  {rise@0.000ns fall@5.000ns period=10.000ns})
  Path Group:             (none)
  Path Type:              Hold (Min at Fast Process Corner)
  Data Path Delay:        1.136ns  (logic 0.307ns (27.021%)  route 0.829ns (72.979%))
  Logic Levels:           2  (IBUF=1 LUT5=1)
  Clock Path Skew:        2.013ns (DCD - SCD - CPR)
    Destination Clock Delay (DCD):    2.013ns
    Source Clock Delay      (SCD):    0.000ns
    Clock Pessimism Removal (CPR):    -0.000ns

    Location             Delay type                Incr(ns)  Path(ns)    Netlist Resource(s)
  -------------------------------------------------------------------    -------------------
    V10                                               0.000     0.000 r  PWRITE
                         net (fo=0)                   0.000     0.000    PWRITE
    V10                  IBUF (Prop_ibuf_I_O)         0.262     0.262 r  PWRITE_IBUF_inst/O
                         net (fo=12, routed)          0.829     1.091    PWRITE_IBUF
    SLICE_X0Y37          LUT5 (Prop_lut5_I2_O)        0.045     1.136 r  PRDATA[6]_i_1/O
                         net (fo=1, routed)           0.000     1.136    PRDATA[6]_i_1_n_0
    SLICE_X0Y37          FDCE                                         r  PRDATA_reg[6]/D
  -------------------------------------------------------------------    -------------------

                         (clock pclk rise edge)       0.000     0.000 r  <hidden>
    F4                                                0.000     0.000 r  PCLK
                         net (fo=0)                   0.000     0.000    PCLK
    F4                   IBUF (Prop_ibuf_I_O)         0.436     0.436 r  PCLK_IBUF_inst/O
                         net (fo=1, routed)           0.685     1.121    PCLK_IBUF
    BUFGCTRL_X0Y16       BUFG (Prop_bufg_I_O)         0.029     1.150 r  PCLK_IBUF_BUFG_inst/O
                         net (fo=37, routed)          0.864     2.013    PCLK_IBUF_BUFG
    SLICE_X0Y37          FDCE                                         r  PRDATA_reg[6]/C

Slack:                    inf
  Source:                 PENABLE
                            (input port)
  Destination:            compteur_entropie_reg[0]/CE
                            (rising edge-triggered cell FDCE clocked by pclk  {rise@0.000ns fall@5.000ns period=10.000ns})
  Path Group:             (none)
  Path Type:              Hold (Min at Fast Process Corner)
  Data Path Delay:        1.142ns  (logic 0.292ns (25.581%)  route 0.850ns (74.419%))
  Logic Levels:           2  (IBUF=1 LUT6=1)
  Clock Path Skew:        2.015ns (DCD - SCD - CPR)
    Destination Clock Delay (DCD):    2.015ns
    Source Clock Delay      (SCD):    0.000ns
    Clock Pessimism Removal (CPR):    -0.000ns

    Location             Delay type                Incr(ns)  Path(ns)    Netlist Resource(s)
  -------------------------------------------------------------------    -------------------
    U11                                               0.000     0.000 r  PENABLE
                         net (fo=0)                   0.000     0.000    PENABLE
    U11                  IBUF (Prop_ibuf_I_O)         0.247     0.247 r  PENABLE_IBUF_inst/O
                         net (fo=1, routed)           0.698     0.945    PENABLE_IBUF
    SLICE_X0Y38          LUT6 (Prop_lut6_I5_O)        0.045     0.990 r  compteur_entropie[7]_i_1/O
                         net (fo=8, routed)           0.152     1.142    compteur_entropie[7]_i_1_n_0
    SLICE_X1Y38          FDCE                                         r  compteur_entropie_reg[0]/CE
  -------------------------------------------------------------------    -------------------

                         (clock pclk rise edge)       0.000     0.000 r  <hidden>
    F4                                                0.000     0.000 r  PCLK
                         net (fo=0)                   0.000     0.000    PCLK
    F4                   IBUF (Prop_ibuf_I_O)         0.436     0.436 r  PCLK_IBUF_inst/O
                         net (fo=1, routed)           0.685     1.121    PCLK_IBUF
    BUFGCTRL_X0Y16       BUFG (Prop_bufg_I_O)         0.029     1.150 r  PCLK_IBUF_BUFG_inst/O
                         net (fo=37, routed)          0.866     2.015    PCLK_IBUF_BUFG
    SLICE_X1Y38          FDCE                                         r  compteur_entropie_reg[0]/C

Slack:                    inf
  Source:                 PENABLE
                            (input port)
  Destination:            compteur_entropie_reg[2]/CE
                            (rising edge-triggered cell FDCE clocked by pclk  {rise@0.000ns fall@5.000ns period=10.000ns})
  Path Group:             (none)
  Path Type:              Hold (Min at Fast Process Corner)
  Data Path Delay:        1.142ns  (logic 0.292ns (25.581%)  route 0.850ns (74.419%))
  Logic Levels:           2  (IBUF=1 LUT6=1)
  Clock Path Skew:        2.015ns (DCD - SCD - CPR)
    Destination Clock Delay (DCD):    2.015ns
    Source Clock Delay      (SCD):    0.000ns
    Clock Pessimism Removal (CPR):    -0.000ns

    Location             Delay type                Incr(ns)  Path(ns)    Netlist Resource(s)
  -------------------------------------------------------------------    -------------------
    U11                                               0.000     0.000 r  PENABLE
                         net (fo=0)                   0.000     0.000    PENABLE
    U11                  IBUF (Prop_ibuf_I_O)         0.247     0.247 r  PENABLE_IBUF_inst/O
                         net (fo=1, routed)           0.698     0.945    PENABLE_IBUF
    SLICE_X0Y38          LUT6 (Prop_lut6_I5_O)        0.045     0.990 r  compteur_entropie[7]_i_1/O
                         net (fo=8, routed)           0.152     1.142    compteur_entropie[7]_i_1_n_0
    SLICE_X1Y38          FDCE                                         r  compteur_entropie_reg[2]/CE
  -------------------------------------------------------------------    -------------------

                         (clock pclk rise edge)       0.000     0.000 r  <hidden>
    F4                                                0.000     0.000 r  PCLK
                         net (fo=0)                   0.000     0.000    PCLK
    F4                   IBUF (Prop_ibuf_I_O)         0.436     0.436 r  PCLK_IBUF_inst/O
                         net (fo=1, routed)           0.685     1.121    PCLK_IBUF
    BUFGCTRL_X0Y16       BUFG (Prop_bufg_I_O)         0.029     1.150 r  PCLK_IBUF_BUFG_inst/O
                         net (fo=37, routed)          0.866     2.015    PCLK_IBUF_BUFG
    SLICE_X1Y38          FDCE                                         r  compteur_entropie_reg[2]/C

Slack:                    inf
  Source:                 PENABLE
                            (input port)
  Destination:            compteur_entropie_reg[3]/CE
                            (rising edge-triggered cell FDCE clocked by pclk  {rise@0.000ns fall@5.000ns period=10.000ns})
  Path Group:             (none)
  Path Type:              Hold (Min at Fast Process Corner)
  Data Path Delay:        1.142ns  (logic 0.292ns (25.581%)  route 0.850ns (74.419%))
  Logic Levels:           2  (IBUF=1 LUT6=1)
  Clock Path Skew:        2.015ns (DCD - SCD - CPR)
    Destination Clock Delay (DCD):    2.015ns
    Source Clock Delay      (SCD):    0.000ns
    Clock Pessimism Removal (CPR):    -0.000ns

    Location             Delay type                Incr(ns)  Path(ns)    Netlist Resource(s)
  -------------------------------------------------------------------    -------------------
    U11                                               0.000     0.000 r  PENABLE
                         net (fo=0)                   0.000     0.000    PENABLE
    U11                  IBUF (Prop_ibuf_I_O)         0.247     0.247 r  PENABLE_IBUF_inst/O
                         net (fo=1, routed)           0.698     0.945    PENABLE_IBUF
    SLICE_X0Y38          LUT6 (Prop_lut6_I5_O)        0.045     0.990 r  compteur_entropie[7]_i_1/O
                         net (fo=8, routed)           0.152     1.142    compteur_entropie[7]_i_1_n_0
    SLICE_X1Y38          FDCE                                         r  compteur_entropie_reg[3]/CE
  -------------------------------------------------------------------    -------------------

                         (clock pclk rise edge)       0.000     0.000 r  <hidden>
    F4                                                0.000     0.000 r  PCLK
                         net (fo=0)                   0.000     0.000    PCLK
    F4                   IBUF (Prop_ibuf_I_O)         0.436     0.436 r  PCLK_IBUF_inst/O
                         net (fo=1, routed)           0.685     1.121    PCLK_IBUF
    BUFGCTRL_X0Y16       BUFG (Prop_bufg_I_O)         0.029     1.150 r  PCLK_IBUF_BUFG_inst/O
                         net (fo=37, routed)          0.866     2.015    PCLK_IBUF_BUFG
    SLICE_X1Y38          FDCE                                         r  compteur_entropie_reg[3]/C

Slack:                    inf
  Source:                 PENABLE
                            (input port)
  Destination:            compteur_entropie_reg[4]/CE
                            (rising edge-triggered cell FDCE clocked by pclk  {rise@0.000ns fall@5.000ns period=10.000ns})
  Path Group:             (none)
  Path Type:              Hold (Min at Fast Process Corner)
  Data Path Delay:        1.142ns  (logic 0.292ns (25.581%)  route 0.850ns (74.419%))
  Logic Levels:           2  (IBUF=1 LUT6=1)
  Clock Path Skew:        2.015ns (DCD - SCD - CPR)
    Destination Clock Delay (DCD):    2.015ns
    Source Clock Delay      (SCD):    0.000ns
    Clock Pessimism Removal (CPR):    -0.000ns

    Location             Delay type                Incr(ns)  Path(ns)    Netlist Resource(s)
  -------------------------------------------------------------------    -------------------
    U11                                               0.000     0.000 r  PENABLE
                         net (fo=0)                   0.000     0.000    PENABLE
    U11                  IBUF (Prop_ibuf_I_O)         0.247     0.247 r  PENABLE_IBUF_inst/O
                         net (fo=1, routed)           0.698     0.945    PENABLE_IBUF
    SLICE_X0Y38          LUT6 (Prop_lut6_I5_O)        0.045     0.990 r  compteur_entropie[7]_i_1/O
                         net (fo=8, routed)           0.152     1.142    compteur_entropie[7]_i_1_n_0
    SLICE_X1Y38          FDCE                                         r  compteur_entropie_reg[4]/CE
  -------------------------------------------------------------------    -------------------

                         (clock pclk rise edge)       0.000     0.000 r  <hidden>
    F4                                                0.000     0.000 r  PCLK
                         net (fo=0)                   0.000     0.000    PCLK
    F4                   IBUF (Prop_ibuf_I_O)         0.436     0.436 r  PCLK_IBUF_inst/O
                         net (fo=1, routed)           0.685     1.121    PCLK_IBUF
    BUFGCTRL_X0Y16       BUFG (Prop_bufg_I_O)         0.029     1.150 r  PCLK_IBUF_BUFG_inst/O
                         net (fo=37, routed)          0.866     2.015    PCLK_IBUF_BUFG
    SLICE_X1Y38          FDCE                                         r  compteur_entropie_reg[4]/C





