Copyright 1986-2022 Xilinx, Inc. All Rights Reserved. Copyright 2022-2026 Advanced Micro Devices, Inc. All Rights Reserved.
------------------------------------------------------------------------------------------------------------------------------------------------------------------------------------------------------------------------------------------------------------------
| Tool Version : Vivado v.2026.1 (win64) Build 6511674 Tue Jun 16 11:02:23 MDT 2026
| Date         : Mon Sep 28 21:41:52 2026
| Host         : PC1-2D running 64-bit major release  (build 9200)
| Command      : report_timing_summary -max_paths 10 -routable_nets -report_unconstrained -file reio_ai_supervisor_timing_summary_routed.rpt -pb reio_ai_supervisor_timing_summary_routed.pb -rpx reio_ai_supervisor_timing_summary_routed.rpx -warn_on_violation
| Design       : reio_ai_supervisor
| Device       : xa7a35t-csg324
| Speed File   : -1Q  PRODUCTION 1.16 2018-06-13
| Design State : Routed
------------------------------------------------------------------------------------------------------------------------------------------------------------------------------------------------------------------------------------------------------------------

Timing Summary Report

------------------------------------------------------------------------------------------------
| Timer Settings
| --------------
------------------------------------------------------------------------------------------------

  Enable Multi Corner Analysis               :  Yes
  Enable Pessimism Removal                   :  Yes
  Pessimism Removal Resolution               :  Nearest Common Node
  Enable Input Delay Default Clock           :  No
  Enable Preset / Clear Arcs                 :  No
  Disable Flight Delays                      :  No
  Ignore I/O Paths                           :  No
  Timing Early Launch at Borrowing Latches   :  No
  Borrow Time for Max Delay Exceptions       :  Yes
  Merge Timing Exceptions                    :  Yes
  Inter-SLR Compensation                     :  Conservative

  Corner  Analyze    Analyze    
  Name    Max Paths  Min Paths  
  ------  ---------  ---------  
  Slow    Yes        Yes        
  Fast    Yes        Yes        


------------------------------------------------------------------------------------------------
| Report Methodology
| ------------------
------------------------------------------------------------------------------------------------

Rule       Severity  Description                    Violations  
---------  --------  -----------------------------  ----------  
TIMING-18  Warning   Missing input or output delay  4           

Note: This report is based on the most recent report_methodology run and may not be up-to-date. Run report_methodology on the current design for the latest report.



check_timing report

Table of Contents
-----------------
1. checking no_clock (0)
2. checking constant_clock (0)
3. checking pulse_width_clock (0)
4. checking unconstrained_internal_endpoints (0)
5. checking no_input_delay (66)
6. checking no_output_delay (35)
7. checking multiple_clock (0)
8. checking generated_clocks (0)
9. checking loops (0)
10. checking partial_input_delay (0)
11. checking partial_output_delay (0)
12. checking latch_loops (0)

1. checking no_clock (0)
------------------------
 There are 0 register/latch pins with no clock.


2. checking constant_clock (0)
------------------------------
 There are 0 register/latch pins with constant_clock.


3. checking pulse_width_clock (0)
---------------------------------
 There are 0 register/latch pins which need pulse_width check


4. checking unconstrained_internal_endpoints (0)
------------------------------------------------
 There are 0 pins that are not constrained for maximum delay.

 There are 0 pins that are not constrained for maximum delay due to constant clock.


5. checking no_input_delay (66)
-------------------------------
 There is 1 input port with no input delay specified. (HIGH)

 There are 65 input ports with no input delay but user has a false path constraint. (MEDIUM)


6. checking no_output_delay (35)
--------------------------------
 There are 3 ports with no output delay specified. (HIGH)

 There are 32 ports with no output delay but user has a false path constraint (MEDIUM)

 There are 0 ports with no output delay but with a timing clock defined on it or propagating through it


7. checking multiple_clock (0)
------------------------------
 There are 0 register/latch pins with multiple clocks.


8. checking generated_clocks (0)
--------------------------------
 There are 0 generated clocks that are not connected to a clock source.


9. checking loops (0)
---------------------
 There are 0 combinational loops in the design.


10. checking partial_input_delay (0)
------------------------------------
 There are 0 input ports with partial input delay specified.


11. checking partial_output_delay (0)
-------------------------------------
 There are 0 ports with partial output delay specified.


12. checking latch_loops (0)
----------------------------
 There are 0 combinational latch loops in the design through latch input



------------------------------------------------------------------------------------------------
| Design Timing Summary
| ---------------------
------------------------------------------------------------------------------------------------

    WNS(ns)      TNS(ns)  TNS Failing Endpoints  TNS Total Endpoints      WHS(ns)      THS(ns)  THS Failing Endpoints  THS Total Endpoints     WPWS(ns)     TPWS(ns)  TPWS Failing Endpoints  TPWS Total Endpoints  
    -------      -------  ---------------------  -------------------      -------      -------  ---------------------  -------------------     --------     --------  ----------------------  --------------------  
      6.116        0.000                      0                   73        0.196        0.000                      0                   73        4.500        0.000                       0                    39  


All user specified timing constraints are met.


------------------------------------------------------------------------------------------------
| Clock Summary
| -------------
------------------------------------------------------------------------------------------------

Clock  Waveform(ns)       Period(ns)      Frequency(MHz)
-----  ------------       ----------      --------------
clk    {0.000 5.000}      10.000          100.000         


------------------------------------------------------------------------------------------------
| Intra Clock Table
| -----------------
------------------------------------------------------------------------------------------------

Clock             WNS(ns)      TNS(ns)  TNS Failing Endpoints  TNS Total Endpoints      WHS(ns)      THS(ns)  THS Failing Endpoints  THS Total Endpoints     WPWS(ns)     TPWS(ns)  TPWS Failing Endpoints  TPWS Total Endpoints  
-----             -------      -------  ---------------------  -------------------      -------      -------  ---------------------  -------------------     --------     --------  ----------------------  --------------------  
clk                 6.116        0.000                      0                   73        0.196        0.000                      0                   73        4.500        0.000                       0                    39  


------------------------------------------------------------------------------------------------
| Inter Clock Table
| -----------------
------------------------------------------------------------------------------------------------

From Clock    To Clock          WNS(ns)      TNS(ns)  TNS Failing Endpoints  TNS Total Endpoints      WHS(ns)      THS(ns)  THS Failing Endpoints  THS Total Endpoints  
----------    --------          -------      -------  ---------------------  -------------------      -------      -------  ---------------------  -------------------  


------------------------------------------------------------------------------------------------
| Other Path Groups Table
| -----------------------
------------------------------------------------------------------------------------------------

Path Group    From Clock    To Clock          WNS(ns)      TNS(ns)  TNS Failing Endpoints  TNS Total Endpoints      WHS(ns)      THS(ns)  THS Failing Endpoints  THS Total Endpoints  
----------    ----------    --------          -------      -------  ---------------------  -------------------      -------      -------  ---------------------  -------------------  


------------------------------------------------------------------------------------------------
| User Ignored Path Table
| -----------------------
------------------------------------------------------------------------------------------------

Path Group    From Clock    To Clock    
----------    ----------    --------    
(none)        clk                         
(none)                      clk           


------------------------------------------------------------------------------------------------
| Unconstrained Path Table
| ------------------------
------------------------------------------------------------------------------------------------

Path Group    From Clock    To Clock    
----------    ----------    --------    
(none)        clk                         
(none)                      clk           


------------------------------------------------------------------------------------------------
| Timing Details
| --------------
------------------------------------------------------------------------------------------------


---------------------------------------------------------------------------------------------------
From Clock:  clk
  To Clock:  clk

Setup :            0  Failing Endpoints,  Worst Slack        6.116ns,  Total Violation        0.000ns
Hold  :            0  Failing Endpoints,  Worst Slack        0.196ns,  Total Violation        0.000ns
PW    :            0  Failing Endpoints,  Worst Slack        4.500ns,  Total Violation        0.000ns
---------------------------------------------------------------------------------------------------


Max Delay Paths
--------------------------------------------------------------------------------------
Slack (MET) :             6.116ns  (required time - arrival time)
  Source:                 FSM_onehot_current_state_reg[1]/C
                            (rising edge-triggered cell FDCE clocked by clk  {rise@0.000ns fall@5.000ns period=10.000ns})
  Destination:            PRDATA_reg[10]/CE
                            (rising edge-triggered cell FDCE clocked by clk  {rise@0.000ns fall@5.000ns period=10.000ns})
  Path Group:             clk
  Path Type:              Setup (Max at Slow Process Corner)
  Requirement:            10.000ns  (clk rise@10.000ns - clk rise@0.000ns)
  Data Path Delay:        3.610ns  (logic 0.704ns (19.500%)  route 2.906ns (80.500%))
  Logic Levels:           2  (LUT4=1 LUT6=1)
  Clock Path Skew:        -0.033ns (DCD - SCD + CPR)
    Destination Clock Delay (DCD):    4.877ns = ( 14.877 - 10.000 ) 
    Source Clock Delay      (SCD):    5.293ns
    Clock Pessimism Removal (CPR):    0.383ns
  Clock Uncertainty:      0.035ns  ((TSJ^2 + TIJ^2)^1/2 + DJ) / 2 + PE
    Total System Jitter     (TSJ):    0.071ns
    Total Input Jitter      (TIJ):    0.000ns
    Discrete Jitter          (DJ):    0.000ns
    Phase Error              (PE):    0.000ns

    Location             Delay type                Incr(ns)  Path(ns)    Netlist Resource(s)
  -------------------------------------------------------------------    -------------------
                         (clock clk rise edge)        0.000     0.000 r  <hidden>
    F4                                                0.000     0.000 r  CLK
                         net (fo=0)                   0.000     0.000    CLK
    F4                   IBUF (Prop_ibuf_I_O)         1.590     1.590 r  CLK_IBUF_inst/O
                         net (fo=1, routed)           1.967     3.557    CLK_IBUF
    BUFGCTRL_X0Y16       BUFG (Prop_bufg_I_O)         0.096     3.653 r  CLK_IBUF_BUFG_inst/O
                         net (fo=38, routed)          1.640     5.293    CLK_IBUF_BUFG
    SLICE_X1Y46          FDCE                                         r  FSM_onehot_current_state_reg[1]/C
  -------------------------------------------------------------------    -------------------
    SLICE_X1Y46          FDCE (Prop_fdce_C_Q)         0.456     5.749 r  FSM_onehot_current_state_reg[1]/Q
                         net (fo=29, routed)          1.041     6.790    FSM_onehot_current_state_reg_n_0_[1]
    SLICE_X1Y43          LUT4 (Prop_lut4_I3_O)        0.124     6.914 r  PRDATA[31]_i_3/O
                         net (fo=1, routed)           0.502     7.416    PRDATA[31]_i_3_n_0
    SLICE_X1Y44          LUT6 (Prop_lut6_I0_O)        0.124     7.540 r  PRDATA[31]_i_1/O
                         net (fo=32, routed)          1.363     8.903    PRDATA[31]_i_1_n_0
    SLICE_X1Y32          FDCE                                         r  PRDATA_reg[10]/CE
  -------------------------------------------------------------------    -------------------

                         (clock clk rise edge)       10.000    10.000 r  <hidden>
    F4                                                0.000    10.000 r  CLK
                         net (fo=0)                   0.000    10.000    CLK
    F4                   IBUF (Prop_ibuf_I_O)         1.410    11.410 r  CLK_IBUF_inst/O
                         net (fo=1, routed)           1.862    13.272    CLK_IBUF
    BUFGCTRL_X0Y16       BUFG (Prop_bufg_I_O)         0.091    13.363 r  CLK_IBUF_BUFG_inst/O
                         net (fo=38, routed)          1.514    14.877    CLK_IBUF_BUFG
    SLICE_X1Y32          FDCE                                         r  PRDATA_reg[10]/C
                         clock pessimism              0.383    15.260    <hidden>
                         clock uncertainty           -0.035    15.225    <hidden>
    SLICE_X1Y32          FDCE (Setup_fdce_C_CE)      -0.205    15.020    PRDATA_reg[10]
  -------------------------------------------------------------------
                         required time                         15.020    <hidden>
                         arrival time                          -8.903    <hidden>
  -------------------------------------------------------------------
                         slack                                  6.116    <hidden>

Slack (MET) :             6.116ns  (required time - arrival time)
  Source:                 FSM_onehot_current_state_reg[1]/C
                            (rising edge-triggered cell FDCE clocked by clk  {rise@0.000ns fall@5.000ns period=10.000ns})
  Destination:            PRDATA_reg[12]/CE
                            (rising edge-triggered cell FDCE clocked by clk  {rise@0.000ns fall@5.000ns period=10.000ns})
  Path Group:             clk
  Path Type:              Setup (Max at Slow Process Corner)
  Requirement:            10.000ns  (clk rise@10.000ns - clk rise@0.000ns)
  Data Path Delay:        3.610ns  (logic 0.704ns (19.500%)  route 2.906ns (80.500%))
  Logic Levels:           2  (LUT4=1 LUT6=1)
  Clock Path Skew:        -0.033ns (DCD - SCD + CPR)
    Destination Clock Delay (DCD):    4.877ns = ( 14.877 - 10.000 ) 
    Source Clock Delay      (SCD):    5.293ns
    Clock Pessimism Removal (CPR):    0.383ns
  Clock Uncertainty:      0.035ns  ((TSJ^2 + TIJ^2)^1/2 + DJ) / 2 + PE
    Total System Jitter     (TSJ):    0.071ns
    Total Input Jitter      (TIJ):    0.000ns
    Discrete Jitter          (DJ):    0.000ns
    Phase Error              (PE):    0.000ns

    Location             Delay type                Incr(ns)  Path(ns)    Netlist Resource(s)
  -------------------------------------------------------------------    -------------------
                         (clock clk rise edge)        0.000     0.000 r  <hidden>
    F4                                                0.000     0.000 r  CLK
                         net (fo=0)                   0.000     0.000    CLK
    F4                   IBUF (Prop_ibuf_I_O)         1.590     1.590 r  CLK_IBUF_inst/O
                         net (fo=1, routed)           1.967     3.557    CLK_IBUF
    BUFGCTRL_X0Y16       BUFG (Prop_bufg_I_O)         0.096     3.653 r  CLK_IBUF_BUFG_inst/O
                         net (fo=38, routed)          1.640     5.293    CLK_IBUF_BUFG
    SLICE_X1Y46          FDCE                                         r  FSM_onehot_current_state_reg[1]/C
  -------------------------------------------------------------------    -------------------
    SLICE_X1Y46          FDCE (Prop_fdce_C_Q)         0.456     5.749 r  FSM_onehot_current_state_reg[1]/Q
                         net (fo=29, routed)          1.041     6.790    FSM_onehot_current_state_reg_n_0_[1]
    SLICE_X1Y43          LUT4 (Prop_lut4_I3_O)        0.124     6.914 r  PRDATA[31]_i_3/O
                         net (fo=1, routed)           0.502     7.416    PRDATA[31]_i_3_n_0
    SLICE_X1Y44          LUT6 (Prop_lut6_I0_O)        0.124     7.540 r  PRDATA[31]_i_1/O
                         net (fo=32, routed)          1.363     8.903    PRDATA[31]_i_1_n_0
    SLICE_X1Y32          FDCE                                         r  PRDATA_reg[12]/CE
  -------------------------------------------------------------------    -------------------

                         (clock clk rise edge)       10.000    10.000 r  <hidden>
    F4                                                0.000    10.000 r  CLK
                         net (fo=0)                   0.000    10.000    CLK
    F4                   IBUF (Prop_ibuf_I_O)         1.410    11.410 r  CLK_IBUF_inst/O
                         net (fo=1, routed)           1.862    13.272    CLK_IBUF
    BUFGCTRL_X0Y16       BUFG (Prop_bufg_I_O)         0.091    13.363 r  CLK_IBUF_BUFG_inst/O
                         net (fo=38, routed)          1.514    14.877    CLK_IBUF_BUFG
    SLICE_X1Y32          FDCE                                         r  PRDATA_reg[12]/C
                         clock pessimism              0.383    15.260    <hidden>
                         clock uncertainty           -0.035    15.225    <hidden>
    SLICE_X1Y32          FDCE (Setup_fdce_C_CE)      -0.205    15.020    PRDATA_reg[12]
  -------------------------------------------------------------------
                         required time                         15.020    <hidden>
                         arrival time                          -8.903    <hidden>
  -------------------------------------------------------------------
                         slack                                  6.116    <hidden>

Slack (MET) :             6.116ns  (required time - arrival time)
  Source:                 FSM_onehot_current_state_reg[1]/C
                            (rising edge-triggered cell FDCE clocked by clk  {rise@0.000ns fall@5.000ns period=10.000ns})
  Destination:            PRDATA_reg[13]/CE
                            (rising edge-triggered cell FDCE clocked by clk  {rise@0.000ns fall@5.000ns period=10.000ns})
  Path Group:             clk
  Path Type:              Setup (Max at Slow Process Corner)
  Requirement:            10.000ns  (clk rise@10.000ns - clk rise@0.000ns)
  Data Path Delay:        3.610ns  (logic 0.704ns (19.500%)  route 2.906ns (80.500%))
  Logic Levels:           2  (LUT4=1 LUT6=1)
  Clock Path Skew:        -0.033ns (DCD - SCD + CPR)
    Destination Clock Delay (DCD):    4.877ns = ( 14.877 - 10.000 ) 
    Source Clock Delay      (SCD):    5.293ns
    Clock Pessimism Removal (CPR):    0.383ns
  Clock Uncertainty:      0.035ns  ((TSJ^2 + TIJ^2)^1/2 + DJ) / 2 + PE
    Total System Jitter     (TSJ):    0.071ns
    Total Input Jitter      (TIJ):    0.000ns
    Discrete Jitter          (DJ):    0.000ns
    Phase Error              (PE):    0.000ns

    Location             Delay type                Incr(ns)  Path(ns)    Netlist Resource(s)
  -------------------------------------------------------------------    -------------------
                         (clock clk rise edge)        0.000     0.000 r  <hidden>
    F4                                                0.000     0.000 r  CLK
                         net (fo=0)                   0.000     0.000    CLK
    F4                   IBUF (Prop_ibuf_I_O)         1.590     1.590 r  CLK_IBUF_inst/O
                         net (fo=1, routed)           1.967     3.557    CLK_IBUF
    BUFGCTRL_X0Y16       BUFG (Prop_bufg_I_O)         0.096     3.653 r  CLK_IBUF_BUFG_inst/O
                         net (fo=38, routed)          1.640     5.293    CLK_IBUF_BUFG
    SLICE_X1Y46          FDCE                                         r  FSM_onehot_current_state_reg[1]/C
  -------------------------------------------------------------------    -------------------
    SLICE_X1Y46          FDCE (Prop_fdce_C_Q)         0.456     5.749 r  FSM_onehot_current_state_reg[1]/Q
                         net (fo=29, routed)          1.041     6.790    FSM_onehot_current_state_reg_n_0_[1]
    SLICE_X1Y43          LUT4 (Prop_lut4_I3_O)        0.124     6.914 r  PRDATA[31]_i_3/O
                         net (fo=1, routed)           0.502     7.416    PRDATA[31]_i_3_n_0
    SLICE_X1Y44          LUT6 (Prop_lut6_I0_O)        0.124     7.540 r  PRDATA[31]_i_1/O
                         net (fo=32, routed)          1.363     8.903    PRDATA[31]_i_1_n_0
    SLICE_X1Y32          FDCE                                         r  PRDATA_reg[13]/CE
  -------------------------------------------------------------------    -------------------

                         (clock clk rise edge)       10.000    10.000 r  <hidden>
    F4                                                0.000    10.000 r  CLK
                         net (fo=0)                   0.000    10.000    CLK
    F4                   IBUF (Prop_ibuf_I_O)         1.410    11.410 r  CLK_IBUF_inst/O
                         net (fo=1, routed)           1.862    13.272    CLK_IBUF
    BUFGCTRL_X0Y16       BUFG (Prop_bufg_I_O)         0.091    13.363 r  CLK_IBUF_BUFG_inst/O
                         net (fo=38, routed)          1.514    14.877    CLK_IBUF_BUFG
    SLICE_X1Y32          FDCE                                         r  PRDATA_reg[13]/C
                         clock pessimism              0.383    15.260    <hidden>
                         clock uncertainty           -0.035    15.225    <hidden>
    SLICE_X1Y32          FDCE (Setup_fdce_C_CE)      -0.205    15.020    PRDATA_reg[13]
  -------------------------------------------------------------------
                         required time                         15.020    <hidden>
                         arrival time                          -8.903    <hidden>
  -------------------------------------------------------------------
                         slack                                  6.116    <hidden>

Slack (MET) :             6.116ns  (required time - arrival time)
  Source:                 FSM_onehot_current_state_reg[1]/C
                            (rising edge-triggered cell FDCE clocked by clk  {rise@0.000ns fall@5.000ns period=10.000ns})
  Destination:            PRDATA_reg[5]/CE
                            (rising edge-triggered cell FDCE clocked by clk  {rise@0.000ns fall@5.000ns period=10.000ns})
  Path Group:             clk
  Path Type:              Setup (Max at Slow Process Corner)
  Requirement:            10.000ns  (clk rise@10.000ns - clk rise@0.000ns)
  Data Path Delay:        3.610ns  (logic 0.704ns (19.500%)  route 2.906ns (80.500%))
  Logic Levels:           2  (LUT4=1 LUT6=1)
  Clock Path Skew:        -0.033ns (DCD - SCD + CPR)
    Destination Clock Delay (DCD):    4.877ns = ( 14.877 - 10.000 ) 
    Source Clock Delay      (SCD):    5.293ns
    Clock Pessimism Removal (CPR):    0.383ns
  Clock Uncertainty:      0.035ns  ((TSJ^2 + TIJ^2)^1/2 + DJ) / 2 + PE
    Total System Jitter     (TSJ):    0.071ns
    Total Input Jitter      (TIJ):    0.000ns
    Discrete Jitter          (DJ):    0.000ns
    Phase Error              (PE):    0.000ns

    Location             Delay type                Incr(ns)  Path(ns)    Netlist Resource(s)
  -------------------------------------------------------------------    -------------------
                         (clock clk rise edge)        0.000     0.000 r  <hidden>
    F4                                                0.000     0.000 r  CLK
                         net (fo=0)                   0.000     0.000    CLK
    F4                   IBUF (Prop_ibuf_I_O)         1.590     1.590 r  CLK_IBUF_inst/O
                         net (fo=1, routed)           1.967     3.557    CLK_IBUF
    BUFGCTRL_X0Y16       BUFG (Prop_bufg_I_O)         0.096     3.653 r  CLK_IBUF_BUFG_inst/O
                         net (fo=38, routed)          1.640     5.293    CLK_IBUF_BUFG
    SLICE_X1Y46          FDCE                                         r  FSM_onehot_current_state_reg[1]/C
  -------------------------------------------------------------------    -------------------
    SLICE_X1Y46          FDCE (Prop_fdce_C_Q)         0.456     5.749 r  FSM_onehot_current_state_reg[1]/Q
                         net (fo=29, routed)          1.041     6.790    FSM_onehot_current_state_reg_n_0_[1]
    SLICE_X1Y43          LUT4 (Prop_lut4_I3_O)        0.124     6.914 r  PRDATA[31]_i_3/O
                         net (fo=1, routed)           0.502     7.416    PRDATA[31]_i_3_n_0
    SLICE_X1Y44          LUT6 (Prop_lut6_I0_O)        0.124     7.540 r  PRDATA[31]_i_1/O
                         net (fo=32, routed)          1.363     8.903    PRDATA[31]_i_1_n_0
    SLICE_X1Y32          FDCE                                         r  PRDATA_reg[5]/CE
  -------------------------------------------------------------------    -------------------

                         (clock clk rise edge)       10.000    10.000 r  <hidden>
    F4                                                0.000    10.000 r  CLK
                         net (fo=0)                   0.000    10.000    CLK
    F4                   IBUF (Prop_ibuf_I_O)         1.410    11.410 r  CLK_IBUF_inst/O
                         net (fo=1, routed)           1.862    13.272    CLK_IBUF
    BUFGCTRL_X0Y16       BUFG (Prop_bufg_I_O)         0.091    13.363 r  CLK_IBUF_BUFG_inst/O
                         net (fo=38, routed)          1.514    14.877    CLK_IBUF_BUFG
    SLICE_X1Y32          FDCE                                         r  PRDATA_reg[5]/C
                         clock pessimism              0.383    15.260    <hidden>
                         clock uncertainty           -0.035    15.225    <hidden>
    SLICE_X1Y32          FDCE (Setup_fdce_C_CE)      -0.205    15.020    PRDATA_reg[5]
  -------------------------------------------------------------------
                         required time                         15.020    <hidden>
                         arrival time                          -8.903    <hidden>
  -------------------------------------------------------------------
                         slack                                  6.116    <hidden>

Slack (MET) :             6.306ns  (required time - arrival time)
  Source:                 FSM_onehot_current_state_reg[1]/C
                            (rising edge-triggered cell FDCE clocked by clk  {rise@0.000ns fall@5.000ns period=10.000ns})
  Destination:            PRDATA_reg[3]/CE
                            (rising edge-triggered cell FDCE clocked by clk  {rise@0.000ns fall@5.000ns period=10.000ns})
  Path Group:             clk
  Path Type:              Setup (Max at Slow Process Corner)
  Requirement:            10.000ns  (clk rise@10.000ns - clk rise@0.000ns)
  Data Path Delay:        3.421ns  (logic 0.704ns (20.579%)  route 2.717ns (79.421%))
  Logic Levels:           2  (LUT4=1 LUT6=1)
  Clock Path Skew:        -0.033ns (DCD - SCD + CPR)
    Destination Clock Delay (DCD):    4.877ns = ( 14.877 - 10.000 ) 
    Source Clock Delay      (SCD):    5.293ns
    Clock Pessimism Removal (CPR):    0.383ns
  Clock Uncertainty:      0.035ns  ((TSJ^2 + TIJ^2)^1/2 + DJ) / 2 + PE
    Total System Jitter     (TSJ):    0.071ns
    Total Input Jitter      (TIJ):    0.000ns
    Discrete Jitter          (DJ):    0.000ns
    Phase Error              (PE):    0.000ns

    Location             Delay type                Incr(ns)  Path(ns)    Netlist Resource(s)
  -------------------------------------------------------------------    -------------------
                         (clock clk rise edge)        0.000     0.000 r  <hidden>
    F4                                                0.000     0.000 r  CLK
                         net (fo=0)                   0.000     0.000    CLK
    F4                   IBUF (Prop_ibuf_I_O)         1.590     1.590 r  CLK_IBUF_inst/O
                         net (fo=1, routed)           1.967     3.557    CLK_IBUF
    BUFGCTRL_X0Y16       BUFG (Prop_bufg_I_O)         0.096     3.653 r  CLK_IBUF_BUFG_inst/O
                         net (fo=38, routed)          1.640     5.293    CLK_IBUF_BUFG
    SLICE_X1Y46          FDCE                                         r  FSM_onehot_current_state_reg[1]/C
  -------------------------------------------------------------------    -------------------
    SLICE_X1Y46          FDCE (Prop_fdce_C_Q)         0.456     5.749 r  FSM_onehot_current_state_reg[1]/Q
                         net (fo=29, routed)          1.041     6.790    FSM_onehot_current_state_reg_n_0_[1]
    SLICE_X1Y43          LUT4 (Prop_lut4_I3_O)        0.124     6.914 r  PRDATA[31]_i_3/O
                         net (fo=1, routed)           0.502     7.416    PRDATA[31]_i_3_n_0
    SLICE_X1Y44          LUT6 (Prop_lut6_I0_O)        0.124     7.540 r  PRDATA[31]_i_1/O
                         net (fo=32, routed)          1.174     8.714    PRDATA[31]_i_1_n_0
    SLICE_X0Y32          FDCE                                         r  PRDATA_reg[3]/CE
  -------------------------------------------------------------------    -------------------

                         (clock clk rise edge)       10.000    10.000 r  <hidden>
    F4                                                0.000    10.000 r  CLK
                         net (fo=0)                   0.000    10.000    CLK
    F4                   IBUF (Prop_ibuf_I_O)         1.410    11.410 r  CLK_IBUF_inst/O
                         net (fo=1, routed)           1.862    13.272    CLK_IBUF
    BUFGCTRL_X0Y16       BUFG (Prop_bufg_I_O)         0.091    13.363 r  CLK_IBUF_BUFG_inst/O
                         net (fo=38, routed)          1.514    14.877    CLK_IBUF_BUFG
    SLICE_X0Y32          FDCE                                         r  PRDATA_reg[3]/C
                         clock pessimism              0.383    15.260    <hidden>
                         clock uncertainty           -0.035    15.225    <hidden>
    SLICE_X0Y32          FDCE (Setup_fdce_C_CE)      -0.205    15.020    PRDATA_reg[3]
  -------------------------------------------------------------------
                         required time                         15.020    <hidden>
                         arrival time                          -8.714    <hidden>
  -------------------------------------------------------------------
                         slack                                  6.306    <hidden>

Slack (MET) :             6.306ns  (required time - arrival time)
  Source:                 FSM_onehot_current_state_reg[1]/C
                            (rising edge-triggered cell FDCE clocked by clk  {rise@0.000ns fall@5.000ns period=10.000ns})
  Destination:            PRDATA_reg[6]/CE
                            (rising edge-triggered cell FDCE clocked by clk  {rise@0.000ns fall@5.000ns period=10.000ns})
  Path Group:             clk
  Path Type:              Setup (Max at Slow Process Corner)
  Requirement:            10.000ns  (clk rise@10.000ns - clk rise@0.000ns)
  Data Path Delay:        3.421ns  (logic 0.704ns (20.579%)  route 2.717ns (79.421%))
  Logic Levels:           2  (LUT4=1 LUT6=1)
  Clock Path Skew:        -0.033ns (DCD - SCD + CPR)
    Destination Clock Delay (DCD):    4.877ns = ( 14.877 - 10.000 ) 
    Source Clock Delay      (SCD):    5.293ns
    Clock Pessimism Removal (CPR):    0.383ns
  Clock Uncertainty:      0.035ns  ((TSJ^2 + TIJ^2)^1/2 + DJ) / 2 + PE
    Total System Jitter     (TSJ):    0.071ns
    Total Input Jitter      (TIJ):    0.000ns
    Discrete Jitter          (DJ):    0.000ns
    Phase Error              (PE):    0.000ns

    Location             Delay type                Incr(ns)  Path(ns)    Netlist Resource(s)
  -------------------------------------------------------------------    -------------------
                         (clock clk rise edge)        0.000     0.000 r  <hidden>
    F4                                                0.000     0.000 r  CLK
                         net (fo=0)                   0.000     0.000    CLK
    F4                   IBUF (Prop_ibuf_I_O)         1.590     1.590 r  CLK_IBUF_inst/O
                         net (fo=1, routed)           1.967     3.557    CLK_IBUF
    BUFGCTRL_X0Y16       BUFG (Prop_bufg_I_O)         0.096     3.653 r  CLK_IBUF_BUFG_inst/O
                         net (fo=38, routed)          1.640     5.293    CLK_IBUF_BUFG
    SLICE_X1Y46          FDCE                                         r  FSM_onehot_current_state_reg[1]/C
  -------------------------------------------------------------------    -------------------
    SLICE_X1Y46          FDCE (Prop_fdce_C_Q)         0.456     5.749 r  FSM_onehot_current_state_reg[1]/Q
                         net (fo=29, routed)          1.041     6.790    FSM_onehot_current_state_reg_n_0_[1]
    SLICE_X1Y43          LUT4 (Prop_lut4_I3_O)        0.124     6.914 r  PRDATA[31]_i_3/O
                         net (fo=1, routed)           0.502     7.416    PRDATA[31]_i_3_n_0
    SLICE_X1Y44          LUT6 (Prop_lut6_I0_O)        0.124     7.540 r  PRDATA[31]_i_1/O
                         net (fo=32, routed)          1.174     8.714    PRDATA[31]_i_1_n_0
    SLICE_X0Y32          FDCE                                         r  PRDATA_reg[6]/CE
  -------------------------------------------------------------------    -------------------

                         (clock clk rise edge)       10.000    10.000 r  <hidden>
    F4                                                0.000    10.000 r  CLK
                         net (fo=0)                   0.000    10.000    CLK
    F4                   IBUF (Prop_ibuf_I_O)         1.410    11.410 r  CLK_IBUF_inst/O
                         net (fo=1, routed)           1.862    13.272    CLK_IBUF
    BUFGCTRL_X0Y16       BUFG (Prop_bufg_I_O)         0.091    13.363 r  CLK_IBUF_BUFG_inst/O
                         net (fo=38, routed)          1.514    14.877    CLK_IBUF_BUFG
    SLICE_X0Y32          FDCE                                         r  PRDATA_reg[6]/C
                         clock pessimism              0.383    15.260    <hidden>
                         clock uncertainty           -0.035    15.225    <hidden>
    SLICE_X0Y32          FDCE (Setup_fdce_C_CE)      -0.205    15.020    PRDATA_reg[6]
  -------------------------------------------------------------------
                         required time                         15.020    <hidden>
                         arrival time                          -8.714    <hidden>
  -------------------------------------------------------------------
                         slack                                  6.306    <hidden>

Slack (MET) :             6.306ns  (required time - arrival time)
  Source:                 FSM_onehot_current_state_reg[1]/C
                            (rising edge-triggered cell FDCE clocked by clk  {rise@0.000ns fall@5.000ns period=10.000ns})
  Destination:            PRDATA_reg[7]/CE
                            (rising edge-triggered cell FDCE clocked by clk  {rise@0.000ns fall@5.000ns period=10.000ns})
  Path Group:             clk
  Path Type:              Setup (Max at Slow Process Corner)
  Requirement:            10.000ns  (clk rise@10.000ns - clk rise@0.000ns)
  Data Path Delay:        3.421ns  (logic 0.704ns (20.579%)  route 2.717ns (79.421%))
  Logic Levels:           2  (LUT4=1 LUT6=1)
  Clock Path Skew:        -0.033ns (DCD - SCD + CPR)
    Destination Clock Delay (DCD):    4.877ns = ( 14.877 - 10.000 ) 
    Source Clock Delay      (SCD):    5.293ns
    Clock Pessimism Removal (CPR):    0.383ns
  Clock Uncertainty:      0.035ns  ((TSJ^2 + TIJ^2)^1/2 + DJ) / 2 + PE
    Total System Jitter     (TSJ):    0.071ns
    Total Input Jitter      (TIJ):    0.000ns
    Discrete Jitter          (DJ):    0.000ns
    Phase Error              (PE):    0.000ns

    Location             Delay type                Incr(ns)  Path(ns)    Netlist Resource(s)
  -------------------------------------------------------------------    -------------------
                         (clock clk rise edge)        0.000     0.000 r  <hidden>
    F4                                                0.000     0.000 r  CLK
                         net (fo=0)                   0.000     0.000    CLK
    F4                   IBUF (Prop_ibuf_I_O)         1.590     1.590 r  CLK_IBUF_inst/O
                         net (fo=1, routed)           1.967     3.557    CLK_IBUF
    BUFGCTRL_X0Y16       BUFG (Prop_bufg_I_O)         0.096     3.653 r  CLK_IBUF_BUFG_inst/O
                         net (fo=38, routed)          1.640     5.293    CLK_IBUF_BUFG
    SLICE_X1Y46          FDCE                                         r  FSM_onehot_current_state_reg[1]/C
  -------------------------------------------------------------------    -------------------
    SLICE_X1Y46          FDCE (Prop_fdce_C_Q)         0.456     5.749 r  FSM_onehot_current_state_reg[1]/Q
                         net (fo=29, routed)          1.041     6.790    FSM_onehot_current_state_reg_n_0_[1]
    SLICE_X1Y43          LUT4 (Prop_lut4_I3_O)        0.124     6.914 r  PRDATA[31]_i_3/O
                         net (fo=1, routed)           0.502     7.416    PRDATA[31]_i_3_n_0
    SLICE_X1Y44          LUT6 (Prop_lut6_I0_O)        0.124     7.540 r  PRDATA[31]_i_1/O
                         net (fo=32, routed)          1.174     8.714    PRDATA[31]_i_1_n_0
    SLICE_X0Y32          FDCE                                         r  PRDATA_reg[7]/CE
  -------------------------------------------------------------------    -------------------

                         (clock clk rise edge)       10.000    10.000 r  <hidden>
    F4                                                0.000    10.000 r  CLK
                         net (fo=0)                   0.000    10.000    CLK
    F4                   IBUF (Prop_ibuf_I_O)         1.410    11.410 r  CLK_IBUF_inst/O
                         net (fo=1, routed)           1.862    13.272    CLK_IBUF
    BUFGCTRL_X0Y16       BUFG (Prop_bufg_I_O)         0.091    13.363 r  CLK_IBUF_BUFG_inst/O
                         net (fo=38, routed)          1.514    14.877    CLK_IBUF_BUFG
    SLICE_X0Y32          FDCE                                         r  PRDATA_reg[7]/C
                         clock pessimism              0.383    15.260    <hidden>
                         clock uncertainty           -0.035    15.225    <hidden>
    SLICE_X0Y32          FDCE (Setup_fdce_C_CE)      -0.205    15.020    PRDATA_reg[7]
  -------------------------------------------------------------------
                         required time                         15.020    <hidden>
                         arrival time                          -8.714    <hidden>
  -------------------------------------------------------------------
                         slack                                  6.306    <hidden>

Slack (MET) :             6.674ns  (required time - arrival time)
  Source:                 FSM_onehot_current_state_reg[1]/C
                            (rising edge-triggered cell FDCE clocked by clk  {rise@0.000ns fall@5.000ns period=10.000ns})
  Destination:            PRDATA_reg[11]/CE
                            (rising edge-triggered cell FDCE clocked by clk  {rise@0.000ns fall@5.000ns period=10.000ns})
  Path Group:             clk
  Path Type:              Setup (Max at Slow Process Corner)
  Requirement:            10.000ns  (clk rise@10.000ns - clk rise@0.000ns)
  Data Path Delay:        3.051ns  (logic 0.704ns (23.076%)  route 2.347ns (76.924%))
  Logic Levels:           2  (LUT4=1 LUT6=1)
  Clock Path Skew:        -0.035ns (DCD - SCD + CPR)
    Destination Clock Delay (DCD):    4.875ns = ( 14.875 - 10.000 ) 
    Source Clock Delay      (SCD):    5.293ns
    Clock Pessimism Removal (CPR):    0.383ns
  Clock Uncertainty:      0.035ns  ((TSJ^2 + TIJ^2)^1/2 + DJ) / 2 + PE
    Total System Jitter     (TSJ):    0.071ns
    Total Input Jitter      (TIJ):    0.000ns
    Discrete Jitter          (DJ):    0.000ns
    Phase Error              (PE):    0.000ns

    Location             Delay type                Incr(ns)  Path(ns)    Netlist Resource(s)
  -------------------------------------------------------------------    -------------------
                         (clock clk rise edge)        0.000     0.000 r  <hidden>
    F4                                                0.000     0.000 r  CLK
                         net (fo=0)                   0.000     0.000    CLK
    F4                   IBUF (Prop_ibuf_I_O)         1.590     1.590 r  CLK_IBUF_inst/O
                         net (fo=1, routed)           1.967     3.557    CLK_IBUF
    BUFGCTRL_X0Y16       BUFG (Prop_bufg_I_O)         0.096     3.653 r  CLK_IBUF_BUFG_inst/O
                         net (fo=38, routed)          1.640     5.293    CLK_IBUF_BUFG
    SLICE_X1Y46          FDCE                                         r  FSM_onehot_current_state_reg[1]/C
  -------------------------------------------------------------------    -------------------
    SLICE_X1Y46          FDCE (Prop_fdce_C_Q)         0.456     5.749 r  FSM_onehot_current_state_reg[1]/Q
                         net (fo=29, routed)          1.041     6.790    FSM_onehot_current_state_reg_n_0_[1]
    SLICE_X1Y43          LUT4 (Prop_lut4_I3_O)        0.124     6.914 r  PRDATA[31]_i_3/O
                         net (fo=1, routed)           0.502     7.416    PRDATA[31]_i_3_n_0
    SLICE_X1Y44          LUT6 (Prop_lut6_I0_O)        0.124     7.540 r  PRDATA[31]_i_1/O
                         net (fo=32, routed)          0.804     8.344    PRDATA[31]_i_1_n_0
    SLICE_X0Y31          FDCE                                         r  PRDATA_reg[11]/CE
  -------------------------------------------------------------------    -------------------

                         (clock clk rise edge)       10.000    10.000 r  <hidden>
    F4                                                0.000    10.000 r  CLK
                         net (fo=0)                   0.000    10.000    CLK
    F4                   IBUF (Prop_ibuf_I_O)         1.410    11.410 r  CLK_IBUF_inst/O
                         net (fo=1, routed)           1.862    13.272    CLK_IBUF
    BUFGCTRL_X0Y16       BUFG (Prop_bufg_I_O)         0.091    13.363 r  CLK_IBUF_BUFG_inst/O
                         net (fo=38, routed)          1.512    14.875    CLK_IBUF_BUFG
    SLICE_X0Y31          FDCE                                         r  PRDATA_reg[11]/C
                         clock pessimism              0.383    15.258    <hidden>
                         clock uncertainty           -0.035    15.223    <hidden>
    SLICE_X0Y31          FDCE (Setup_fdce_C_CE)      -0.205    15.018    PRDATA_reg[11]
  -------------------------------------------------------------------
                         required time                         15.018    <hidden>
                         arrival time                          -8.344    <hidden>
  -------------------------------------------------------------------
                         slack                                  6.674    <hidden>

Slack (MET) :             6.674ns  (required time - arrival time)
  Source:                 FSM_onehot_current_state_reg[1]/C
                            (rising edge-triggered cell FDCE clocked by clk  {rise@0.000ns fall@5.000ns period=10.000ns})
  Destination:            PRDATA_reg[2]/CE
                            (rising edge-triggered cell FDCE clocked by clk  {rise@0.000ns fall@5.000ns period=10.000ns})
  Path Group:             clk
  Path Type:              Setup (Max at Slow Process Corner)
  Requirement:            10.000ns  (clk rise@10.000ns - clk rise@0.000ns)
  Data Path Delay:        3.051ns  (logic 0.704ns (23.076%)  route 2.347ns (76.924%))
  Logic Levels:           2  (LUT4=1 LUT6=1)
  Clock Path Skew:        -0.035ns (DCD - SCD + CPR)
    Destination Clock Delay (DCD):    4.875ns = ( 14.875 - 10.000 ) 
    Source Clock Delay      (SCD):    5.293ns
    Clock Pessimism Removal (CPR):    0.383ns
  Clock Uncertainty:      0.035ns  ((TSJ^2 + TIJ^2)^1/2 + DJ) / 2 + PE
    Total System Jitter     (TSJ):    0.071ns
    Total Input Jitter      (TIJ):    0.000ns
    Discrete Jitter          (DJ):    0.000ns
    Phase Error              (PE):    0.000ns

    Location             Delay type                Incr(ns)  Path(ns)    Netlist Resource(s)
  -------------------------------------------------------------------    -------------------
                         (clock clk rise edge)        0.000     0.000 r  <hidden>
    F4                                                0.000     0.000 r  CLK
                         net (fo=0)                   0.000     0.000    CLK
    F4                   IBUF (Prop_ibuf_I_O)         1.590     1.590 r  CLK_IBUF_inst/O
                         net (fo=1, routed)           1.967     3.557    CLK_IBUF
    BUFGCTRL_X0Y16       BUFG (Prop_bufg_I_O)         0.096     3.653 r  CLK_IBUF_BUFG_inst/O
                         net (fo=38, routed)          1.640     5.293    CLK_IBUF_BUFG
    SLICE_X1Y46          FDCE                                         r  FSM_onehot_current_state_reg[1]/C
  -------------------------------------------------------------------    -------------------
    SLICE_X1Y46          FDCE (Prop_fdce_C_Q)         0.456     5.749 r  FSM_onehot_current_state_reg[1]/Q
                         net (fo=29, routed)          1.041     6.790    FSM_onehot_current_state_reg_n_0_[1]
    SLICE_X1Y43          LUT4 (Prop_lut4_I3_O)        0.124     6.914 r  PRDATA[31]_i_3/O
                         net (fo=1, routed)           0.502     7.416    PRDATA[31]_i_3_n_0
    SLICE_X1Y44          LUT6 (Prop_lut6_I0_O)        0.124     7.540 r  PRDATA[31]_i_1/O
                         net (fo=32, routed)          0.804     8.344    PRDATA[31]_i_1_n_0
    SLICE_X0Y31          FDCE                                         r  PRDATA_reg[2]/CE
  -------------------------------------------------------------------    -------------------

                         (clock clk rise edge)       10.000    10.000 r  <hidden>
    F4                                                0.000    10.000 r  CLK
                         net (fo=0)                   0.000    10.000    CLK
    F4                   IBUF (Prop_ibuf_I_O)         1.410    11.410 r  CLK_IBUF_inst/O
                         net (fo=1, routed)           1.862    13.272    CLK_IBUF
    BUFGCTRL_X0Y16       BUFG (Prop_bufg_I_O)         0.091    13.363 r  CLK_IBUF_BUFG_inst/O
                         net (fo=38, routed)          1.512    14.875    CLK_IBUF_BUFG
    SLICE_X0Y31          FDCE                                         r  PRDATA_reg[2]/C
                         clock pessimism              0.383    15.258    <hidden>
                         clock uncertainty           -0.035    15.223    <hidden>
    SLICE_X0Y31          FDCE (Setup_fdce_C_CE)      -0.205    15.018    PRDATA_reg[2]
  -------------------------------------------------------------------
                         required time                         15.018    <hidden>
                         arrival time                          -8.344    <hidden>
  -------------------------------------------------------------------
                         slack                                  6.674    <hidden>

Slack (MET) :             6.674ns  (required time - arrival time)
  Source:                 FSM_onehot_current_state_reg[1]/C
                            (rising edge-triggered cell FDCE clocked by clk  {rise@0.000ns fall@5.000ns period=10.000ns})
  Destination:            PRDATA_reg[4]/CE
                            (rising edge-triggered cell FDCE clocked by clk  {rise@0.000ns fall@5.000ns period=10.000ns})
  Path Group:             clk
  Path Type:              Setup (Max at Slow Process Corner)
  Requirement:            10.000ns  (clk rise@10.000ns - clk rise@0.000ns)
  Data Path Delay:        3.051ns  (logic 0.704ns (23.076%)  route 2.347ns (76.924%))
  Logic Levels:           2  (LUT4=1 LUT6=1)
  Clock Path Skew:        -0.035ns (DCD - SCD + CPR)
    Destination Clock Delay (DCD):    4.875ns = ( 14.875 - 10.000 ) 
    Source Clock Delay      (SCD):    5.293ns
    Clock Pessimism Removal (CPR):    0.383ns
  Clock Uncertainty:      0.035ns  ((TSJ^2 + TIJ^2)^1/2 + DJ) / 2 + PE
    Total System Jitter     (TSJ):    0.071ns
    Total Input Jitter      (TIJ):    0.000ns
    Discrete Jitter          (DJ):    0.000ns
    Phase Error              (PE):    0.000ns

    Location             Delay type                Incr(ns)  Path(ns)    Netlist Resource(s)
  -------------------------------------------------------------------    -------------------
                         (clock clk rise edge)        0.000     0.000 r  <hidden>
    F4                                                0.000     0.000 r  CLK
                         net (fo=0)                   0.000     0.000    CLK
    F4                   IBUF (Prop_ibuf_I_O)         1.590     1.590 r  CLK_IBUF_inst/O
                         net (fo=1, routed)           1.967     3.557    CLK_IBUF
    BUFGCTRL_X0Y16       BUFG (Prop_bufg_I_O)         0.096     3.653 r  CLK_IBUF_BUFG_inst/O
                         net (fo=38, routed)          1.640     5.293    CLK_IBUF_BUFG
    SLICE_X1Y46          FDCE                                         r  FSM_onehot_current_state_reg[1]/C
  -------------------------------------------------------------------    -------------------
    SLICE_X1Y46          FDCE (Prop_fdce_C_Q)         0.456     5.749 r  FSM_onehot_current_state_reg[1]/Q
                         net (fo=29, routed)          1.041     6.790    FSM_onehot_current_state_reg_n_0_[1]
    SLICE_X1Y43          LUT4 (Prop_lut4_I3_O)        0.124     6.914 r  PRDATA[31]_i_3/O
                         net (fo=1, routed)           0.502     7.416    PRDATA[31]_i_3_n_0
    SLICE_X1Y44          LUT6 (Prop_lut6_I0_O)        0.124     7.540 r  PRDATA[31]_i_1/O
                         net (fo=32, routed)          0.804     8.344    PRDATA[31]_i_1_n_0
    SLICE_X0Y31          FDCE                                         r  PRDATA_reg[4]/CE
  -------------------------------------------------------------------    -------------------

                         (clock clk rise edge)       10.000    10.000 r  <hidden>
    F4                                                0.000    10.000 r  CLK
                         net (fo=0)                   0.000    10.000    CLK
    F4                   IBUF (Prop_ibuf_I_O)         1.410    11.410 r  CLK_IBUF_inst/O
                         net (fo=1, routed)           1.862    13.272    CLK_IBUF
    BUFGCTRL_X0Y16       BUFG (Prop_bufg_I_O)         0.091    13.363 r  CLK_IBUF_BUFG_inst/O
                         net (fo=38, routed)          1.512    14.875    CLK_IBUF_BUFG
    SLICE_X0Y31          FDCE                                         r  PRDATA_reg[4]/C
                         clock pessimism              0.383    15.258    <hidden>
                         clock uncertainty           -0.035    15.223    <hidden>
    SLICE_X0Y31          FDCE (Setup_fdce_C_CE)      -0.205    15.018    PRDATA_reg[4]
  -------------------------------------------------------------------
                         required time                         15.018    <hidden>
                         arrival time                          -8.344    <hidden>
  -------------------------------------------------------------------
                         slack                                  6.674    <hidden>





Min Delay Paths
--------------------------------------------------------------------------------------
Slack (MET) :             0.196ns  (arrival time - required time)
  Source:                 FSM_onehot_current_state_reg[2]/C
                            (rising edge-triggered cell FDCE clocked by clk  {rise@0.000ns fall@5.000ns period=10.000ns})
  Destination:            PRDATA_reg[25]/D
                            (rising edge-triggered cell FDCE clocked by clk  {rise@0.000ns fall@5.000ns period=10.000ns})
  Path Group:             clk
  Path Type:              Hold (Min at Fast Process Corner)
  Requirement:            0.000ns  (clk rise@0.000ns - clk rise@0.000ns)
  Data Path Delay:        0.301ns  (logic 0.186ns (61.780%)  route 0.115ns (38.220%))
  Logic Levels:           1  (LUT5=1)
  Clock Path Skew:        0.013ns (DCD - SCD - CPR)
    Destination Clock Delay (DCD):    2.017ns
    Source Clock Delay      (SCD):    1.502ns
    Clock Pessimism Removal (CPR):    0.502ns

    Location             Delay type                Incr(ns)  Path(ns)    Netlist Resource(s)
  -------------------------------------------------------------------    -------------------
                         (clock clk rise edge)        0.000     0.000 r  <hidden>
    F4                                                0.000     0.000 r  CLK
                         net (fo=0)                   0.000     0.000    CLK
    F4                   IBUF (Prop_ibuf_I_O)         0.248     0.248 r  CLK_IBUF_inst/O
                         net (fo=1, routed)           0.631     0.879    CLK_IBUF
    BUFGCTRL_X0Y16       BUFG (Prop_bufg_I_O)         0.026     0.905 r  CLK_IBUF_BUFG_inst/O
                         net (fo=38, routed)          0.597     1.502    CLK_IBUF_BUFG
    SLICE_X1Y46          FDCE                                         r  FSM_onehot_current_state_reg[2]/C
  -------------------------------------------------------------------    -------------------
    SLICE_X1Y46          FDCE (Prop_fdce_C_Q)         0.141     1.643 r  FSM_onehot_current_state_reg[2]/Q
                         net (fo=28, routed)          0.115     1.758    FSM_onehot_current_state_reg_n_0_[2]
    SLICE_X0Y46          LUT5 (Prop_lut5_I3_O)        0.045     1.803 r  PRDATA[25]_i_1/O
                         net (fo=1, routed)           0.000     1.803    PRDATA[25]_i_1_n_0
    SLICE_X0Y46          FDCE                                         r  PRDATA_reg[25]/D
  -------------------------------------------------------------------    -------------------

                         (clock clk rise edge)        0.000     0.000 r  <hidden>
    F4                                                0.000     0.000 r  CLK
                         net (fo=0)                   0.000     0.000    CLK
    F4                   IBUF (Prop_ibuf_I_O)         0.436     0.436 r  CLK_IBUF_inst/O
                         net (fo=1, routed)           0.685     1.121    CLK_IBUF
    BUFGCTRL_X0Y16       BUFG (Prop_bufg_I_O)         0.029     1.150 r  CLK_IBUF_BUFG_inst/O
                         net (fo=38, routed)          0.868     2.017    CLK_IBUF_BUFG
    SLICE_X0Y46          FDCE                                         r  PRDATA_reg[25]/C
                         clock pessimism             -0.502     1.515    <hidden>
    SLICE_X0Y46          FDCE (Hold_fdce_C_D)         0.092     1.607    PRDATA_reg[25]
  -------------------------------------------------------------------
                         required time                         -1.607    <hidden>
                         arrival time                           1.803    <hidden>
  -------------------------------------------------------------------
                         slack                                  0.196    <hidden>

Slack (MET) :             0.198ns  (arrival time - required time)
  Source:                 FSM_onehot_current_state_reg[2]/C
                            (rising edge-triggered cell FDCE clocked by clk  {rise@0.000ns fall@5.000ns period=10.000ns})
  Destination:            PRDATA_reg[19]/D
                            (rising edge-triggered cell FDCE clocked by clk  {rise@0.000ns fall@5.000ns period=10.000ns})
  Path Group:             clk
  Path Type:              Hold (Min at Fast Process Corner)
  Requirement:            0.000ns  (clk rise@0.000ns - clk rise@0.000ns)
  Data Path Delay:        0.302ns  (logic 0.186ns (61.576%)  route 0.116ns (38.424%))
  Logic Levels:           1  (LUT5=1)
  Clock Path Skew:        0.013ns (DCD - SCD - CPR)
    Destination Clock Delay (DCD):    2.017ns
    Source Clock Delay      (SCD):    1.502ns
    Clock Pessimism Removal (CPR):    0.502ns

    Location             Delay type                Incr(ns)  Path(ns)    Netlist Resource(s)
  -------------------------------------------------------------------    -------------------
                         (clock clk rise edge)        0.000     0.000 r  <hidden>
    F4                                                0.000     0.000 r  CLK
                         net (fo=0)                   0.000     0.000    CLK
    F4                   IBUF (Prop_ibuf_I_O)         0.248     0.248 r  CLK_IBUF_inst/O
                         net (fo=1, routed)           0.631     0.879    CLK_IBUF
    BUFGCTRL_X0Y16       BUFG (Prop_bufg_I_O)         0.026     0.905 r  CLK_IBUF_BUFG_inst/O
                         net (fo=38, routed)          0.597     1.502    CLK_IBUF_BUFG
    SLICE_X1Y46          FDCE                                         r  FSM_onehot_current_state_reg[2]/C
  -------------------------------------------------------------------    -------------------
    SLICE_X1Y46          FDCE (Prop_fdce_C_Q)         0.141     1.643 r  FSM_onehot_current_state_reg[2]/Q
                         net (fo=28, routed)          0.116     1.759    FSM_onehot_current_state_reg_n_0_[2]
    SLICE_X0Y46          LUT5 (Prop_lut5_I3_O)        0.045     1.804 r  PRDATA[19]_i_1/O
                         net (fo=1, routed)           0.000     1.804    PRDATA[19]_i_1_n_0
    SLICE_X0Y46          FDCE                                         r  PRDATA_reg[19]/D
  -------------------------------------------------------------------    -------------------

                         (clock clk rise edge)        0.000     0.000 r  <hidden>
    F4                                                0.000     0.000 r  CLK
                         net (fo=0)                   0.000     0.000    CLK
    F4                   IBUF (Prop_ibuf_I_O)         0.436     0.436 r  CLK_IBUF_inst/O
                         net (fo=1, routed)           0.685     1.121    CLK_IBUF
    BUFGCTRL_X0Y16       BUFG (Prop_bufg_I_O)         0.029     1.150 r  CLK_IBUF_BUFG_inst/O
                         net (fo=38, routed)          0.868     2.017    CLK_IBUF_BUFG
    SLICE_X0Y46          FDCE                                         r  PRDATA_reg[19]/C
                         clock pessimism             -0.502     1.515    <hidden>
    SLICE_X0Y46          FDCE (Hold_fdce_C_D)         0.091     1.606    PRDATA_reg[19]
  -------------------------------------------------------------------
                         required time                         -1.606    <hidden>
                         arrival time                           1.804    <hidden>
  -------------------------------------------------------------------
                         slack                                  0.198    <hidden>

Slack (MET) :             0.202ns  (arrival time - required time)
  Source:                 FSM_onehot_current_state_reg[1]/C
                            (rising edge-triggered cell FDCE clocked by clk  {rise@0.000ns fall@5.000ns period=10.000ns})
  Destination:            PRDATA_reg[28]/D
                            (rising edge-triggered cell FDCE clocked by clk  {rise@0.000ns fall@5.000ns period=10.000ns})
  Path Group:             clk
  Path Type:              Hold (Min at Fast Process Corner)
  Requirement:            0.000ns  (clk rise@0.000ns - clk rise@0.000ns)
  Data Path Delay:        0.307ns  (logic 0.186ns (60.679%)  route 0.121ns (39.321%))
  Logic Levels:           1  (LUT5=1)
  Clock Path Skew:        0.013ns (DCD - SCD - CPR)
    Destination Clock Delay (DCD):    2.017ns
    Source Clock Delay      (SCD):    1.502ns
    Clock Pessimism Removal (CPR):    0.502ns

    Location             Delay type                Incr(ns)  Path(ns)    Netlist Resource(s)
  -------------------------------------------------------------------    -------------------
                         (clock clk rise edge)        0.000     0.000 r  <hidden>
    F4                                                0.000     0.000 r  CLK
                         net (fo=0)                   0.000     0.000    CLK
    F4                   IBUF (Prop_ibuf_I_O)         0.248     0.248 r  CLK_IBUF_inst/O
                         net (fo=1, routed)           0.631     0.879    CLK_IBUF
    BUFGCTRL_X0Y16       BUFG (Prop_bufg_I_O)         0.026     0.905 r  CLK_IBUF_BUFG_inst/O
                         net (fo=38, routed)          0.597     1.502    CLK_IBUF_BUFG
    SLICE_X1Y46          FDCE                                         r  FSM_onehot_current_state_reg[1]/C
  -------------------------------------------------------------------    -------------------
    SLICE_X1Y46          FDCE (Prop_fdce_C_Q)         0.141     1.643 r  FSM_onehot_current_state_reg[1]/Q
                         net (fo=29, routed)          0.121     1.763    FSM_onehot_current_state_reg_n_0_[1]
    SLICE_X0Y46          LUT5 (Prop_lut5_I4_O)        0.045     1.808 r  PRDATA[28]_i_1/O
                         net (fo=1, routed)           0.000     1.808    PRDATA[28]_i_1_n_0
    SLICE_X0Y46          FDCE                                         r  PRDATA_reg[28]/D
  -------------------------------------------------------------------    -------------------

                         (clock clk rise edge)        0.000     0.000 r  <hidden>
    F4                                                0.000     0.000 r  CLK
                         net (fo=0)                   0.000     0.000    CLK
    F4                   IBUF (Prop_ibuf_I_O)         0.436     0.436 r  CLK_IBUF_inst/O
                         net (fo=1, routed)           0.685     1.121    CLK_IBUF
    BUFGCTRL_X0Y16       BUFG (Prop_bufg_I_O)         0.029     1.150 r  CLK_IBUF_BUFG_inst/O
                         net (fo=38, routed)          0.868     2.017    CLK_IBUF_BUFG
    SLICE_X0Y46          FDCE                                         r  PRDATA_reg[28]/C
                         clock pessimism             -0.502     1.515    <hidden>
    SLICE_X0Y46          FDCE (Hold_fdce_C_D)         0.092     1.607    PRDATA_reg[28]
  -------------------------------------------------------------------
                         required time                         -1.607    <hidden>
                         arrival time                           1.808    <hidden>
  -------------------------------------------------------------------
                         slack                                  0.202    <hidden>

Slack (MET) :             0.254ns  (arrival time - required time)
  Source:                 FSM_onehot_current_state_reg[0]/C
                            (rising edge-triggered cell FDPE clocked by clk  {rise@0.000ns fall@5.000ns period=10.000ns})
  Destination:            PRDATA_reg[21]/D
                            (rising edge-triggered cell FDCE clocked by clk  {rise@0.000ns fall@5.000ns period=10.000ns})
  Path Group:             clk
  Path Type:              Hold (Min at Fast Process Corner)
  Requirement:            0.000ns  (clk rise@0.000ns - clk rise@0.000ns)
  Data Path Delay:        0.362ns  (logic 0.186ns (51.421%)  route 0.176ns (48.579%))
  Logic Levels:           1  (LUT5=1)
  Clock Path Skew:        0.016ns (DCD - SCD - CPR)
    Destination Clock Delay (DCD):    2.017ns
    Source Clock Delay      (SCD):    1.502ns
    Clock Pessimism Removal (CPR):    0.499ns

    Location             Delay type                Incr(ns)  Path(ns)    Netlist Resource(s)
  -------------------------------------------------------------------    -------------------
                         (clock clk rise edge)        0.000     0.000 r  <hidden>
    F4                                                0.000     0.000 r  CLK
                         net (fo=0)                   0.000     0.000    CLK
    F4                   IBUF (Prop_ibuf_I_O)         0.248     0.248 r  CLK_IBUF_inst/O
                         net (fo=1, routed)           0.631     0.879    CLK_IBUF
    BUFGCTRL_X0Y16       BUFG (Prop_bufg_I_O)         0.026     0.905 r  CLK_IBUF_BUFG_inst/O
                         net (fo=38, routed)          0.597     1.502    CLK_IBUF_BUFG
    SLICE_X1Y46          FDPE                                         r  FSM_onehot_current_state_reg[0]/C
  -------------------------------------------------------------------    -------------------
    SLICE_X1Y46          FDPE (Prop_fdpe_C_Q)         0.141     1.643 r  FSM_onehot_current_state_reg[0]/Q
                         net (fo=38, routed)          0.176     1.818    FSM_onehot_current_state_reg_n_0_[0]
    SLICE_X0Y45          LUT5 (Prop_lut5_I2_O)        0.045     1.863 r  PRDATA[21]_i_1/O
                         net (fo=1, routed)           0.000     1.863    PRDATA[21]_i_1_n_0
    SLICE_X0Y45          FDCE                                         r  PRDATA_reg[21]/D
  -------------------------------------------------------------------    -------------------

                         (clock clk rise edge)        0.000     0.000 r  <hidden>
    F4                                                0.000     0.000 r  CLK
                         net (fo=0)                   0.000     0.000    CLK
    F4                   IBUF (Prop_ibuf_I_O)         0.436     0.436 r  CLK_IBUF_inst/O
                         net (fo=1, routed)           0.685     1.121    CLK_IBUF
    BUFGCTRL_X0Y16       BUFG (Prop_bufg_I_O)         0.029     1.150 r  CLK_IBUF_BUFG_inst/O
                         net (fo=38, routed)          0.868     2.017    CLK_IBUF_BUFG
    SLICE_X0Y45          FDCE                                         r  PRDATA_reg[21]/C
                         clock pessimism             -0.499     1.518    <hidden>
    SLICE_X0Y45          FDCE (Hold_fdce_C_D)         0.092     1.610    PRDATA_reg[21]
  -------------------------------------------------------------------
                         required time                         -1.610    <hidden>
                         arrival time                           1.863    <hidden>
  -------------------------------------------------------------------
                         slack                                  0.254    <hidden>

Slack (MET) :             0.260ns  (arrival time - required time)
  Source:                 FSM_onehot_current_state_reg[1]/C
                            (rising edge-triggered cell FDCE clocked by clk  {rise@0.000ns fall@5.000ns period=10.000ns})
  Destination:            PRDATA_reg[18]/D
                            (rising edge-triggered cell FDCE clocked by clk  {rise@0.000ns fall@5.000ns period=10.000ns})
  Path Group:             clk
  Path Type:              Hold (Min at Fast Process Corner)
  Requirement:            0.000ns  (clk rise@0.000ns - clk rise@0.000ns)
  Data Path Delay:        0.369ns  (logic 0.186ns (50.371%)  route 0.183ns (49.629%))
  Logic Levels:           1  (LUT5=1)
  Clock Path Skew:        0.017ns (DCD - SCD - CPR)
    Destination Clock Delay (DCD):    2.018ns
    Source Clock Delay      (SCD):    1.502ns
    Clock Pessimism Removal (CPR):    0.499ns

    Location             Delay type                Incr(ns)  Path(ns)    Netlist Resource(s)
  -------------------------------------------------------------------    -------------------
                         (clock clk rise edge)        0.000     0.000 r  <hidden>
    F4                                                0.000     0.000 r  CLK
                         net (fo=0)                   0.000     0.000    CLK
    F4                   IBUF (Prop_ibuf_I_O)         0.248     0.248 r  CLK_IBUF_inst/O
                         net (fo=1, routed)           0.631     0.879    CLK_IBUF
    BUFGCTRL_X0Y16       BUFG (Prop_bufg_I_O)         0.026     0.905 r  CLK_IBUF_BUFG_inst/O
                         net (fo=38, routed)          0.597     1.502    CLK_IBUF_BUFG
    SLICE_X1Y46          FDCE                                         r  FSM_onehot_current_state_reg[1]/C
  -------------------------------------------------------------------    -------------------
    SLICE_X1Y46          FDCE (Prop_fdce_C_Q)         0.141     1.643 r  FSM_onehot_current_state_reg[1]/Q
                         net (fo=29, routed)          0.183     1.826    FSM_onehot_current_state_reg_n_0_[1]
    SLICE_X1Y47          LUT5 (Prop_lut5_I4_O)        0.045     1.871 r  PRDATA[18]_i_1/O
                         net (fo=1, routed)           0.000     1.871    PRDATA[18]_i_1_n_0
    SLICE_X1Y47          FDCE                                         r  PRDATA_reg[18]/D
  -------------------------------------------------------------------    -------------------

                         (clock clk rise edge)        0.000     0.000 r  <hidden>
    F4                                                0.000     0.000 r  CLK
                         net (fo=0)                   0.000     0.000    CLK
    F4                   IBUF (Prop_ibuf_I_O)         0.436     0.436 r  CLK_IBUF_inst/O
                         net (fo=1, routed)           0.685     1.121    CLK_IBUF
    BUFGCTRL_X0Y16       BUFG (Prop_bufg_I_O)         0.029     1.150 r  CLK_IBUF_BUFG_inst/O
                         net (fo=38, routed)          0.869     2.018    CLK_IBUF_BUFG
    SLICE_X1Y47          FDCE                                         r  PRDATA_reg[18]/C
                         clock pessimism             -0.499     1.519    <hidden>
    SLICE_X1Y47          FDCE (Hold_fdce_C_D)         0.092     1.611    PRDATA_reg[18]
  -------------------------------------------------------------------
                         required time                         -1.611    <hidden>
                         arrival time                           1.871    <hidden>
  -------------------------------------------------------------------
                         slack                                  0.260    <hidden>

Slack (MET) :             0.263ns  (arrival time - required time)
  Source:                 FSM_onehot_current_state_reg[1]/C
                            (rising edge-triggered cell FDCE clocked by clk  {rise@0.000ns fall@5.000ns period=10.000ns})
  Destination:            PRDATA_reg[31]/D
                            (rising edge-triggered cell FDCE clocked by clk  {rise@0.000ns fall@5.000ns period=10.000ns})
  Path Group:             clk
  Path Type:              Hold (Min at Fast Process Corner)
  Requirement:            0.000ns  (clk rise@0.000ns - clk rise@0.000ns)
  Data Path Delay:        0.372ns  (logic 0.186ns (49.965%)  route 0.186ns (50.035%))
  Logic Levels:           1  (LUT5=1)
  Clock Path Skew:        0.017ns (DCD - SCD - CPR)
    Destination Clock Delay (DCD):    2.018ns
    Source Clock Delay      (SCD):    1.502ns
    Clock Pessimism Removal (CPR):    0.499ns

    Location             Delay type                Incr(ns)  Path(ns)    Netlist Resource(s)
  -------------------------------------------------------------------    -------------------
                         (clock clk rise edge)        0.000     0.000 r  <hidden>
    F4                                                0.000     0.000 r  CLK
                         net (fo=0)                   0.000     0.000    CLK
    F4                   IBUF (Prop_ibuf_I_O)         0.248     0.248 r  CLK_IBUF_inst/O
                         net (fo=1, routed)           0.631     0.879    CLK_IBUF
    BUFGCTRL_X0Y16       BUFG (Prop_bufg_I_O)         0.026     0.905 r  CLK_IBUF_BUFG_inst/O
                         net (fo=38, routed)          0.597     1.502    CLK_IBUF_BUFG
    SLICE_X1Y46          FDCE                                         r  FSM_onehot_current_state_reg[1]/C
  -------------------------------------------------------------------    -------------------
    SLICE_X1Y46          FDCE (Prop_fdce_C_Q)         0.141     1.643 r  FSM_onehot_current_state_reg[1]/Q
                         net (fo=29, routed)          0.186     1.829    FSM_onehot_current_state_reg_n_0_[1]
    SLICE_X1Y47          LUT5 (Prop_lut5_I4_O)        0.045     1.874 r  PRDATA[31]_i_2/O
                         net (fo=1, routed)           0.000     1.874    PRDATA[31]_i_2_n_0
    SLICE_X1Y47          FDCE                                         r  PRDATA_reg[31]/D
  -------------------------------------------------------------------    -------------------

                         (clock clk rise edge)        0.000     0.000 r  <hidden>
    F4                                                0.000     0.000 r  CLK
                         net (fo=0)                   0.000     0.000    CLK
    F4                   IBUF (Prop_ibuf_I_O)         0.436     0.436 r  CLK_IBUF_inst/O
                         net (fo=1, routed)           0.685     1.121    CLK_IBUF
    BUFGCTRL_X0Y16       BUFG (Prop_bufg_I_O)         0.029     1.150 r  CLK_IBUF_BUFG_inst/O
                         net (fo=38, routed)          0.869     2.018    CLK_IBUF_BUFG
    SLICE_X1Y47          FDCE                                         r  PRDATA_reg[31]/C
                         clock pessimism             -0.499     1.519    <hidden>
    SLICE_X1Y47          FDCE (Hold_fdce_C_D)         0.092     1.611    PRDATA_reg[31]
  -------------------------------------------------------------------
                         required time                         -1.611    <hidden>
                         arrival time                           1.874    <hidden>
  -------------------------------------------------------------------
                         slack                                  0.263    <hidden>

Slack (MET) :             0.279ns  (arrival time - required time)
  Source:                 FSM_onehot_current_state_reg[1]/C
                            (rising edge-triggered cell FDCE clocked by clk  {rise@0.000ns fall@5.000ns period=10.000ns})
  Destination:            PRDATA_reg[26]/D
                            (rising edge-triggered cell FDCE clocked by clk  {rise@0.000ns fall@5.000ns period=10.000ns})
  Path Group:             clk
  Path Type:              Hold (Min at Fast Process Corner)
  Requirement:            0.000ns  (clk rise@0.000ns - clk rise@0.000ns)
  Data Path Delay:        0.387ns  (logic 0.186ns (48.030%)  route 0.201ns (51.970%))
  Logic Levels:           1  (LUT5=1)
  Clock Path Skew:        0.016ns (DCD - SCD - CPR)
    Destination Clock Delay (DCD):    2.017ns
    Source Clock Delay      (SCD):    1.502ns
    Clock Pessimism Removal (CPR):    0.499ns

    Location             Delay type                Incr(ns)  Path(ns)    Netlist Resource(s)
  -------------------------------------------------------------------    -------------------
                         (clock clk rise edge)        0.000     0.000 r  <hidden>
    F4                                                0.000     0.000 r  CLK
                         net (fo=0)                   0.000     0.000    CLK
    F4                   IBUF (Prop_ibuf_I_O)         0.248     0.248 r  CLK_IBUF_inst/O
                         net (fo=1, routed)           0.631     0.879    CLK_IBUF
    BUFGCTRL_X0Y16       BUFG (Prop_bufg_I_O)         0.026     0.905 r  CLK_IBUF_BUFG_inst/O
                         net (fo=38, routed)          0.597     1.502    CLK_IBUF_BUFG
    SLICE_X1Y46          FDCE                                         r  FSM_onehot_current_state_reg[1]/C
  -------------------------------------------------------------------    -------------------
    SLICE_X1Y46          FDCE (Prop_fdce_C_Q)         0.141     1.643 r  FSM_onehot_current_state_reg[1]/Q
                         net (fo=29, routed)          0.201     1.844    FSM_onehot_current_state_reg_n_0_[1]
    SLICE_X0Y45          LUT5 (Prop_lut5_I4_O)        0.045     1.889 r  PRDATA[26]_i_1/O
                         net (fo=1, routed)           0.000     1.889    PRDATA[26]_i_1_n_0
    SLICE_X0Y45          FDCE                                         r  PRDATA_reg[26]/D
  -------------------------------------------------------------------    -------------------

                         (clock clk rise edge)        0.000     0.000 r  <hidden>
    F4                                                0.000     0.000 r  CLK
                         net (fo=0)                   0.000     0.000    CLK
    F4                   IBUF (Prop_ibuf_I_O)         0.436     0.436 r  CLK_IBUF_inst/O
                         net (fo=1, routed)           0.685     1.121    CLK_IBUF
    BUFGCTRL_X0Y16       BUFG (Prop_bufg_I_O)         0.029     1.150 r  CLK_IBUF_BUFG_inst/O
                         net (fo=38, routed)          0.868     2.017    CLK_IBUF_BUFG
    SLICE_X0Y45          FDCE                                         r  PRDATA_reg[26]/C
                         clock pessimism             -0.499     1.518    <hidden>
    SLICE_X0Y45          FDCE (Hold_fdce_C_D)         0.092     1.610    PRDATA_reg[26]
  -------------------------------------------------------------------
                         required time                         -1.610    <hidden>
                         arrival time                           1.889    <hidden>
  -------------------------------------------------------------------
                         slack                                  0.279    <hidden>

Slack (MET) :             0.282ns  (arrival time - required time)
  Source:                 FSM_onehot_current_state_reg[0]/C
                            (rising edge-triggered cell FDPE clocked by clk  {rise@0.000ns fall@5.000ns period=10.000ns})
  Destination:            PRDATA_reg[17]/D
                            (rising edge-triggered cell FDCE clocked by clk  {rise@0.000ns fall@5.000ns period=10.000ns})
  Path Group:             clk
  Path Type:              Hold (Min at Fast Process Corner)
  Requirement:            0.000ns  (clk rise@0.000ns - clk rise@0.000ns)
  Data Path Delay:        0.405ns  (logic 0.189ns (46.669%)  route 0.216ns (53.331%))
  Logic Levels:           1  (LUT3=1)
  Clock Path Skew:        0.016ns (DCD - SCD - CPR)
    Destination Clock Delay (DCD):    2.017ns
    Source Clock Delay      (SCD):    1.502ns
    Clock Pessimism Removal (CPR):    0.499ns

    Location             Delay type                Incr(ns)  Path(ns)    Netlist Resource(s)
  -------------------------------------------------------------------    -------------------
                         (clock clk rise edge)        0.000     0.000 r  <hidden>
    F4                                                0.000     0.000 r  CLK
                         net (fo=0)                   0.000     0.000    CLK
    F4                   IBUF (Prop_ibuf_I_O)         0.248     0.248 r  CLK_IBUF_inst/O
                         net (fo=1, routed)           0.631     0.879    CLK_IBUF
    BUFGCTRL_X0Y16       BUFG (Prop_bufg_I_O)         0.026     0.905 r  CLK_IBUF_BUFG_inst/O
                         net (fo=38, routed)          0.597     1.502    CLK_IBUF_BUFG
    SLICE_X1Y46          FDPE                                         r  FSM_onehot_current_state_reg[0]/C
  -------------------------------------------------------------------    -------------------
    SLICE_X1Y46          FDPE (Prop_fdpe_C_Q)         0.141     1.643 r  FSM_onehot_current_state_reg[0]/Q
                         net (fo=38, routed)          0.216     1.859    FSM_onehot_current_state_reg_n_0_[0]
    SLICE_X0Y45          LUT3 (Prop_lut3_I0_O)        0.048     1.907 r  PRDATA[17]_i_1/O
                         net (fo=1, routed)           0.000     1.907    PRDATA[17]_i_1_n_0
    SLICE_X0Y45          FDCE                                         r  PRDATA_reg[17]/D
  -------------------------------------------------------------------    -------------------

                         (clock clk rise edge)        0.000     0.000 r  <hidden>
    F4                                                0.000     0.000 r  CLK
                         net (fo=0)                   0.000     0.000    CLK
    F4                   IBUF (Prop_ibuf_I_O)         0.436     0.436 r  CLK_IBUF_inst/O
                         net (fo=1, routed)           0.685     1.121    CLK_IBUF
    BUFGCTRL_X0Y16       BUFG (Prop_bufg_I_O)         0.029     1.150 r  CLK_IBUF_BUFG_inst/O
                         net (fo=38, routed)          0.868     2.017    CLK_IBUF_BUFG
    SLICE_X0Y45          FDCE                                         r  PRDATA_reg[17]/C
                         clock pessimism             -0.499     1.518    <hidden>
    SLICE_X0Y45          FDCE (Hold_fdce_C_D)         0.107     1.625    PRDATA_reg[17]
  -------------------------------------------------------------------
                         required time                         -1.625    <hidden>
                         arrival time                           1.907    <hidden>
  -------------------------------------------------------------------
                         slack                                  0.282    <hidden>

Slack (MET) :             0.282ns  (arrival time - required time)
  Source:                 FSM_onehot_current_state_reg[2]/C
                            (rising edge-triggered cell FDCE clocked by clk  {rise@0.000ns fall@5.000ns period=10.000ns})
  Destination:            PRDATA_reg[27]/D
                            (rising edge-triggered cell FDCE clocked by clk  {rise@0.000ns fall@5.000ns period=10.000ns})
  Path Group:             clk
  Path Type:              Hold (Min at Fast Process Corner)
  Requirement:            0.000ns  (clk rise@0.000ns - clk rise@0.000ns)
  Data Path Delay:        0.387ns  (logic 0.186ns (48.054%)  route 0.201ns (51.946%))
  Logic Levels:           1  (LUT5=1)
  Clock Path Skew:        0.013ns (DCD - SCD - CPR)
    Destination Clock Delay (DCD):    2.017ns
    Source Clock Delay      (SCD):    1.502ns
    Clock Pessimism Removal (CPR):    0.502ns

    Location             Delay type                Incr(ns)  Path(ns)    Netlist Resource(s)
  -------------------------------------------------------------------    -------------------
                         (clock clk rise edge)        0.000     0.000 r  <hidden>
    F4                                                0.000     0.000 r  CLK
                         net (fo=0)                   0.000     0.000    CLK
    F4                   IBUF (Prop_ibuf_I_O)         0.248     0.248 r  CLK_IBUF_inst/O
                         net (fo=1, routed)           0.631     0.879    CLK_IBUF
    BUFGCTRL_X0Y16       BUFG (Prop_bufg_I_O)         0.026     0.905 r  CLK_IBUF_BUFG_inst/O
                         net (fo=38, routed)          0.597     1.502    CLK_IBUF_BUFG
    SLICE_X1Y46          FDCE                                         r  FSM_onehot_current_state_reg[2]/C
  -------------------------------------------------------------------    -------------------
    SLICE_X1Y46          FDCE (Prop_fdce_C_Q)         0.141     1.643 r  FSM_onehot_current_state_reg[2]/Q
                         net (fo=28, routed)          0.201     1.844    FSM_onehot_current_state_reg_n_0_[2]
    SLICE_X0Y46          LUT5 (Prop_lut5_I3_O)        0.045     1.889 r  PRDATA[27]_i_1/O
                         net (fo=1, routed)           0.000     1.889    PRDATA[27]_i_1_n_0
    SLICE_X0Y46          FDCE                                         r  PRDATA_reg[27]/D
  -------------------------------------------------------------------    -------------------

                         (clock clk rise edge)        0.000     0.000 r  <hidden>
    F4                                                0.000     0.000 r  CLK
                         net (fo=0)                   0.000     0.000    CLK
    F4                   IBUF (Prop_ibuf_I_O)         0.436     0.436 r  CLK_IBUF_inst/O
                         net (fo=1, routed)           0.685     1.121    CLK_IBUF
    BUFGCTRL_X0Y16       BUFG (Prop_bufg_I_O)         0.029     1.150 r  CLK_IBUF_BUFG_inst/O
                         net (fo=38, routed)          0.868     2.017    CLK_IBUF_BUFG
    SLICE_X0Y46          FDCE                                         r  PRDATA_reg[27]/C
                         clock pessimism             -0.502     1.515    <hidden>
    SLICE_X0Y46          FDCE (Hold_fdce_C_D)         0.092     1.607    PRDATA_reg[27]
  -------------------------------------------------------------------
                         required time                         -1.607    <hidden>
                         arrival time                           1.889    <hidden>
  -------------------------------------------------------------------
                         slack                                  0.282    <hidden>

Slack (MET) :             0.295ns  (arrival time - required time)
  Source:                 FSM_onehot_current_state_reg[0]/C
                            (rising edge-triggered cell FDPE clocked by clk  {rise@0.000ns fall@5.000ns period=10.000ns})
  Destination:            PRDATA_reg[14]/D
                            (rising edge-triggered cell FDCE clocked by clk  {rise@0.000ns fall@5.000ns period=10.000ns})
  Path Group:             clk
  Path Type:              Hold (Min at Fast Process Corner)
  Requirement:            0.000ns  (clk rise@0.000ns - clk rise@0.000ns)
  Data Path Delay:        0.402ns  (logic 0.186ns (46.271%)  route 0.216ns (53.729%))
  Logic Levels:           1  (LUT3=1)
  Clock Path Skew:        0.016ns (DCD - SCD - CPR)
    Destination Clock Delay (DCD):    2.017ns
    Source Clock Delay      (SCD):    1.502ns
    Clock Pessimism Removal (CPR):    0.499ns

    Location             Delay type                Incr(ns)  Path(ns)    Netlist Resource(s)
  -------------------------------------------------------------------    -------------------
                         (clock clk rise edge)        0.000     0.000 r  <hidden>
    F4                                                0.000     0.000 r  CLK
                         net (fo=0)                   0.000     0.000    CLK
    F4                   IBUF (Prop_ibuf_I_O)         0.248     0.248 r  CLK_IBUF_inst/O
                         net (fo=1, routed)           0.631     0.879    CLK_IBUF
    BUFGCTRL_X0Y16       BUFG (Prop_bufg_I_O)         0.026     0.905 r  CLK_IBUF_BUFG_inst/O
                         net (fo=38, routed)          0.597     1.502    CLK_IBUF_BUFG
    SLICE_X1Y46          FDPE                                         r  FSM_onehot_current_state_reg[0]/C
  -------------------------------------------------------------------    -------------------
    SLICE_X1Y46          FDPE (Prop_fdpe_C_Q)         0.141     1.643 r  FSM_onehot_current_state_reg[0]/Q
                         net (fo=38, routed)          0.216     1.859    FSM_onehot_current_state_reg_n_0_[0]
    SLICE_X0Y45          LUT3 (Prop_lut3_I0_O)        0.045     1.904 r  PRDATA[14]_i_1/O
                         net (fo=1, routed)           0.000     1.904    PRDATA[14]_i_1_n_0
    SLICE_X0Y45          FDCE                                         r  PRDATA_reg[14]/D
  -------------------------------------------------------------------    -------------------

                         (clock clk rise edge)        0.000     0.000 r  <hidden>
    F4                                                0.000     0.000 r  CLK
                         net (fo=0)                   0.000     0.000    CLK
    F4                   IBUF (Prop_ibuf_I_O)         0.436     0.436 r  CLK_IBUF_inst/O
                         net (fo=1, routed)           0.685     1.121    CLK_IBUF
    BUFGCTRL_X0Y16       BUFG (Prop_bufg_I_O)         0.029     1.150 r  CLK_IBUF_BUFG_inst/O
                         net (fo=38, routed)          0.868     2.017    CLK_IBUF_BUFG
    SLICE_X0Y45          FDCE                                         r  PRDATA_reg[14]/C
                         clock pessimism             -0.499     1.518    <hidden>
    SLICE_X0Y45          FDCE (Hold_fdce_C_D)         0.091     1.609    PRDATA_reg[14]
  -------------------------------------------------------------------
                         required time                         -1.609    <hidden>
                         arrival time                           1.904    <hidden>
  -------------------------------------------------------------------
                         slack                                  0.295    <hidden>





Pulse Width Checks
--------------------------------------------------------------------------------------
Clock Name:         clk
Waveform(ns):       { 0.000 5.000 }
Period(ns):         10.000
Sources:            { CLK }

Check Type        Corner  Lib Pin  Reference Pin  Required(ns)  Actual(ns)  Slack(ns)  Location        Pin
Min Period        n/a     BUFG/I   n/a            2.155         10.000      7.845      BUFGCTRL_X0Y16  CLK_IBUF_BUFG_inst/I
Min Period        n/a     FDPE/C   n/a            1.000         10.000      9.000      SLICE_X1Y46     FSM_onehot_current_state_reg[0]/C
Min Period        n/a     FDCE/C   n/a            1.000         10.000      9.000      SLICE_X1Y46     FSM_onehot_current_state_reg[1]/C
Min Period        n/a     FDCE/C   n/a            1.000         10.000      9.000      SLICE_X1Y46     FSM_onehot_current_state_reg[2]/C
Min Period        n/a     FDCE/C   n/a            1.000         10.000      9.000      SLICE_X1Y43     PRDATA_reg[0]/C
Min Period        n/a     FDCE/C   n/a            1.000         10.000      9.000      SLICE_X1Y32     PRDATA_reg[10]/C
Min Period        n/a     FDCE/C   n/a            1.000         10.000      9.000      SLICE_X0Y31     PRDATA_reg[11]/C
Min Period        n/a     FDCE/C   n/a            1.000         10.000      9.000      SLICE_X1Y32     PRDATA_reg[12]/C
Min Period        n/a     FDCE/C   n/a            1.000         10.000      9.000      SLICE_X1Y32     PRDATA_reg[13]/C
Min Period        n/a     FDCE/C   n/a            1.000         10.000      9.000      SLICE_X0Y45     PRDATA_reg[14]/C
Low Pulse Width   Slow    FDPE/C   n/a            0.500         5.000       4.500      SLICE_X1Y46     FSM_onehot_current_state_reg[0]/C
Low Pulse Width   Fast    FDPE/C   n/a            0.500         5.000       4.500      SLICE_X1Y46     FSM_onehot_current_state_reg[0]/C
Low Pulse Width   Slow    FDCE/C   n/a            0.500         5.000       4.500      SLICE_X1Y46     FSM_onehot_current_state_reg[1]/C
Low Pulse Width   Fast    FDCE/C   n/a            0.500         5.000       4.500      SLICE_X1Y46     FSM_onehot_current_state_reg[1]/C
Low Pulse Width   Slow    FDCE/C   n/a            0.500         5.000       4.500      SLICE_X1Y46     FSM_onehot_current_state_reg[2]/C
Low Pulse Width   Fast    FDCE/C   n/a            0.500         5.000       4.500      SLICE_X1Y46     FSM_onehot_current_state_reg[2]/C
Low Pulse Width   Slow    FDCE/C   n/a            0.500         5.000       4.500      SLICE_X1Y43     PRDATA_reg[0]/C
Low Pulse Width   Fast    FDCE/C   n/a            0.500         5.000       4.500      SLICE_X1Y43     PRDATA_reg[0]/C
Low Pulse Width   Slow    FDCE/C   n/a            0.500         5.000       4.500      SLICE_X1Y32     PRDATA_reg[10]/C
Low Pulse Width   Fast    FDCE/C   n/a            0.500         5.000       4.500      SLICE_X1Y32     PRDATA_reg[10]/C
High Pulse Width  Slow    FDPE/C   n/a            0.500         5.000       4.500      SLICE_X1Y46     FSM_onehot_current_state_reg[0]/C
High Pulse Width  Fast    FDPE/C   n/a            0.500         5.000       4.500      SLICE_X1Y46     FSM_onehot_current_state_reg[0]/C
High Pulse Width  Slow    FDCE/C   n/a            0.500         5.000       4.500      SLICE_X1Y46     FSM_onehot_current_state_reg[1]/C
High Pulse Width  Fast    FDCE/C   n/a            0.500         5.000       4.500      SLICE_X1Y46     FSM_onehot_current_state_reg[1]/C
High Pulse Width  Slow    FDCE/C   n/a            0.500         5.000       4.500      SLICE_X1Y46     FSM_onehot_current_state_reg[2]/C
High Pulse Width  Fast    FDCE/C   n/a            0.500         5.000       4.500      SLICE_X1Y46     FSM_onehot_current_state_reg[2]/C
High Pulse Width  Slow    FDCE/C   n/a            0.500         5.000       4.500      SLICE_X1Y43     PRDATA_reg[0]/C
High Pulse Width  Fast    FDCE/C   n/a            0.500         5.000       4.500      SLICE_X1Y43     PRDATA_reg[0]/C
High Pulse Width  Slow    FDCE/C   n/a            0.500         5.000       4.500      SLICE_X1Y32     PRDATA_reg[10]/C
High Pulse Width  Fast    FDCE/C   n/a            0.500         5.000       4.500      SLICE_X1Y32     PRDATA_reg[10]/C



--------------------------------------------------------------------------------------
Path Group:  (none)
From Clock:  clk
  To Clock:  

Max Delay            32 Endpoints
Min Delay            32 Endpoints
--------------------------------------------------------------------------------------


Max Delay Paths
--------------------------------------------------------------------------------------
Slack:                    inf
  Source:                 PRDATA_reg[0]/C
                            (rising edge-triggered cell FDCE clocked by clk  {rise@0.000ns fall@5.000ns period=10.000ns})
  Destination:            PRDATA[0]
                            (output port)
  Path Group:             (none)
  Path Type:              Max at Slow Process Corner
  Data Path Delay:        6.685ns  (logic 4.003ns (59.887%)  route 2.681ns (40.113%))
  Logic Levels:           1  (OBUF=1)
  Clock Uncertainty:      0.025ns  ((TSJ^2 + TIJ^2)^1/2 + DJ) / 2 + PE
    Total System Jitter     (TSJ):    0.050ns
    Total Input Jitter      (TIJ):    0.000ns
    Discrete Jitter          (DJ):    0.000ns
    Phase Error              (PE):    0.000ns
  Timing Exception:       False Path

    Location             Delay type                Incr(ns)  Path(ns)    Netlist Resource(s)
  -------------------------------------------------------------------    -------------------
                         (clock clk rise edge)        0.000     0.000 r  <hidden>
    F4                                                0.000     0.000 r  CLK
                         net (fo=0)                   0.000     0.000    CLK
    F4                   IBUF (Prop_ibuf_I_O)         1.590     1.590 r  CLK_IBUF_inst/O
                         net (fo=1, routed)           1.967     3.557    CLK_IBUF
    BUFGCTRL_X0Y16       BUFG (Prop_bufg_I_O)         0.096     3.653 r  CLK_IBUF_BUFG_inst/O
                         net (fo=38, routed)          1.640     5.293    CLK_IBUF_BUFG
    SLICE_X1Y43          FDCE                                         r  PRDATA_reg[0]/C
  -------------------------------------------------------------------    -------------------
    SLICE_X1Y43          FDCE (Prop_fdce_C_Q)         0.456     5.749 r  PRDATA_reg[0]/Q
                         net (fo=1, routed)           2.681     8.431    PRDATA_OBUF[0]
    V15                  OBUF (Prop_obuf_I_O)         3.547    11.978 r  PRDATA_OBUF[0]_inst/O
                         net (fo=0)                   0.000    11.978    PRDATA[0]
    V15                                                               r  PRDATA[0]
  -------------------------------------------------------------------    -------------------

Slack:                    inf
  Source:                 PRDATA_reg[1]/C
                            (rising edge-triggered cell FDCE clocked by clk  {rise@0.000ns fall@5.000ns period=10.000ns})
  Destination:            PRDATA[1]
                            (output port)
  Path Group:             (none)
  Path Type:              Max at Slow Process Corner
  Data Path Delay:        6.319ns  (logic 3.989ns (63.133%)  route 2.330ns (36.867%))
  Logic Levels:           1  (OBUF=1)
  Clock Uncertainty:      0.025ns  ((TSJ^2 + TIJ^2)^1/2 + DJ) / 2 + PE
    Total System Jitter     (TSJ):    0.050ns
    Total Input Jitter      (TIJ):    0.000ns
    Discrete Jitter          (DJ):    0.000ns
    Phase Error              (PE):    0.000ns
  Timing Exception:       False Path

    Location             Delay type                Incr(ns)  Path(ns)    Netlist Resource(s)
  -------------------------------------------------------------------    -------------------
                         (clock clk rise edge)        0.000     0.000 r  <hidden>
    F4                                                0.000     0.000 r  CLK
                         net (fo=0)                   0.000     0.000    CLK
    F4                   IBUF (Prop_ibuf_I_O)         1.590     1.590 r  CLK_IBUF_inst/O
                         net (fo=1, routed)           1.967     3.557    CLK_IBUF
    BUFGCTRL_X0Y16       BUFG (Prop_bufg_I_O)         0.096     3.653 r  CLK_IBUF_BUFG_inst/O
                         net (fo=38, routed)          1.635     5.288    CLK_IBUF_BUFG
    SLICE_X0Y36          FDCE                                         r  PRDATA_reg[1]/C
  -------------------------------------------------------------------    -------------------
    SLICE_X0Y36          FDCE (Prop_fdce_C_Q)         0.456     5.744 r  PRDATA_reg[1]/Q
                         net (fo=1, routed)           2.330     8.074    PRDATA_OBUF[1]
    T16                  OBUF (Prop_obuf_I_O)         3.533    11.607 r  PRDATA_OBUF[1]_inst/O
                         net (fo=0)                   0.000    11.607    PRDATA[1]
    T16                                                               r  PRDATA[1]
  -------------------------------------------------------------------    -------------------

Slack:                    inf
  Source:                 PRDATA_reg[15]/C
                            (rising edge-triggered cell FDCE clocked by clk  {rise@0.000ns fall@5.000ns period=10.000ns})
  Destination:            PRDATA[15]
                            (output port)
  Path Group:             (none)
  Path Type:              Max at Slow Process Corner
  Data Path Delay:        6.211ns  (logic 3.991ns (64.253%)  route 2.220ns (35.747%))
  Logic Levels:           1  (OBUF=1)
  Clock Uncertainty:      0.025ns  ((TSJ^2 + TIJ^2)^1/2 + DJ) / 2 + PE
    Total System Jitter     (TSJ):    0.050ns
    Total Input Jitter      (TIJ):    0.000ns
    Discrete Jitter          (DJ):    0.000ns
    Phase Error              (PE):    0.000ns
  Timing Exception:       False Path

    Location             Delay type                Incr(ns)  Path(ns)    Netlist Resource(s)
  -------------------------------------------------------------------    -------------------
                         (clock clk rise edge)        0.000     0.000 r  <hidden>
    F4                                                0.000     0.000 r  CLK
                         net (fo=0)                   0.000     0.000    CLK
    F4                   IBUF (Prop_ibuf_I_O)         1.590     1.590 r  CLK_IBUF_inst/O
                         net (fo=1, routed)           1.967     3.557    CLK_IBUF
    BUFGCTRL_X0Y16       BUFG (Prop_bufg_I_O)         0.096     3.653 r  CLK_IBUF_BUFG_inst/O
                         net (fo=38, routed)          1.641     5.294    CLK_IBUF_BUFG
    SLICE_X1Y47          FDCE                                         r  PRDATA_reg[15]/C
  -------------------------------------------------------------------    -------------------
    SLICE_X1Y47          FDCE (Prop_fdce_C_Q)         0.456     5.750 r  PRDATA_reg[15]/Q
                         net (fo=1, routed)           2.220     7.970    PRDATA_OBUF[15]
    P14                  OBUF (Prop_obuf_I_O)         3.535    11.505 r  PRDATA_OBUF[15]_inst/O
                         net (fo=0)                   0.000    11.505    PRDATA[15]
    P14                                                               r  PRDATA[15]
  -------------------------------------------------------------------    -------------------

Slack:                    inf
  Source:                 PRDATA_reg[3]/C
                            (rising edge-triggered cell FDCE clocked by clk  {rise@0.000ns fall@5.000ns period=10.000ns})
  Destination:            PRDATA[3]
                            (output port)
  Path Group:             (none)
  Path Type:              Max at Slow Process Corner
  Data Path Delay:        6.133ns  (logic 3.992ns (65.094%)  route 2.141ns (34.906%))
  Logic Levels:           1  (OBUF=1)
  Clock Uncertainty:      0.025ns  ((TSJ^2 + TIJ^2)^1/2 + DJ) / 2 + PE
    Total System Jitter     (TSJ):    0.050ns
    Total Input Jitter      (TIJ):    0.000ns
    Discrete Jitter          (DJ):    0.000ns
    Phase Error              (PE):    0.000ns
  Timing Exception:       False Path

    Location             Delay type                Incr(ns)  Path(ns)    Netlist Resource(s)
  -------------------------------------------------------------------    -------------------
                         (clock clk rise edge)        0.000     0.000 r  <hidden>
    F4                                                0.000     0.000 r  CLK
                         net (fo=0)                   0.000     0.000    CLK
    F4                   IBUF (Prop_ibuf_I_O)         1.590     1.590 r  CLK_IBUF_inst/O
                         net (fo=1, routed)           1.967     3.557    CLK_IBUF
    BUFGCTRL_X0Y16       BUFG (Prop_bufg_I_O)         0.096     3.653 r  CLK_IBUF_BUFG_inst/O
                         net (fo=38, routed)          1.631     5.284    CLK_IBUF_BUFG
    SLICE_X0Y32          FDCE                                         r  PRDATA_reg[3]/C
  -------------------------------------------------------------------    -------------------
    SLICE_X0Y32          FDCE (Prop_fdce_C_Q)         0.456     5.740 r  PRDATA_reg[3]/Q
                         net (fo=1, routed)           2.141     7.881    PRDATA_OBUF[3]
    T15                  OBUF (Prop_obuf_I_O)         3.536    11.417 r  PRDATA_OBUF[3]_inst/O
                         net (fo=0)                   0.000    11.417    PRDATA[3]
    T15                                                               r  PRDATA[3]
  -------------------------------------------------------------------    -------------------

Slack:                    inf
  Source:                 PRDATA_reg[16]/C
                            (rising edge-triggered cell FDCE clocked by clk  {rise@0.000ns fall@5.000ns period=10.000ns})
  Destination:            PRDATA[16]
                            (output port)
  Path Group:             (none)
  Path Type:              Max at Slow Process Corner
  Data Path Delay:        6.080ns  (logic 3.982ns (65.496%)  route 2.098ns (34.504%))
  Logic Levels:           1  (OBUF=1)
  Clock Uncertainty:      0.025ns  ((TSJ^2 + TIJ^2)^1/2 + DJ) / 2 + PE
    Total System Jitter     (TSJ):    0.050ns
    Total Input Jitter      (TIJ):    0.000ns
    Discrete Jitter          (DJ):    0.000ns
    Phase Error              (PE):    0.000ns
  Timing Exception:       False Path

    Location             Delay type                Incr(ns)  Path(ns)    Netlist Resource(s)
  -------------------------------------------------------------------    -------------------
                         (clock clk rise edge)        0.000     0.000 r  <hidden>
    F4                                                0.000     0.000 r  CLK
                         net (fo=0)                   0.000     0.000    CLK
    F4                   IBUF (Prop_ibuf_I_O)         1.590     1.590 r  CLK_IBUF_inst/O
                         net (fo=1, routed)           1.967     3.557    CLK_IBUF
    BUFGCTRL_X0Y16       BUFG (Prop_bufg_I_O)         0.096     3.653 r  CLK_IBUF_BUFG_inst/O
                         net (fo=38, routed)          1.641     5.294    CLK_IBUF_BUFG
    SLICE_X1Y47          FDCE                                         r  PRDATA_reg[16]/C
  -------------------------------------------------------------------    -------------------
    SLICE_X1Y47          FDCE (Prop_fdce_C_Q)         0.456     5.750 r  PRDATA_reg[16]/Q
                         net (fo=1, routed)           2.098     7.848    PRDATA_OBUF[16]
    N14                  OBUF (Prop_obuf_I_O)         3.526    11.374 r  PRDATA_OBUF[16]_inst/O
                         net (fo=0)                   0.000    11.374    PRDATA[16]
    N14                                                               r  PRDATA[16]
  -------------------------------------------------------------------    -------------------

Slack:                    inf
  Source:                 PRDATA_reg[4]/C
                            (rising edge-triggered cell FDCE clocked by clk  {rise@0.000ns fall@5.000ns period=10.000ns})
  Destination:            PRDATA[4]
                            (output port)
  Path Group:             (none)
  Path Type:              Max at Slow Process Corner
  Data Path Delay:        6.091ns  (logic 3.993ns (65.557%)  route 2.098ns (34.443%))
  Logic Levels:           1  (OBUF=1)
  Clock Uncertainty:      0.025ns  ((TSJ^2 + TIJ^2)^1/2 + DJ) / 2 + PE
    Total System Jitter     (TSJ):    0.050ns
    Total Input Jitter      (TIJ):    0.000ns
    Discrete Jitter          (DJ):    0.000ns
    Phase Error              (PE):    0.000ns
  Timing Exception:       False Path

    Location             Delay type                Incr(ns)  Path(ns)    Netlist Resource(s)
  -------------------------------------------------------------------    -------------------
                         (clock clk rise edge)        0.000     0.000 r  <hidden>
    F4                                                0.000     0.000 r  CLK
                         net (fo=0)                   0.000     0.000    CLK
    F4                   IBUF (Prop_ibuf_I_O)         1.590     1.590 r  CLK_IBUF_inst/O
                         net (fo=1, routed)           1.967     3.557    CLK_IBUF
    BUFGCTRL_X0Y16       BUFG (Prop_bufg_I_O)         0.096     3.653 r  CLK_IBUF_BUFG_inst/O
                         net (fo=38, routed)          1.629     5.282    CLK_IBUF_BUFG
    SLICE_X0Y31          FDCE                                         r  PRDATA_reg[4]/C
  -------------------------------------------------------------------    -------------------
    SLICE_X0Y31          FDCE (Prop_fdce_C_Q)         0.456     5.738 r  PRDATA_reg[4]/Q
                         net (fo=1, routed)           2.098     7.836    PRDATA_OBUF[4]
    T14                  OBUF (Prop_obuf_I_O)         3.537    11.373 r  PRDATA_OBUF[4]_inst/O
                         net (fo=0)                   0.000    11.373    PRDATA[4]
    T14                                                               r  PRDATA[4]
  -------------------------------------------------------------------    -------------------

Slack:                    inf
  Source:                 PRDATA_reg[18]/C
                            (rising edge-triggered cell FDCE clocked by clk  {rise@0.000ns fall@5.000ns period=10.000ns})
  Destination:            PRDATA[18]
                            (output port)
  Path Group:             (none)
  Path Type:              Max at Slow Process Corner
  Data Path Delay:        6.073ns  (logic 4.000ns (65.874%)  route 2.072ns (34.126%))
  Logic Levels:           1  (OBUF=1)
  Clock Uncertainty:      0.025ns  ((TSJ^2 + TIJ^2)^1/2 + DJ) / 2 + PE
    Total System Jitter     (TSJ):    0.050ns
    Total Input Jitter      (TIJ):    0.000ns
    Discrete Jitter          (DJ):    0.000ns
    Phase Error              (PE):    0.000ns
  Timing Exception:       False Path

    Location             Delay type                Incr(ns)  Path(ns)    Netlist Resource(s)
  -------------------------------------------------------------------    -------------------
                         (clock clk rise edge)        0.000     0.000 r  <hidden>
    F4                                                0.000     0.000 r  CLK
                         net (fo=0)                   0.000     0.000    CLK
    F4                   IBUF (Prop_ibuf_I_O)         1.590     1.590 r  CLK_IBUF_inst/O
                         net (fo=1, routed)           1.967     3.557    CLK_IBUF
    BUFGCTRL_X0Y16       BUFG (Prop_bufg_I_O)         0.096     3.653 r  CLK_IBUF_BUFG_inst/O
                         net (fo=38, routed)          1.641     5.294    CLK_IBUF_BUFG
    SLICE_X1Y47          FDCE                                         r  PRDATA_reg[18]/C
  -------------------------------------------------------------------    -------------------
    SLICE_X1Y47          FDCE (Prop_fdce_C_Q)         0.456     5.750 r  PRDATA_reg[18]/Q
                         net (fo=1, routed)           2.072     7.823    PRDATA_OBUF[18]
    R18                  OBUF (Prop_obuf_I_O)         3.544    11.367 r  PRDATA_OBUF[18]_inst/O
                         net (fo=0)                   0.000    11.367    PRDATA[18]
    R18                                                               r  PRDATA[18]
  -------------------------------------------------------------------    -------------------

Slack:                    inf
  Source:                 PRDATA_reg[5]/C
                            (rising edge-triggered cell FDCE clocked by clk  {rise@0.000ns fall@5.000ns period=10.000ns})
  Destination:            PRDATA[5]
                            (output port)
  Path Group:             (none)
  Path Type:              Max at Slow Process Corner
  Data Path Delay:        6.075ns  (logic 3.980ns (65.511%)  route 2.095ns (34.489%))
  Logic Levels:           1  (OBUF=1)
  Clock Uncertainty:      0.025ns  ((TSJ^2 + TIJ^2)^1/2 + DJ) / 2 + PE
    Total System Jitter     (TSJ):    0.050ns
    Total Input Jitter      (TIJ):    0.000ns
    Discrete Jitter          (DJ):    0.000ns
    Phase Error              (PE):    0.000ns
  Timing Exception:       False Path

    Location             Delay type                Incr(ns)  Path(ns)    Netlist Resource(s)
  -------------------------------------------------------------------    -------------------
                         (clock clk rise edge)        0.000     0.000 r  <hidden>
    F4                                                0.000     0.000 r  CLK
                         net (fo=0)                   0.000     0.000    CLK
    F4                   IBUF (Prop_ibuf_I_O)         1.590     1.590 r  CLK_IBUF_inst/O
                         net (fo=1, routed)           1.967     3.557    CLK_IBUF
    BUFGCTRL_X0Y16       BUFG (Prop_bufg_I_O)         0.096     3.653 r  CLK_IBUF_BUFG_inst/O
                         net (fo=38, routed)          1.631     5.284    CLK_IBUF_BUFG
    SLICE_X1Y32          FDCE                                         r  PRDATA_reg[5]/C
  -------------------------------------------------------------------    -------------------
    SLICE_X1Y32          FDCE (Prop_fdce_C_Q)         0.456     5.740 r  PRDATA_reg[5]/Q
                         net (fo=1, routed)           2.095     7.835    PRDATA_OBUF[5]
    R15                  OBUF (Prop_obuf_I_O)         3.524    11.359 r  PRDATA_OBUF[5]_inst/O
                         net (fo=0)                   0.000    11.359    PRDATA[5]
    R15                                                               r  PRDATA[5]
  -------------------------------------------------------------------    -------------------

Slack:                    inf
  Source:                 PRDATA_reg[17]/C
                            (rising edge-triggered cell FDCE clocked by clk  {rise@0.000ns fall@5.000ns period=10.000ns})
  Destination:            PRDATA[17]
                            (output port)
  Path Group:             (none)
  Path Type:              Max at Slow Process Corner
  Data Path Delay:        6.063ns  (logic 4.140ns (68.278%)  route 1.923ns (31.722%))
  Logic Levels:           1  (OBUF=1)
  Clock Uncertainty:      0.025ns  ((TSJ^2 + TIJ^2)^1/2 + DJ) / 2 + PE
    Total System Jitter     (TSJ):    0.050ns
    Total Input Jitter      (TIJ):    0.000ns
    Discrete Jitter          (DJ):    0.000ns
    Phase Error              (PE):    0.000ns
  Timing Exception:       False Path

    Location             Delay type                Incr(ns)  Path(ns)    Netlist Resource(s)
  -------------------------------------------------------------------    -------------------
                         (clock clk rise edge)        0.000     0.000 r  <hidden>
    F4                                                0.000     0.000 r  CLK
                         net (fo=0)                   0.000     0.000    CLK
    F4                   IBUF (Prop_ibuf_I_O)         1.590     1.590 r  CLK_IBUF_inst/O
                         net (fo=1, routed)           1.967     3.557    CLK_IBUF
    BUFGCTRL_X0Y16       BUFG (Prop_bufg_I_O)         0.096     3.653 r  CLK_IBUF_BUFG_inst/O
                         net (fo=38, routed)          1.640     5.293    CLK_IBUF_BUFG
    SLICE_X0Y45          FDCE                                         r  PRDATA_reg[17]/C
  -------------------------------------------------------------------    -------------------
    SLICE_X0Y45          FDCE (Prop_fdce_C_Q)         0.419     5.712 r  PRDATA_reg[17]/Q
                         net (fo=1, routed)           1.923     7.635    PRDATA_OBUF[17]
    T18                  OBUF (Prop_obuf_I_O)         3.721    11.356 r  PRDATA_OBUF[17]_inst/O
                         net (fo=0)                   0.000    11.356    PRDATA[17]
    T18                                                               r  PRDATA[17]
  -------------------------------------------------------------------    -------------------

Slack:                    inf
  Source:                 PRDATA_reg[14]/C
                            (rising edge-triggered cell FDCE clocked by clk  {rise@0.000ns fall@5.000ns period=10.000ns})
  Destination:            PRDATA[14]
                            (output port)
  Path Group:             (none)
  Path Type:              Max at Slow Process Corner
  Data Path Delay:        6.049ns  (logic 3.981ns (65.814%)  route 2.068ns (34.186%))
  Logic Levels:           1  (OBUF=1)
  Clock Uncertainty:      0.025ns  ((TSJ^2 + TIJ^2)^1/2 + DJ) / 2 + PE
    Total System Jitter     (TSJ):    0.050ns
    Total Input Jitter      (TIJ):    0.000ns
    Discrete Jitter          (DJ):    0.000ns
    Phase Error              (PE):    0.000ns
  Timing Exception:       False Path

    Location             Delay type                Incr(ns)  Path(ns)    Netlist Resource(s)
  -------------------------------------------------------------------    -------------------
                         (clock clk rise edge)        0.000     0.000 r  <hidden>
    F4                                                0.000     0.000 r  CLK
                         net (fo=0)                   0.000     0.000    CLK
    F4                   IBUF (Prop_ibuf_I_O)         1.590     1.590 r  CLK_IBUF_inst/O
                         net (fo=1, routed)           1.967     3.557    CLK_IBUF
    BUFGCTRL_X0Y16       BUFG (Prop_bufg_I_O)         0.096     3.653 r  CLK_IBUF_BUFG_inst/O
                         net (fo=38, routed)          1.640     5.293    CLK_IBUF_BUFG
    SLICE_X0Y45          FDCE                                         r  PRDATA_reg[14]/C
  -------------------------------------------------------------------    -------------------
    SLICE_X0Y45          FDCE (Prop_fdce_C_Q)         0.456     5.749 r  PRDATA_reg[14]/Q
                         net (fo=1, routed)           2.068     7.817    PRDATA_OBUF[14]
    N17                  OBUF (Prop_obuf_I_O)         3.525    11.342 r  PRDATA_OBUF[14]_inst/O
                         net (fo=0)                   0.000    11.342    PRDATA[14]
    N17                                                               r  PRDATA[14]
  -------------------------------------------------------------------    -------------------





Min Delay Paths
--------------------------------------------------------------------------------------
Slack:                    inf
  Source:                 PRDATA_reg[11]/C
                            (rising edge-triggered cell FDCE clocked by clk  {rise@0.000ns fall@5.000ns period=10.000ns})
  Destination:            PRDATA[11]
                            (output port)
  Path Group:             (none)
  Path Type:              Min at Fast Process Corner
  Data Path Delay:        1.707ns  (logic 1.361ns (79.722%)  route 0.346ns (20.278%))
  Logic Levels:           1  (OBUF=1)
  Clock Uncertainty:      0.025ns  ((TSJ^2 + TIJ^2)^1/2 + DJ) / 2 + PE
    Total System Jitter     (TSJ):    0.050ns
    Total Input Jitter      (TIJ):    0.000ns
    Discrete Jitter          (DJ):    0.000ns
    Phase Error              (PE):    0.000ns
  Timing Exception:       False Path

    Location             Delay type                Incr(ns)  Path(ns)    Netlist Resource(s)
  -------------------------------------------------------------------    -------------------
                         (clock clk rise edge)        0.000     0.000 r  <hidden>
    F4                                                0.000     0.000 r  CLK
                         net (fo=0)                   0.000     0.000    CLK
    F4                   IBUF (Prop_ibuf_I_O)         0.248     0.248 r  CLK_IBUF_inst/O
                         net (fo=1, routed)           0.631     0.879    CLK_IBUF
    BUFGCTRL_X0Y16       BUFG (Prop_bufg_I_O)         0.026     0.905 r  CLK_IBUF_BUFG_inst/O
                         net (fo=38, routed)          0.590     1.495    CLK_IBUF_BUFG
    SLICE_X0Y31          FDCE                                         r  PRDATA_reg[11]/C
  -------------------------------------------------------------------    -------------------
    SLICE_X0Y31          FDCE (Prop_fdce_C_Q)         0.141     1.636 r  PRDATA_reg[11]/Q
                         net (fo=1, routed)           0.346     1.982    PRDATA_OBUF[11]
    M17                  OBUF (Prop_obuf_I_O)         1.220     3.202 r  PRDATA_OBUF[11]_inst/O
                         net (fo=0)                   0.000     3.202    PRDATA[11]
    M17                                                               r  PRDATA[11]
  -------------------------------------------------------------------    -------------------

Slack:                    inf
  Source:                 PRDATA_reg[27]/C
                            (rising edge-triggered cell FDCE clocked by clk  {rise@0.000ns fall@5.000ns period=10.000ns})
  Destination:            PRDATA[27]
                            (output port)
  Path Group:             (none)
  Path Type:              Min at Fast Process Corner
  Data Path Delay:        1.702ns  (logic 1.374ns (80.737%)  route 0.328ns (19.263%))
  Logic Levels:           1  (OBUF=1)
  Clock Uncertainty:      0.025ns  ((TSJ^2 + TIJ^2)^1/2 + DJ) / 2 + PE
    Total System Jitter     (TSJ):    0.050ns
    Total Input Jitter      (TIJ):    0.000ns
    Discrete Jitter          (DJ):    0.000ns
    Phase Error              (PE):    0.000ns
  Timing Exception:       False Path

    Location             Delay type                Incr(ns)  Path(ns)    Netlist Resource(s)
  -------------------------------------------------------------------    -------------------
                         (clock clk rise edge)        0.000     0.000 r  <hidden>
    F4                                                0.000     0.000 r  CLK
                         net (fo=0)                   0.000     0.000    CLK
    F4                   IBUF (Prop_ibuf_I_O)         0.248     0.248 r  CLK_IBUF_inst/O
                         net (fo=1, routed)           0.631     0.879    CLK_IBUF
    BUFGCTRL_X0Y16       BUFG (Prop_bufg_I_O)         0.026     0.905 r  CLK_IBUF_BUFG_inst/O
                         net (fo=38, routed)          0.597     1.502    CLK_IBUF_BUFG
    SLICE_X0Y46          FDCE                                         r  PRDATA_reg[27]/C
  -------------------------------------------------------------------    -------------------
    SLICE_X0Y46          FDCE (Prop_fdce_C_Q)         0.141     1.643 r  PRDATA_reg[27]/Q
                         net (fo=1, routed)           0.328     1.971    PRDATA_OBUF[27]
    M14                  OBUF (Prop_obuf_I_O)         1.233     3.204 r  PRDATA_OBUF[27]_inst/O
                         net (fo=0)                   0.000     3.204    PRDATA[27]
    M14                                                               r  PRDATA[27]
  -------------------------------------------------------------------    -------------------

Slack:                    inf
  Source:                 PRDATA_reg[30]/C
                            (rising edge-triggered cell FDCE clocked by clk  {rise@0.000ns fall@5.000ns period=10.000ns})
  Destination:            PRDATA[30]
                            (output port)
  Path Group:             (none)
  Path Type:              Min at Fast Process Corner
  Data Path Delay:        1.703ns  (logic 1.379ns (81.015%)  route 0.323ns (18.985%))
  Logic Levels:           1  (OBUF=1)
  Clock Uncertainty:      0.025ns  ((TSJ^2 + TIJ^2)^1/2 + DJ) / 2 + PE
    Total System Jitter     (TSJ):    0.050ns
    Total Input Jitter      (TIJ):    0.000ns
    Discrete Jitter          (DJ):    0.000ns
    Phase Error              (PE):    0.000ns
  Timing Exception:       False Path

    Location             Delay type                Incr(ns)  Path(ns)    Netlist Resource(s)
  -------------------------------------------------------------------    -------------------
                         (clock clk rise edge)        0.000     0.000 r  <hidden>
    F4                                                0.000     0.000 r  CLK
                         net (fo=0)                   0.000     0.000    CLK
    F4                   IBUF (Prop_ibuf_I_O)         0.248     0.248 r  CLK_IBUF_inst/O
                         net (fo=1, routed)           0.631     0.879    CLK_IBUF
    BUFGCTRL_X0Y16       BUFG (Prop_bufg_I_O)         0.026     0.905 r  CLK_IBUF_BUFG_inst/O
                         net (fo=38, routed)          0.598     1.503    CLK_IBUF_BUFG
    SLICE_X0Y47          FDCE                                         r  PRDATA_reg[30]/C
  -------------------------------------------------------------------    -------------------
    SLICE_X0Y47          FDCE (Prop_fdce_C_Q)         0.141     1.644 r  PRDATA_reg[30]/Q
                         net (fo=1, routed)           0.323     1.967    PRDATA_OBUF[30]
    K17                  OBUF (Prop_obuf_I_O)         1.238     3.205 r  PRDATA_OBUF[30]_inst/O
                         net (fo=0)                   0.000     3.205    PRDATA[30]
    K17                                                               r  PRDATA[30]
  -------------------------------------------------------------------    -------------------

Slack:                    inf
  Source:                 PRDATA_reg[13]/C
                            (rising edge-triggered cell FDCE clocked by clk  {rise@0.000ns fall@5.000ns period=10.000ns})
  Destination:            PRDATA[13]
                            (output port)
  Path Group:             (none)
  Path Type:              Min at Fast Process Corner
  Data Path Delay:        1.716ns  (logic 1.373ns (80.050%)  route 0.342ns (19.950%))
  Logic Levels:           1  (OBUF=1)
  Clock Uncertainty:      0.025ns  ((TSJ^2 + TIJ^2)^1/2 + DJ) / 2 + PE
    Total System Jitter     (TSJ):    0.050ns
    Total Input Jitter      (TIJ):    0.000ns
    Discrete Jitter          (DJ):    0.000ns
    Phase Error              (PE):    0.000ns
  Timing Exception:       False Path

    Location             Delay type                Incr(ns)  Path(ns)    Netlist Resource(s)
  -------------------------------------------------------------------    -------------------
                         (clock clk rise edge)        0.000     0.000 r  <hidden>
    F4                                                0.000     0.000 r  CLK
                         net (fo=0)                   0.000     0.000    CLK
    F4                   IBUF (Prop_ibuf_I_O)         0.248     0.248 r  CLK_IBUF_inst/O
                         net (fo=1, routed)           0.631     0.879    CLK_IBUF
    BUFGCTRL_X0Y16       BUFG (Prop_bufg_I_O)         0.026     0.905 r  CLK_IBUF_BUFG_inst/O
                         net (fo=38, routed)          0.591     1.496    CLK_IBUF_BUFG
    SLICE_X1Y32          FDCE                                         r  PRDATA_reg[13]/C
  -------------------------------------------------------------------    -------------------
    SLICE_X1Y32          FDCE (Prop_fdce_C_Q)         0.141     1.637 r  PRDATA_reg[13]/Q
                         net (fo=1, routed)           0.342     1.979    PRDATA_OBUF[13]
    P18                  OBUF (Prop_obuf_I_O)         1.232     3.211 r  PRDATA_OBUF[13]_inst/O
                         net (fo=0)                   0.000     3.211    PRDATA[13]
    P18                                                               r  PRDATA[13]
  -------------------------------------------------------------------    -------------------

Slack:                    inf
  Source:                 PRDATA_reg[29]/C
                            (rising edge-triggered cell FDCE clocked by clk  {rise@0.000ns fall@5.000ns period=10.000ns})
  Destination:            PRDATA[29]
                            (output port)
  Path Group:             (none)
  Path Type:              Min at Fast Process Corner
  Data Path Delay:        1.710ns  (logic 1.424ns (83.276%)  route 0.286ns (16.724%))
  Logic Levels:           1  (OBUF=1)
  Clock Uncertainty:      0.025ns  ((TSJ^2 + TIJ^2)^1/2 + DJ) / 2 + PE
    Total System Jitter     (TSJ):    0.050ns
    Total Input Jitter      (TIJ):    0.000ns
    Discrete Jitter          (DJ):    0.000ns
    Phase Error              (PE):    0.000ns
  Timing Exception:       False Path

    Location             Delay type                Incr(ns)  Path(ns)    Netlist Resource(s)
  -------------------------------------------------------------------    -------------------
                         (clock clk rise edge)        0.000     0.000 r  <hidden>
    F4                                                0.000     0.000 r  CLK
                         net (fo=0)                   0.000     0.000    CLK
    F4                   IBUF (Prop_ibuf_I_O)         0.248     0.248 r  CLK_IBUF_inst/O
                         net (fo=1, routed)           0.631     0.879    CLK_IBUF
    BUFGCTRL_X0Y16       BUFG (Prop_bufg_I_O)         0.026     0.905 r  CLK_IBUF_BUFG_inst/O
                         net (fo=38, routed)          0.598     1.503    CLK_IBUF_BUFG
    SLICE_X0Y47          FDCE                                         r  PRDATA_reg[29]/C
  -------------------------------------------------------------------    -------------------
    SLICE_X0Y47          FDCE (Prop_fdce_C_Q)         0.128     1.631 r  PRDATA_reg[29]/Q
                         net (fo=1, routed)           0.286     1.917    PRDATA_OBUF[29]
    K18                  OBUF (Prop_obuf_I_O)         1.296     3.213 r  PRDATA_OBUF[29]_inst/O
                         net (fo=0)                   0.000     3.213    PRDATA[29]
    K18                                                               r  PRDATA[29]
  -------------------------------------------------------------------    -------------------

Slack:                    inf
  Source:                 PRDATA_reg[26]/C
                            (rising edge-triggered cell FDCE clocked by clk  {rise@0.000ns fall@5.000ns period=10.000ns})
  Destination:            PRDATA[26]
                            (output port)
  Path Group:             (none)
  Path Type:              Min at Fast Process Corner
  Data Path Delay:        1.715ns  (logic 1.387ns (80.880%)  route 0.328ns (19.120%))
  Logic Levels:           1  (OBUF=1)
  Clock Uncertainty:      0.025ns  ((TSJ^2 + TIJ^2)^1/2 + DJ) / 2 + PE
    Total System Jitter     (TSJ):    0.050ns
    Total Input Jitter      (TIJ):    0.000ns
    Discrete Jitter          (DJ):    0.000ns
    Phase Error              (PE):    0.000ns
  Timing Exception:       False Path

    Location             Delay type                Incr(ns)  Path(ns)    Netlist Resource(s)
  -------------------------------------------------------------------    -------------------
                         (clock clk rise edge)        0.000     0.000 r  <hidden>
    F4                                                0.000     0.000 r  CLK
                         net (fo=0)                   0.000     0.000    CLK
    F4                   IBUF (Prop_ibuf_I_O)         0.248     0.248 r  CLK_IBUF_inst/O
                         net (fo=1, routed)           0.631     0.879    CLK_IBUF
    BUFGCTRL_X0Y16       BUFG (Prop_bufg_I_O)         0.026     0.905 r  CLK_IBUF_BUFG_inst/O
                         net (fo=38, routed)          0.597     1.502    CLK_IBUF_BUFG
    SLICE_X0Y45          FDCE                                         r  PRDATA_reg[26]/C
  -------------------------------------------------------------------    -------------------
    SLICE_X0Y45          FDCE (Prop_fdce_C_Q)         0.141     1.643 r  PRDATA_reg[26]/Q
                         net (fo=1, routed)           0.328     1.971    PRDATA_OBUF[26]
    L15                  OBUF (Prop_obuf_I_O)         1.246     3.216 r  PRDATA_OBUF[26]_inst/O
                         net (fo=0)                   0.000     3.216    PRDATA[26]
    L15                                                               r  PRDATA[26]
  -------------------------------------------------------------------    -------------------

Slack:                    inf
  Source:                 PRDATA_reg[28]/C
                            (rising edge-triggered cell FDCE clocked by clk  {rise@0.000ns fall@5.000ns period=10.000ns})
  Destination:            PRDATA[28]
                            (output port)
  Path Group:             (none)
  Path Type:              Min at Fast Process Corner
  Data Path Delay:        1.723ns  (logic 1.381ns (80.172%)  route 0.342ns (19.828%))
  Logic Levels:           1  (OBUF=1)
  Clock Uncertainty:      0.025ns  ((TSJ^2 + TIJ^2)^1/2 + DJ) / 2 + PE
    Total System Jitter     (TSJ):    0.050ns
    Total Input Jitter      (TIJ):    0.000ns
    Discrete Jitter          (DJ):    0.000ns
    Phase Error              (PE):    0.000ns
  Timing Exception:       False Path

    Location             Delay type                Incr(ns)  Path(ns)    Netlist Resource(s)
  -------------------------------------------------------------------    -------------------
                         (clock clk rise edge)        0.000     0.000 r  <hidden>
    F4                                                0.000     0.000 r  CLK
                         net (fo=0)                   0.000     0.000    CLK
    F4                   IBUF (Prop_ibuf_I_O)         0.248     0.248 r  CLK_IBUF_inst/O
                         net (fo=1, routed)           0.631     0.879    CLK_IBUF
    BUFGCTRL_X0Y16       BUFG (Prop_bufg_I_O)         0.026     0.905 r  CLK_IBUF_BUFG_inst/O
                         net (fo=38, routed)          0.597     1.502    CLK_IBUF_BUFG
    SLICE_X0Y46          FDCE                                         r  PRDATA_reg[28]/C
  -------------------------------------------------------------------    -------------------
    SLICE_X0Y46          FDCE (Prop_fdce_C_Q)         0.141     1.643 r  PRDATA_reg[28]/Q
                         net (fo=1, routed)           0.342     1.984    PRDATA_OBUF[28]
    L14                  OBUF (Prop_obuf_I_O)         1.240     3.224 r  PRDATA_OBUF[28]_inst/O
                         net (fo=0)                   0.000     3.224    PRDATA[28]
    L14                                                               r  PRDATA[28]
  -------------------------------------------------------------------    -------------------

Slack:                    inf
  Source:                 PRDATA_reg[10]/C
                            (rising edge-triggered cell FDCE clocked by clk  {rise@0.000ns fall@5.000ns period=10.000ns})
  Destination:            PRDATA[10]
                            (output port)
  Path Group:             (none)
  Path Type:              Min at Fast Process Corner
  Data Path Delay:        1.734ns  (logic 1.373ns (79.204%)  route 0.361ns (20.796%))
  Logic Levels:           1  (OBUF=1)
  Clock Uncertainty:      0.025ns  ((TSJ^2 + TIJ^2)^1/2 + DJ) / 2 + PE
    Total System Jitter     (TSJ):    0.050ns
    Total Input Jitter      (TIJ):    0.000ns
    Discrete Jitter          (DJ):    0.000ns
    Phase Error              (PE):    0.000ns
  Timing Exception:       False Path

    Location             Delay type                Incr(ns)  Path(ns)    Netlist Resource(s)
  -------------------------------------------------------------------    -------------------
                         (clock clk rise edge)        0.000     0.000 r  <hidden>
    F4                                                0.000     0.000 r  CLK
                         net (fo=0)                   0.000     0.000    CLK
    F4                   IBUF (Prop_ibuf_I_O)         0.248     0.248 r  CLK_IBUF_inst/O
                         net (fo=1, routed)           0.631     0.879    CLK_IBUF
    BUFGCTRL_X0Y16       BUFG (Prop_bufg_I_O)         0.026     0.905 r  CLK_IBUF_BUFG_inst/O
                         net (fo=38, routed)          0.591     1.496    CLK_IBUF_BUFG
    SLICE_X1Y32          FDCE                                         r  PRDATA_reg[10]/C
  -------------------------------------------------------------------    -------------------
    SLICE_X1Y32          FDCE (Prop_fdce_C_Q)         0.141     1.637 r  PRDATA_reg[10]/Q
                         net (fo=1, routed)           0.361     1.997    PRDATA_OBUF[10]
    N15                  OBUF (Prop_obuf_I_O)         1.232     3.230 r  PRDATA_OBUF[10]_inst/O
                         net (fo=0)                   0.000     3.230    PRDATA[10]
    N15                                                               r  PRDATA[10]
  -------------------------------------------------------------------    -------------------

Slack:                    inf
  Source:                 PRDATA_reg[9]/C
                            (rising edge-triggered cell FDCE clocked by clk  {rise@0.000ns fall@5.000ns period=10.000ns})
  Destination:            PRDATA[9]
                            (output port)
  Path Group:             (none)
  Path Type:              Min at Fast Process Corner
  Data Path Delay:        1.736ns  (logic 1.373ns (79.065%)  route 0.363ns (20.935%))
  Logic Levels:           1  (OBUF=1)
  Clock Uncertainty:      0.025ns  ((TSJ^2 + TIJ^2)^1/2 + DJ) / 2 + PE
    Total System Jitter     (TSJ):    0.050ns
    Total Input Jitter      (TIJ):    0.000ns
    Discrete Jitter          (DJ):    0.000ns
    Phase Error              (PE):    0.000ns
  Timing Exception:       False Path

    Location             Delay type                Incr(ns)  Path(ns)    Netlist Resource(s)
  -------------------------------------------------------------------    -------------------
                         (clock clk rise edge)        0.000     0.000 r  <hidden>
    F4                                                0.000     0.000 r  CLK
                         net (fo=0)                   0.000     0.000    CLK
    F4                   IBUF (Prop_ibuf_I_O)         0.248     0.248 r  CLK_IBUF_inst/O
                         net (fo=1, routed)           0.631     0.879    CLK_IBUF
    BUFGCTRL_X0Y16       BUFG (Prop_bufg_I_O)         0.026     0.905 r  CLK_IBUF_BUFG_inst/O
                         net (fo=38, routed)          0.590     1.495    CLK_IBUF_BUFG
    SLICE_X0Y31          FDCE                                         r  PRDATA_reg[9]/C
  -------------------------------------------------------------------    -------------------
    SLICE_X0Y31          FDCE (Prop_fdce_C_Q)         0.141     1.636 r  PRDATA_reg[9]/Q
                         net (fo=1, routed)           0.363     1.999    PRDATA_OBUF[9]
    N16                  OBUF (Prop_obuf_I_O)         1.232     3.231 r  PRDATA_OBUF[9]_inst/O
                         net (fo=0)                   0.000     3.231    PRDATA[9]
    N16                                                               r  PRDATA[9]
  -------------------------------------------------------------------    -------------------

Slack:                    inf
  Source:                 PRDATA_reg[12]/C
                            (rising edge-triggered cell FDCE clocked by clk  {rise@0.000ns fall@5.000ns period=10.000ns})
  Destination:            PRDATA[12]
                            (output port)
  Path Group:             (none)
  Path Type:              Min at Fast Process Corner
  Data Path Delay:        1.741ns  (logic 1.360ns (78.119%)  route 0.381ns (21.881%))
  Logic Levels:           1  (OBUF=1)
  Clock Uncertainty:      0.025ns  ((TSJ^2 + TIJ^2)^1/2 + DJ) / 2 + PE
    Total System Jitter     (TSJ):    0.050ns
    Total Input Jitter      (TIJ):    0.000ns
    Discrete Jitter          (DJ):    0.000ns
    Phase Error              (PE):    0.000ns
  Timing Exception:       False Path

    Location             Delay type                Incr(ns)  Path(ns)    Netlist Resource(s)
  -------------------------------------------------------------------    -------------------
                         (clock clk rise edge)        0.000     0.000 r  <hidden>
    F4                                                0.000     0.000 r  CLK
                         net (fo=0)                   0.000     0.000    CLK
    F4                   IBUF (Prop_ibuf_I_O)         0.248     0.248 r  CLK_IBUF_inst/O
                         net (fo=1, routed)           0.631     0.879    CLK_IBUF
    BUFGCTRL_X0Y16       BUFG (Prop_bufg_I_O)         0.026     0.905 r  CLK_IBUF_BUFG_inst/O
                         net (fo=38, routed)          0.591     1.496    CLK_IBUF_BUFG
    SLICE_X1Y32          FDCE                                         r  PRDATA_reg[12]/C
  -------------------------------------------------------------------    -------------------
    SLICE_X1Y32          FDCE (Prop_fdce_C_Q)         0.141     1.637 r  PRDATA_reg[12]/Q
                         net (fo=1, routed)           0.381     2.018    PRDATA_OBUF[12]
    M16                  OBUF (Prop_obuf_I_O)         1.219     3.236 r  PRDATA_OBUF[12]_inst/O
                         net (fo=0)                   0.000     3.236    PRDATA[12]
    M16                                                               r  PRDATA[12]
  -------------------------------------------------------------------    -------------------





--------------------------------------------------------------------------------------
Path Group:  (none)
From Clock:  
  To Clock:  clk

Max Delay           105 Endpoints
Min Delay           105 Endpoints
--------------------------------------------------------------------------------------


Max Delay Paths
--------------------------------------------------------------------------------------
Slack:                    inf
  Source:                 NPU_NEURON_B[31]
                            (input port)
  Destination:            PRDATA_reg[10]/CE
                            (rising edge-triggered cell FDCE clocked by clk  {rise@0.000ns fall@5.000ns period=10.000ns})
  Path Group:             (none)
  Path Type:              Setup (Max at Slow Process Corner)
  Data Path Delay:        8.249ns  (logic 1.949ns (23.621%)  route 6.301ns (76.379%))
  Logic Levels:           4  (IBUF=1 LUT4=1 LUT6=2)
  Clock Path Skew:        4.877ns (DCD - SCD + CPR)
    Destination Clock Delay (DCD):    4.877ns
    Source Clock Delay      (SCD):    0.000ns
    Clock Pessimism Removal (CPR):    0.000ns
  Clock Uncertainty:      0.025ns  ((TSJ^2 + TIJ^2)^1/2 + DJ) / 2 + PE
    Total System Jitter     (TSJ):    0.050ns
    Total Input Jitter      (TIJ):    0.000ns
    Discrete Jitter          (DJ):    0.000ns
    Phase Error              (PE):    0.000ns
  Timing Exception:       False Path

    Location             Delay type                Incr(ns)  Path(ns)    Netlist Resource(s)
  -------------------------------------------------------------------    -------------------
    D10                                               0.000     0.000 f  NPU_NEURON_B[31]
                         net (fo=0)                   0.000     0.000    NPU_NEURON_B[31]
    D10                  IBUF (Prop_ibuf_I_O)         1.577     1.577 f  NPU_NEURON_B_IBUF[31]_inst/O
                         net (fo=1, routed)           1.623     3.199    NPU_NEURON_B_IBUF[31]
    SLICE_X0Y98          LUT4 (Prop_lut4_I2_O)        0.124     3.323 f  FSM_onehot_current_state[2]_i_18/O
                         net (fo=1, routed)           0.827     4.150    FSM_onehot_current_state[2]_i_18_n_0
    SLICE_X0Y87          LUT6 (Prop_lut6_I3_O)        0.124     4.274 f  FSM_onehot_current_state[2]_i_5/O
                         net (fo=2, routed)           2.488     6.762    FSM_onehot_current_state[2]_i_5_n_0
    SLICE_X1Y44          LUT6 (Prop_lut6_I4_O)        0.124     6.886 r  PRDATA[31]_i_1/O
                         net (fo=32, routed)          1.363     8.249    PRDATA[31]_i_1_n_0
    SLICE_X1Y32          FDCE                                         r  PRDATA_reg[10]/CE
  -------------------------------------------------------------------    -------------------

                         (clock clk rise edge)        0.000     0.000 r  <hidden>
    F4                                                0.000     0.000 r  CLK
                         net (fo=0)                   0.000     0.000    CLK
    F4                   IBUF (Prop_ibuf_I_O)         1.410     1.410 r  CLK_IBUF_inst/O
                         net (fo=1, routed)           1.862     3.272    CLK_IBUF
    BUFGCTRL_X0Y16       BUFG (Prop_bufg_I_O)         0.091     3.363 r  CLK_IBUF_BUFG_inst/O
                         net (fo=38, routed)          1.514     4.877    CLK_IBUF_BUFG
    SLICE_X1Y32          FDCE                                         r  PRDATA_reg[10]/C

Slack:                    inf
  Source:                 NPU_NEURON_B[31]
                            (input port)
  Destination:            PRDATA_reg[12]/CE
                            (rising edge-triggered cell FDCE clocked by clk  {rise@0.000ns fall@5.000ns period=10.000ns})
  Path Group:             (none)
  Path Type:              Setup (Max at Slow Process Corner)
  Data Path Delay:        8.249ns  (logic 1.949ns (23.621%)  route 6.301ns (76.379%))
  Logic Levels:           4  (IBUF=1 LUT4=1 LUT6=2)
  Clock Path Skew:        4.877ns (DCD - SCD + CPR)
    Destination Clock Delay (DCD):    4.877ns
    Source Clock Delay      (SCD):    0.000ns
    Clock Pessimism Removal (CPR):    0.000ns
  Clock Uncertainty:      0.025ns  ((TSJ^2 + TIJ^2)^1/2 + DJ) / 2 + PE
    Total System Jitter     (TSJ):    0.050ns
    Total Input Jitter      (TIJ):    0.000ns
    Discrete Jitter          (DJ):    0.000ns
    Phase Error              (PE):    0.000ns
  Timing Exception:       False Path

    Location             Delay type                Incr(ns)  Path(ns)    Netlist Resource(s)
  -------------------------------------------------------------------    -------------------
    D10                                               0.000     0.000 f  NPU_NEURON_B[31]
                         net (fo=0)                   0.000     0.000    NPU_NEURON_B[31]
    D10                  IBUF (Prop_ibuf_I_O)         1.577     1.577 f  NPU_NEURON_B_IBUF[31]_inst/O
                         net (fo=1, routed)           1.623     3.199    NPU_NEURON_B_IBUF[31]
    SLICE_X0Y98          LUT4 (Prop_lut4_I2_O)        0.124     3.323 f  FSM_onehot_current_state[2]_i_18/O
                         net (fo=1, routed)           0.827     4.150    FSM_onehot_current_state[2]_i_18_n_0
    SLICE_X0Y87          LUT6 (Prop_lut6_I3_O)        0.124     4.274 f  FSM_onehot_current_state[2]_i_5/O
                         net (fo=2, routed)           2.488     6.762    FSM_onehot_current_state[2]_i_5_n_0
    SLICE_X1Y44          LUT6 (Prop_lut6_I4_O)        0.124     6.886 r  PRDATA[31]_i_1/O
                         net (fo=32, routed)          1.363     8.249    PRDATA[31]_i_1_n_0
    SLICE_X1Y32          FDCE                                         r  PRDATA_reg[12]/CE
  -------------------------------------------------------------------    -------------------

                         (clock clk rise edge)        0.000     0.000 r  <hidden>
    F4                                                0.000     0.000 r  CLK
                         net (fo=0)                   0.000     0.000    CLK
    F4                   IBUF (Prop_ibuf_I_O)         1.410     1.410 r  CLK_IBUF_inst/O
                         net (fo=1, routed)           1.862     3.272    CLK_IBUF
    BUFGCTRL_X0Y16       BUFG (Prop_bufg_I_O)         0.091     3.363 r  CLK_IBUF_BUFG_inst/O
                         net (fo=38, routed)          1.514     4.877    CLK_IBUF_BUFG
    SLICE_X1Y32          FDCE                                         r  PRDATA_reg[12]/C

Slack:                    inf
  Source:                 NPU_NEURON_B[31]
                            (input port)
  Destination:            PRDATA_reg[13]/CE
                            (rising edge-triggered cell FDCE clocked by clk  {rise@0.000ns fall@5.000ns period=10.000ns})
  Path Group:             (none)
  Path Type:              Setup (Max at Slow Process Corner)
  Data Path Delay:        8.249ns  (logic 1.949ns (23.621%)  route 6.301ns (76.379%))
  Logic Levels:           4  (IBUF=1 LUT4=1 LUT6=2)
  Clock Path Skew:        4.877ns (DCD - SCD + CPR)
    Destination Clock Delay (DCD):    4.877ns
    Source Clock Delay      (SCD):    0.000ns
    Clock Pessimism Removal (CPR):    0.000ns
  Clock Uncertainty:      0.025ns  ((TSJ^2 + TIJ^2)^1/2 + DJ) / 2 + PE
    Total System Jitter     (TSJ):    0.050ns
    Total Input Jitter      (TIJ):    0.000ns
    Discrete Jitter          (DJ):    0.000ns
    Phase Error              (PE):    0.000ns
  Timing Exception:       False Path

    Location             Delay type                Incr(ns)  Path(ns)    Netlist Resource(s)
  -------------------------------------------------------------------    -------------------
    D10                                               0.000     0.000 f  NPU_NEURON_B[31]
                         net (fo=0)                   0.000     0.000    NPU_NEURON_B[31]
    D10                  IBUF (Prop_ibuf_I_O)         1.577     1.577 f  NPU_NEURON_B_IBUF[31]_inst/O
                         net (fo=1, routed)           1.623     3.199    NPU_NEURON_B_IBUF[31]
    SLICE_X0Y98          LUT4 (Prop_lut4_I2_O)        0.124     3.323 f  FSM_onehot_current_state[2]_i_18/O
                         net (fo=1, routed)           0.827     4.150    FSM_onehot_current_state[2]_i_18_n_0
    SLICE_X0Y87          LUT6 (Prop_lut6_I3_O)        0.124     4.274 f  FSM_onehot_current_state[2]_i_5/O
                         net (fo=2, routed)           2.488     6.762    FSM_onehot_current_state[2]_i_5_n_0
    SLICE_X1Y44          LUT6 (Prop_lut6_I4_O)        0.124     6.886 r  PRDATA[31]_i_1/O
                         net (fo=32, routed)          1.363     8.249    PRDATA[31]_i_1_n_0
    SLICE_X1Y32          FDCE                                         r  PRDATA_reg[13]/CE
  -------------------------------------------------------------------    -------------------

                         (clock clk rise edge)        0.000     0.000 r  <hidden>
    F4                                                0.000     0.000 r  CLK
                         net (fo=0)                   0.000     0.000    CLK
    F4                   IBUF (Prop_ibuf_I_O)         1.410     1.410 r  CLK_IBUF_inst/O
                         net (fo=1, routed)           1.862     3.272    CLK_IBUF
    BUFGCTRL_X0Y16       BUFG (Prop_bufg_I_O)         0.091     3.363 r  CLK_IBUF_BUFG_inst/O
                         net (fo=38, routed)          1.514     4.877    CLK_IBUF_BUFG
    SLICE_X1Y32          FDCE                                         r  PRDATA_reg[13]/C

Slack:                    inf
  Source:                 NPU_NEURON_B[31]
                            (input port)
  Destination:            PRDATA_reg[5]/CE
                            (rising edge-triggered cell FDCE clocked by clk  {rise@0.000ns fall@5.000ns period=10.000ns})
  Path Group:             (none)
  Path Type:              Setup (Max at Slow Process Corner)
  Data Path Delay:        8.249ns  (logic 1.949ns (23.621%)  route 6.301ns (76.379%))
  Logic Levels:           4  (IBUF=1 LUT4=1 LUT6=2)
  Clock Path Skew:        4.877ns (DCD - SCD + CPR)
    Destination Clock Delay (DCD):    4.877ns
    Source Clock Delay      (SCD):    0.000ns
    Clock Pessimism Removal (CPR):    0.000ns
  Clock Uncertainty:      0.025ns  ((TSJ^2 + TIJ^2)^1/2 + DJ) / 2 + PE
    Total System Jitter     (TSJ):    0.050ns
    Total Input Jitter      (TIJ):    0.000ns
    Discrete Jitter          (DJ):    0.000ns
    Phase Error              (PE):    0.000ns
  Timing Exception:       False Path

    Location             Delay type                Incr(ns)  Path(ns)    Netlist Resource(s)
  -------------------------------------------------------------------    -------------------
    D10                                               0.000     0.000 f  NPU_NEURON_B[31]
                         net (fo=0)                   0.000     0.000    NPU_NEURON_B[31]
    D10                  IBUF (Prop_ibuf_I_O)         1.577     1.577 f  NPU_NEURON_B_IBUF[31]_inst/O
                         net (fo=1, routed)           1.623     3.199    NPU_NEURON_B_IBUF[31]
    SLICE_X0Y98          LUT4 (Prop_lut4_I2_O)        0.124     3.323 f  FSM_onehot_current_state[2]_i_18/O
                         net (fo=1, routed)           0.827     4.150    FSM_onehot_current_state[2]_i_18_n_0
    SLICE_X0Y87          LUT6 (Prop_lut6_I3_O)        0.124     4.274 f  FSM_onehot_current_state[2]_i_5/O
                         net (fo=2, routed)           2.488     6.762    FSM_onehot_current_state[2]_i_5_n_0
    SLICE_X1Y44          LUT6 (Prop_lut6_I4_O)        0.124     6.886 r  PRDATA[31]_i_1/O
                         net (fo=32, routed)          1.363     8.249    PRDATA[31]_i_1_n_0
    SLICE_X1Y32          FDCE                                         r  PRDATA_reg[5]/CE
  -------------------------------------------------------------------    -------------------

                         (clock clk rise edge)        0.000     0.000 r  <hidden>
    F4                                                0.000     0.000 r  CLK
                         net (fo=0)                   0.000     0.000    CLK
    F4                   IBUF (Prop_ibuf_I_O)         1.410     1.410 r  CLK_IBUF_inst/O
                         net (fo=1, routed)           1.862     3.272    CLK_IBUF
    BUFGCTRL_X0Y16       BUFG (Prop_bufg_I_O)         0.091     3.363 r  CLK_IBUF_BUFG_inst/O
                         net (fo=38, routed)          1.514     4.877    CLK_IBUF_BUFG
    SLICE_X1Y32          FDCE                                         r  PRDATA_reg[5]/C

Slack:                    inf
  Source:                 NPU_NEURON_B[31]
                            (input port)
  Destination:            PRDATA_reg[3]/CE
                            (rising edge-triggered cell FDCE clocked by clk  {rise@0.000ns fall@5.000ns period=10.000ns})
  Path Group:             (none)
  Path Type:              Setup (Max at Slow Process Corner)
  Data Path Delay:        8.060ns  (logic 1.949ns (24.176%)  route 6.111ns (75.824%))
  Logic Levels:           4  (IBUF=1 LUT4=1 LUT6=2)
  Clock Path Skew:        4.877ns (DCD - SCD + CPR)
    Destination Clock Delay (DCD):    4.877ns
    Source Clock Delay      (SCD):    0.000ns
    Clock Pessimism Removal (CPR):    0.000ns
  Clock Uncertainty:      0.025ns  ((TSJ^2 + TIJ^2)^1/2 + DJ) / 2 + PE
    Total System Jitter     (TSJ):    0.050ns
    Total Input Jitter      (TIJ):    0.000ns
    Discrete Jitter          (DJ):    0.000ns
    Phase Error              (PE):    0.000ns
  Timing Exception:       False Path

    Location             Delay type                Incr(ns)  Path(ns)    Netlist Resource(s)
  -------------------------------------------------------------------    -------------------
    D10                                               0.000     0.000 f  NPU_NEURON_B[31]
                         net (fo=0)                   0.000     0.000    NPU_NEURON_B[31]
    D10                  IBUF (Prop_ibuf_I_O)         1.577     1.577 f  NPU_NEURON_B_IBUF[31]_inst/O
                         net (fo=1, routed)           1.623     3.199    NPU_NEURON_B_IBUF[31]
    SLICE_X0Y98          LUT4 (Prop_lut4_I2_O)        0.124     3.323 f  FSM_onehot_current_state[2]_i_18/O
                         net (fo=1, routed)           0.827     4.150    FSM_onehot_current_state[2]_i_18_n_0
    SLICE_X0Y87          LUT6 (Prop_lut6_I3_O)        0.124     4.274 f  FSM_onehot_current_state[2]_i_5/O
                         net (fo=2, routed)           2.488     6.762    FSM_onehot_current_state[2]_i_5_n_0
    SLICE_X1Y44          LUT6 (Prop_lut6_I4_O)        0.124     6.886 r  PRDATA[31]_i_1/O
                         net (fo=32, routed)          1.174     8.060    PRDATA[31]_i_1_n_0
    SLICE_X0Y32          FDCE                                         r  PRDATA_reg[3]/CE
  -------------------------------------------------------------------    -------------------

                         (clock clk rise edge)        0.000     0.000 r  <hidden>
    F4                                                0.000     0.000 r  CLK
                         net (fo=0)                   0.000     0.000    CLK
    F4                   IBUF (Prop_ibuf_I_O)         1.410     1.410 r  CLK_IBUF_inst/O
                         net (fo=1, routed)           1.862     3.272    CLK_IBUF
    BUFGCTRL_X0Y16       BUFG (Prop_bufg_I_O)         0.091     3.363 r  CLK_IBUF_BUFG_inst/O
                         net (fo=38, routed)          1.514     4.877    CLK_IBUF_BUFG
    SLICE_X0Y32          FDCE                                         r  PRDATA_reg[3]/C

Slack:                    inf
  Source:                 NPU_NEURON_B[31]
                            (input port)
  Destination:            PRDATA_reg[6]/CE
                            (rising edge-triggered cell FDCE clocked by clk  {rise@0.000ns fall@5.000ns period=10.000ns})
  Path Group:             (none)
  Path Type:              Setup (Max at Slow Process Corner)
  Data Path Delay:        8.060ns  (logic 1.949ns (24.176%)  route 6.111ns (75.824%))
  Logic Levels:           4  (IBUF=1 LUT4=1 LUT6=2)
  Clock Path Skew:        4.877ns (DCD - SCD + CPR)
    Destination Clock Delay (DCD):    4.877ns
    Source Clock Delay      (SCD):    0.000ns
    Clock Pessimism Removal (CPR):    0.000ns
  Clock Uncertainty:      0.025ns  ((TSJ^2 + TIJ^2)^1/2 + DJ) / 2 + PE
    Total System Jitter     (TSJ):    0.050ns
    Total Input Jitter      (TIJ):    0.000ns
    Discrete Jitter          (DJ):    0.000ns
    Phase Error              (PE):    0.000ns
  Timing Exception:       False Path

    Location             Delay type                Incr(ns)  Path(ns)    Netlist Resource(s)
  -------------------------------------------------------------------    -------------------
    D10                                               0.000     0.000 f  NPU_NEURON_B[31]
                         net (fo=0)                   0.000     0.000    NPU_NEURON_B[31]
    D10                  IBUF (Prop_ibuf_I_O)         1.577     1.577 f  NPU_NEURON_B_IBUF[31]_inst/O
                         net (fo=1, routed)           1.623     3.199    NPU_NEURON_B_IBUF[31]
    SLICE_X0Y98          LUT4 (Prop_lut4_I2_O)        0.124     3.323 f  FSM_onehot_current_state[2]_i_18/O
                         net (fo=1, routed)           0.827     4.150    FSM_onehot_current_state[2]_i_18_n_0
    SLICE_X0Y87          LUT6 (Prop_lut6_I3_O)        0.124     4.274 f  FSM_onehot_current_state[2]_i_5/O
                         net (fo=2, routed)           2.488     6.762    FSM_onehot_current_state[2]_i_5_n_0
    SLICE_X1Y44          LUT6 (Prop_lut6_I4_O)        0.124     6.886 r  PRDATA[31]_i_1/O
                         net (fo=32, routed)          1.174     8.060    PRDATA[31]_i_1_n_0
    SLICE_X0Y32          FDCE                                         r  PRDATA_reg[6]/CE
  -------------------------------------------------------------------    -------------------

                         (clock clk rise edge)        0.000     0.000 r  <hidden>
    F4                                                0.000     0.000 r  CLK
                         net (fo=0)                   0.000     0.000    CLK
    F4                   IBUF (Prop_ibuf_I_O)         1.410     1.410 r  CLK_IBUF_inst/O
                         net (fo=1, routed)           1.862     3.272    CLK_IBUF
    BUFGCTRL_X0Y16       BUFG (Prop_bufg_I_O)         0.091     3.363 r  CLK_IBUF_BUFG_inst/O
                         net (fo=38, routed)          1.514     4.877    CLK_IBUF_BUFG
    SLICE_X0Y32          FDCE                                         r  PRDATA_reg[6]/C

Slack:                    inf
  Source:                 NPU_NEURON_B[31]
                            (input port)
  Destination:            PRDATA_reg[7]/CE
                            (rising edge-triggered cell FDCE clocked by clk  {rise@0.000ns fall@5.000ns period=10.000ns})
  Path Group:             (none)
  Path Type:              Setup (Max at Slow Process Corner)
  Data Path Delay:        8.060ns  (logic 1.949ns (24.176%)  route 6.111ns (75.824%))
  Logic Levels:           4  (IBUF=1 LUT4=1 LUT6=2)
  Clock Path Skew:        4.877ns (DCD - SCD + CPR)
    Destination Clock Delay (DCD):    4.877ns
    Source Clock Delay      (SCD):    0.000ns
    Clock Pessimism Removal (CPR):    0.000ns
  Clock Uncertainty:      0.025ns  ((TSJ^2 + TIJ^2)^1/2 + DJ) / 2 + PE
    Total System Jitter     (TSJ):    0.050ns
    Total Input Jitter      (TIJ):    0.000ns
    Discrete Jitter          (DJ):    0.000ns
    Phase Error              (PE):    0.000ns
  Timing Exception:       False Path

    Location             Delay type                Incr(ns)  Path(ns)    Netlist Resource(s)
  -------------------------------------------------------------------    -------------------
    D10                                               0.000     0.000 f  NPU_NEURON_B[31]
                         net (fo=0)                   0.000     0.000    NPU_NEURON_B[31]
    D10                  IBUF (Prop_ibuf_I_O)         1.577     1.577 f  NPU_NEURON_B_IBUF[31]_inst/O
                         net (fo=1, routed)           1.623     3.199    NPU_NEURON_B_IBUF[31]
    SLICE_X0Y98          LUT4 (Prop_lut4_I2_O)        0.124     3.323 f  FSM_onehot_current_state[2]_i_18/O
                         net (fo=1, routed)           0.827     4.150    FSM_onehot_current_state[2]_i_18_n_0
    SLICE_X0Y87          LUT6 (Prop_lut6_I3_O)        0.124     4.274 f  FSM_onehot_current_state[2]_i_5/O
                         net (fo=2, routed)           2.488     6.762    FSM_onehot_current_state[2]_i_5_n_0
    SLICE_X1Y44          LUT6 (Prop_lut6_I4_O)        0.124     6.886 r  PRDATA[31]_i_1/O
                         net (fo=32, routed)          1.174     8.060    PRDATA[31]_i_1_n_0
    SLICE_X0Y32          FDCE                                         r  PRDATA_reg[7]/CE
  -------------------------------------------------------------------    -------------------

                         (clock clk rise edge)        0.000     0.000 r  <hidden>
    F4                                                0.000     0.000 r  CLK
                         net (fo=0)                   0.000     0.000    CLK
    F4                   IBUF (Prop_ibuf_I_O)         1.410     1.410 r  CLK_IBUF_inst/O
                         net (fo=1, routed)           1.862     3.272    CLK_IBUF
    BUFGCTRL_X0Y16       BUFG (Prop_bufg_I_O)         0.091     3.363 r  CLK_IBUF_BUFG_inst/O
                         net (fo=38, routed)          1.514     4.877    CLK_IBUF_BUFG
    SLICE_X0Y32          FDCE                                         r  PRDATA_reg[7]/C

Slack:                    inf
  Source:                 NPU_NEURON_B[31]
                            (input port)
  Destination:            PRDATA_reg[11]/CE
                            (rising edge-triggered cell FDCE clocked by clk  {rise@0.000ns fall@5.000ns period=10.000ns})
  Path Group:             (none)
  Path Type:              Setup (Max at Slow Process Corner)
  Data Path Delay:        7.690ns  (logic 1.949ns (25.339%)  route 5.741ns (74.661%))
  Logic Levels:           4  (IBUF=1 LUT4=1 LUT6=2)
  Clock Path Skew:        4.875ns (DCD - SCD + CPR)
    Destination Clock Delay (DCD):    4.875ns
    Source Clock Delay      (SCD):    0.000ns
    Clock Pessimism Removal (CPR):    0.000ns
  Clock Uncertainty:      0.025ns  ((TSJ^2 + TIJ^2)^1/2 + DJ) / 2 + PE
    Total System Jitter     (TSJ):    0.050ns
    Total Input Jitter      (TIJ):    0.000ns
    Discrete Jitter          (DJ):    0.000ns
    Phase Error              (PE):    0.000ns
  Timing Exception:       False Path

    Location             Delay type                Incr(ns)  Path(ns)    Netlist Resource(s)
  -------------------------------------------------------------------    -------------------
    D10                                               0.000     0.000 f  NPU_NEURON_B[31]
                         net (fo=0)                   0.000     0.000    NPU_NEURON_B[31]
    D10                  IBUF (Prop_ibuf_I_O)         1.577     1.577 f  NPU_NEURON_B_IBUF[31]_inst/O
                         net (fo=1, routed)           1.623     3.199    NPU_NEURON_B_IBUF[31]
    SLICE_X0Y98          LUT4 (Prop_lut4_I2_O)        0.124     3.323 f  FSM_onehot_current_state[2]_i_18/O
                         net (fo=1, routed)           0.827     4.150    FSM_onehot_current_state[2]_i_18_n_0
    SLICE_X0Y87          LUT6 (Prop_lut6_I3_O)        0.124     4.274 f  FSM_onehot_current_state[2]_i_5/O
                         net (fo=2, routed)           2.488     6.762    FSM_onehot_current_state[2]_i_5_n_0
    SLICE_X1Y44          LUT6 (Prop_lut6_I4_O)        0.124     6.886 r  PRDATA[31]_i_1/O
                         net (fo=32, routed)          0.804     7.690    PRDATA[31]_i_1_n_0
    SLICE_X0Y31          FDCE                                         r  PRDATA_reg[11]/CE
  -------------------------------------------------------------------    -------------------

                         (clock clk rise edge)        0.000     0.000 r  <hidden>
    F4                                                0.000     0.000 r  CLK
                         net (fo=0)                   0.000     0.000    CLK
    F4                   IBUF (Prop_ibuf_I_O)         1.410     1.410 r  CLK_IBUF_inst/O
                         net (fo=1, routed)           1.862     3.272    CLK_IBUF
    BUFGCTRL_X0Y16       BUFG (Prop_bufg_I_O)         0.091     3.363 r  CLK_IBUF_BUFG_inst/O
                         net (fo=38, routed)          1.512     4.875    CLK_IBUF_BUFG
    SLICE_X0Y31          FDCE                                         r  PRDATA_reg[11]/C

Slack:                    inf
  Source:                 NPU_NEURON_B[31]
                            (input port)
  Destination:            PRDATA_reg[2]/CE
                            (rising edge-triggered cell FDCE clocked by clk  {rise@0.000ns fall@5.000ns period=10.000ns})
  Path Group:             (none)
  Path Type:              Setup (Max at Slow Process Corner)
  Data Path Delay:        7.690ns  (logic 1.949ns (25.339%)  route 5.741ns (74.661%))
  Logic Levels:           4  (IBUF=1 LUT4=1 LUT6=2)
  Clock Path Skew:        4.875ns (DCD - SCD + CPR)
    Destination Clock Delay (DCD):    4.875ns
    Source Clock Delay      (SCD):    0.000ns
    Clock Pessimism Removal (CPR):    0.000ns
  Clock Uncertainty:      0.025ns  ((TSJ^2 + TIJ^2)^1/2 + DJ) / 2 + PE
    Total System Jitter     (TSJ):    0.050ns
    Total Input Jitter      (TIJ):    0.000ns
    Discrete Jitter          (DJ):    0.000ns
    Phase Error              (PE):    0.000ns
  Timing Exception:       False Path

    Location             Delay type                Incr(ns)  Path(ns)    Netlist Resource(s)
  -------------------------------------------------------------------    -------------------
    D10                                               0.000     0.000 f  NPU_NEURON_B[31]
                         net (fo=0)                   0.000     0.000    NPU_NEURON_B[31]
    D10                  IBUF (Prop_ibuf_I_O)         1.577     1.577 f  NPU_NEURON_B_IBUF[31]_inst/O
                         net (fo=1, routed)           1.623     3.199    NPU_NEURON_B_IBUF[31]
    SLICE_X0Y98          LUT4 (Prop_lut4_I2_O)        0.124     3.323 f  FSM_onehot_current_state[2]_i_18/O
                         net (fo=1, routed)           0.827     4.150    FSM_onehot_current_state[2]_i_18_n_0
    SLICE_X0Y87          LUT6 (Prop_lut6_I3_O)        0.124     4.274 f  FSM_onehot_current_state[2]_i_5/O
                         net (fo=2, routed)           2.488     6.762    FSM_onehot_current_state[2]_i_5_n_0
    SLICE_X1Y44          LUT6 (Prop_lut6_I4_O)        0.124     6.886 r  PRDATA[31]_i_1/O
                         net (fo=32, routed)          0.804     7.690    PRDATA[31]_i_1_n_0
    SLICE_X0Y31          FDCE                                         r  PRDATA_reg[2]/CE
  -------------------------------------------------------------------    -------------------

                         (clock clk rise edge)        0.000     0.000 r  <hidden>
    F4                                                0.000     0.000 r  CLK
                         net (fo=0)                   0.000     0.000    CLK
    F4                   IBUF (Prop_ibuf_I_O)         1.410     1.410 r  CLK_IBUF_inst/O
                         net (fo=1, routed)           1.862     3.272    CLK_IBUF
    BUFGCTRL_X0Y16       BUFG (Prop_bufg_I_O)         0.091     3.363 r  CLK_IBUF_BUFG_inst/O
                         net (fo=38, routed)          1.512     4.875    CLK_IBUF_BUFG
    SLICE_X0Y31          FDCE                                         r  PRDATA_reg[2]/C

Slack:                    inf
  Source:                 NPU_NEURON_B[31]
                            (input port)
  Destination:            PRDATA_reg[4]/CE
                            (rising edge-triggered cell FDCE clocked by clk  {rise@0.000ns fall@5.000ns period=10.000ns})
  Path Group:             (none)
  Path Type:              Setup (Max at Slow Process Corner)
  Data Path Delay:        7.690ns  (logic 1.949ns (25.339%)  route 5.741ns (74.661%))
  Logic Levels:           4  (IBUF=1 LUT4=1 LUT6=2)
  Clock Path Skew:        4.875ns (DCD - SCD + CPR)
    Destination Clock Delay (DCD):    4.875ns
    Source Clock Delay      (SCD):    0.000ns
    Clock Pessimism Removal (CPR):    0.000ns
  Clock Uncertainty:      0.025ns  ((TSJ^2 + TIJ^2)^1/2 + DJ) / 2 + PE
    Total System Jitter     (TSJ):    0.050ns
    Total Input Jitter      (TIJ):    0.000ns
    Discrete Jitter          (DJ):    0.000ns
    Phase Error              (PE):    0.000ns
  Timing Exception:       False Path

    Location             Delay type                Incr(ns)  Path(ns)    Netlist Resource(s)
  -------------------------------------------------------------------    -------------------
    D10                                               0.000     0.000 f  NPU_NEURON_B[31]
                         net (fo=0)                   0.000     0.000    NPU_NEURON_B[31]
    D10                  IBUF (Prop_ibuf_I_O)         1.577     1.577 f  NPU_NEURON_B_IBUF[31]_inst/O
                         net (fo=1, routed)           1.623     3.199    NPU_NEURON_B_IBUF[31]
    SLICE_X0Y98          LUT4 (Prop_lut4_I2_O)        0.124     3.323 f  FSM_onehot_current_state[2]_i_18/O
                         net (fo=1, routed)           0.827     4.150    FSM_onehot_current_state[2]_i_18_n_0
    SLICE_X0Y87          LUT6 (Prop_lut6_I3_O)        0.124     4.274 f  FSM_onehot_current_state[2]_i_5/O
                         net (fo=2, routed)           2.488     6.762    FSM_onehot_current_state[2]_i_5_n_0
    SLICE_X1Y44          LUT6 (Prop_lut6_I4_O)        0.124     6.886 r  PRDATA[31]_i_1/O
                         net (fo=32, routed)          0.804     7.690    PRDATA[31]_i_1_n_0
    SLICE_X0Y31          FDCE                                         r  PRDATA_reg[4]/CE
  -------------------------------------------------------------------    -------------------

                         (clock clk rise edge)        0.000     0.000 r  <hidden>
    F4                                                0.000     0.000 r  CLK
                         net (fo=0)                   0.000     0.000    CLK
    F4                   IBUF (Prop_ibuf_I_O)         1.410     1.410 r  CLK_IBUF_inst/O
                         net (fo=1, routed)           1.862     3.272    CLK_IBUF
    BUFGCTRL_X0Y16       BUFG (Prop_bufg_I_O)         0.091     3.363 r  CLK_IBUF_BUFG_inst/O
                         net (fo=38, routed)          1.512     4.875    CLK_IBUF_BUFG
    SLICE_X0Y31          FDCE                                         r  PRDATA_reg[4]/C





Min Delay Paths
--------------------------------------------------------------------------------------
Slack:                    inf
  Source:                 NPU_NEURON_A[15]
                            (input port)
  Destination:            PRDATA_reg[15]/D
                            (rising edge-triggered cell FDCE clocked by clk  {rise@0.000ns fall@5.000ns period=10.000ns})
  Path Group:             (none)
  Path Type:              Hold (Min at Fast Process Corner)
  Data Path Delay:        0.745ns  (logic 0.301ns (40.377%)  route 0.444ns (59.623%))
  Logic Levels:           2  (IBUF=1 LUT5=1)
  Clock Path Skew:        2.018ns (DCD - SCD - CPR)
    Destination Clock Delay (DCD):    2.018ns
    Source Clock Delay      (SCD):    0.000ns
    Clock Pessimism Removal (CPR):    -0.000ns
  Timing Exception:       False Path

    Location             Delay type                Incr(ns)  Path(ns)    Netlist Resource(s)
  -------------------------------------------------------------------    -------------------
    K15                                               0.000     0.000 r  NPU_NEURON_A[15]
                         net (fo=0)                   0.000     0.000    NPU_NEURON_A[15]
    K15                  IBUF (Prop_ibuf_I_O)         0.256     0.256 r  NPU_NEURON_A_IBUF[15]_inst/O
                         net (fo=2, routed)           0.444     0.700    NPU_NEURON_A_IBUF[15]
    SLICE_X1Y47          LUT5 (Prop_lut5_I0_O)        0.045     0.745 r  PRDATA[15]_i_1/O
                         net (fo=1, routed)           0.000     0.745    PRDATA[15]_i_1_n_0
    SLICE_X1Y47          FDCE                                         r  PRDATA_reg[15]/D
  -------------------------------------------------------------------    -------------------

                         (clock clk rise edge)        0.000     0.000 r  <hidden>
    F4                                                0.000     0.000 r  CLK
                         net (fo=0)                   0.000     0.000    CLK
    F4                   IBUF (Prop_ibuf_I_O)         0.436     0.436 r  CLK_IBUF_inst/O
                         net (fo=1, routed)           0.685     1.121    CLK_IBUF
    BUFGCTRL_X0Y16       BUFG (Prop_bufg_I_O)         0.029     1.150 r  CLK_IBUF_BUFG_inst/O
                         net (fo=38, routed)          0.869     2.018    CLK_IBUF_BUFG
    SLICE_X1Y47          FDCE                                         r  PRDATA_reg[15]/C

Slack:                    inf
  Source:                 NPU_NEURON_A[21]
                            (input port)
  Destination:            PRDATA_reg[21]/D
                            (rising edge-triggered cell FDCE clocked by clk  {rise@0.000ns fall@5.000ns period=10.000ns})
  Path Group:             (none)
  Path Type:              Hold (Min at Fast Process Corner)
  Data Path Delay:        0.899ns  (logic 0.322ns (35.808%)  route 0.577ns (64.192%))
  Logic Levels:           2  (IBUF=1 LUT5=1)
  Clock Path Skew:        2.017ns (DCD - SCD - CPR)
    Destination Clock Delay (DCD):    2.017ns
    Source Clock Delay      (SCD):    0.000ns
    Clock Pessimism Removal (CPR):    -0.000ns
  Timing Exception:       False Path

    Location             Delay type                Incr(ns)  Path(ns)    Netlist Resource(s)
  -------------------------------------------------------------------    -------------------
    E18                                               0.000     0.000 r  NPU_NEURON_A[21]
                         net (fo=0)                   0.000     0.000    NPU_NEURON_A[21]
    E18                  IBUF (Prop_ibuf_I_O)         0.277     0.277 r  NPU_NEURON_A_IBUF[21]_inst/O
                         net (fo=2, routed)           0.577     0.854    NPU_NEURON_A_IBUF[21]
    SLICE_X0Y45          LUT5 (Prop_lut5_I0_O)        0.045     0.899 r  PRDATA[21]_i_1/O
                         net (fo=1, routed)           0.000     0.899    PRDATA[21]_i_1_n_0
    SLICE_X0Y45          FDCE                                         r  PRDATA_reg[21]/D
  -------------------------------------------------------------------    -------------------

                         (clock clk rise edge)        0.000     0.000 r  <hidden>
    F4                                                0.000     0.000 r  CLK
                         net (fo=0)                   0.000     0.000    CLK
    F4                   IBUF (Prop_ibuf_I_O)         0.436     0.436 r  CLK_IBUF_inst/O
                         net (fo=1, routed)           0.685     1.121    CLK_IBUF
    BUFGCTRL_X0Y16       BUFG (Prop_bufg_I_O)         0.029     1.150 r  CLK_IBUF_BUFG_inst/O
                         net (fo=38, routed)          0.868     2.017    CLK_IBUF_BUFG
    SLICE_X0Y45          FDCE                                         r  PRDATA_reg[21]/C

Slack:                    inf
  Source:                 NPU_NEURON_A[2]
                            (input port)
  Destination:            PRDATA_reg[2]/D
                            (rising edge-triggered cell FDCE clocked by clk  {rise@0.000ns fall@5.000ns period=10.000ns})
  Path Group:             (none)
  Path Type:              Hold (Min at Fast Process Corner)
  Data Path Delay:        0.911ns  (logic 0.293ns (32.131%)  route 0.618ns (67.869%))
  Logic Levels:           2  (IBUF=1 LUT5=1)
  Clock Path Skew:        2.008ns (DCD - SCD - CPR)
    Destination Clock Delay (DCD):    2.008ns
    Source Clock Delay      (SCD):    0.000ns
    Clock Pessimism Removal (CPR):    -0.000ns
  Timing Exception:       False Path

    Location             Delay type                Incr(ns)  Path(ns)    Netlist Resource(s)
  -------------------------------------------------------------------    -------------------
    U13                                               0.000     0.000 r  NPU_NEURON_A[2]
                         net (fo=0)                   0.000     0.000    NPU_NEURON_A[2]
    U13                  IBUF (Prop_ibuf_I_O)         0.248     0.248 r  NPU_NEURON_A_IBUF[2]_inst/O
                         net (fo=2, routed)           0.618     0.866    NPU_NEURON_A_IBUF[2]
    SLICE_X0Y31          LUT5 (Prop_lut5_I0_O)        0.045     0.911 r  PRDATA[2]_i_1/O
                         net (fo=1, routed)           0.000     0.911    PRDATA[2]_i_1_n_0
    SLICE_X0Y31          FDCE                                         r  PRDATA_reg[2]/D
  -------------------------------------------------------------------    -------------------

                         (clock clk rise edge)        0.000     0.000 r  <hidden>
    F4                                                0.000     0.000 r  CLK
                         net (fo=0)                   0.000     0.000    CLK
    F4                   IBUF (Prop_ibuf_I_O)         0.436     0.436 r  CLK_IBUF_inst/O
                         net (fo=1, routed)           0.685     1.121    CLK_IBUF
    BUFGCTRL_X0Y16       BUFG (Prop_bufg_I_O)         0.029     1.150 r  CLK_IBUF_BUFG_inst/O
                         net (fo=38, routed)          0.859     2.008    CLK_IBUF_BUFG
    SLICE_X0Y31          FDCE                                         r  PRDATA_reg[2]/C

Slack:                    inf
  Source:                 NPU_NEURON_A[24]
                            (input port)
  Destination:            PRDATA_reg[24]/D
                            (rising edge-triggered cell FDCE clocked by clk  {rise@0.000ns fall@5.000ns period=10.000ns})
  Path Group:             (none)
  Path Type:              Hold (Min at Fast Process Corner)
  Data Path Delay:        0.933ns  (logic 0.304ns (32.578%)  route 0.629ns (67.422%))
  Logic Levels:           2  (IBUF=1 LUT3=1)
  Clock Path Skew:        2.018ns (DCD - SCD - CPR)
    Destination Clock Delay (DCD):    2.018ns
    Source Clock Delay      (SCD):    0.000ns
    Clock Pessimism Removal (CPR):    -0.000ns
  Timing Exception:       False Path

    Location             Delay type                Incr(ns)  Path(ns)    Netlist Resource(s)
  -------------------------------------------------------------------    -------------------
    H15                                               0.000     0.000 r  NPU_NEURON_A[24]
                         net (fo=0)                   0.000     0.000    NPU_NEURON_A[24]
    H15                  IBUF (Prop_ibuf_I_O)         0.259     0.259 r  NPU_NEURON_A_IBUF[24]_inst/O
                         net (fo=2, routed)           0.629     0.888    NPU_NEURON_A_IBUF[24]
    SLICE_X0Y47          LUT3 (Prop_lut3_I2_O)        0.045     0.933 r  PRDATA[24]_i_1/O
                         net (fo=1, routed)           0.000     0.933    PRDATA[24]_i_1_n_0
    SLICE_X0Y47          FDCE                                         r  PRDATA_reg[24]/D
  -------------------------------------------------------------------    -------------------

                         (clock clk rise edge)        0.000     0.000 r  <hidden>
    F4                                                0.000     0.000 r  CLK
                         net (fo=0)                   0.000     0.000    CLK
    F4                   IBUF (Prop_ibuf_I_O)         0.436     0.436 r  CLK_IBUF_inst/O
                         net (fo=1, routed)           0.685     1.121    CLK_IBUF
    BUFGCTRL_X0Y16       BUFG (Prop_bufg_I_O)         0.029     1.150 r  CLK_IBUF_BUFG_inst/O
                         net (fo=38, routed)          0.869     2.018    CLK_IBUF_BUFG
    SLICE_X0Y47          FDCE                                         r  PRDATA_reg[24]/C

Slack:                    inf
  Source:                 NPU_NEURON_A[13]
                            (input port)
  Destination:            PRDATA_reg[13]/D
                            (rising edge-triggered cell FDCE clocked by clk  {rise@0.000ns fall@5.000ns period=10.000ns})
  Path Group:             (none)
  Path Type:              Hold (Min at Fast Process Corner)
  Data Path Delay:        0.933ns  (logic 0.264ns (28.288%)  route 0.669ns (71.712%))
  Logic Levels:           2  (IBUF=1 LUT5=1)
  Clock Path Skew:        2.009ns (DCD - SCD - CPR)
    Destination Clock Delay (DCD):    2.009ns
    Source Clock Delay      (SCD):    0.000ns
    Clock Pessimism Removal (CPR):    -0.000ns
  Timing Exception:       False Path

    Location             Delay type                Incr(ns)  Path(ns)    Netlist Resource(s)
  -------------------------------------------------------------------    -------------------
    K16                                               0.000     0.000 r  NPU_NEURON_A[13]
                         net (fo=0)                   0.000     0.000    NPU_NEURON_A[13]
    K16                  IBUF (Prop_ibuf_I_O)         0.219     0.219 r  NPU_NEURON_A_IBUF[13]_inst/O
                         net (fo=2, routed)           0.669     0.888    NPU_NEURON_A_IBUF[13]
    SLICE_X1Y32          LUT5 (Prop_lut5_I0_O)        0.045     0.933 r  PRDATA[13]_i_1/O
                         net (fo=1, routed)           0.000     0.933    PRDATA[13]_i_1_n_0
    SLICE_X1Y32          FDCE                                         r  PRDATA_reg[13]/D
  -------------------------------------------------------------------    -------------------

                         (clock clk rise edge)        0.000     0.000 r  <hidden>
    F4                                                0.000     0.000 r  CLK
                         net (fo=0)                   0.000     0.000    CLK
    F4                   IBUF (Prop_ibuf_I_O)         0.436     0.436 r  CLK_IBUF_inst/O
                         net (fo=1, routed)           0.685     1.121    CLK_IBUF
    BUFGCTRL_X0Y16       BUFG (Prop_bufg_I_O)         0.029     1.150 r  CLK_IBUF_BUFG_inst/O
                         net (fo=38, routed)          0.860     2.009    CLK_IBUF_BUFG
    SLICE_X1Y32          FDCE                                         r  PRDATA_reg[13]/C

Slack:                    inf
  Source:                 NPU_NEURON_A[14]
                            (input port)
  Destination:            PRDATA_reg[14]/D
                            (rising edge-triggered cell FDCE clocked by clk  {rise@0.000ns fall@5.000ns period=10.000ns})
  Path Group:             (none)
  Path Type:              Hold (Min at Fast Process Corner)
  Data Path Delay:        0.943ns  (logic 0.304ns (32.187%)  route 0.640ns (67.813%))
  Logic Levels:           2  (IBUF=1 LUT3=1)
  Clock Path Skew:        2.017ns (DCD - SCD - CPR)
    Destination Clock Delay (DCD):    2.017ns
    Source Clock Delay      (SCD):    0.000ns
    Clock Pessimism Removal (CPR):    -0.000ns
  Timing Exception:       False Path

    Location             Delay type                Incr(ns)  Path(ns)    Netlist Resource(s)
  -------------------------------------------------------------------    -------------------
    J15                                               0.000     0.000 r  NPU_NEURON_A[14]
                         net (fo=0)                   0.000     0.000    NPU_NEURON_A[14]
    J15                  IBUF (Prop_ibuf_I_O)         0.259     0.259 r  NPU_NEURON_A_IBUF[14]_inst/O
                         net (fo=2, routed)           0.640     0.898    NPU_NEURON_A_IBUF[14]
    SLICE_X0Y45          LUT3 (Prop_lut3_I2_O)        0.045     0.943 r  PRDATA[14]_i_1/O
                         net (fo=1, routed)           0.000     0.943    PRDATA[14]_i_1_n_0
    SLICE_X0Y45          FDCE                                         r  PRDATA_reg[14]/D
  -------------------------------------------------------------------    -------------------

                         (clock clk rise edge)        0.000     0.000 r  <hidden>
    F4                                                0.000     0.000 r  CLK
                         net (fo=0)                   0.000     0.000    CLK
    F4                   IBUF (Prop_ibuf_I_O)         0.436     0.436 r  CLK_IBUF_inst/O
                         net (fo=1, routed)           0.685     1.121    CLK_IBUF
    BUFGCTRL_X0Y16       BUFG (Prop_bufg_I_O)         0.029     1.150 r  CLK_IBUF_BUFG_inst/O
                         net (fo=38, routed)          0.868     2.017    CLK_IBUF_BUFG
    SLICE_X0Y45          FDCE                                         r  PRDATA_reg[14]/C

Slack:                    inf
  Source:                 NPU_NEURON_A[11]
                            (input port)
  Destination:            PRDATA_reg[11]/D
                            (rising edge-triggered cell FDCE clocked by clk  {rise@0.000ns fall@5.000ns period=10.000ns})
  Path Group:             (none)
  Path Type:              Hold (Min at Fast Process Corner)
  Data Path Delay:        0.966ns  (logic 0.298ns (30.814%)  route 0.668ns (69.186%))
  Logic Levels:           2  (IBUF=1 LUT5=1)
  Clock Path Skew:        2.008ns (DCD - SCD - CPR)
    Destination Clock Delay (DCD):    2.008ns
    Source Clock Delay      (SCD):    0.000ns
    Clock Pessimism Removal (CPR):    -0.000ns
  Timing Exception:       False Path

    Location             Delay type                Incr(ns)  Path(ns)    Netlist Resource(s)
  -------------------------------------------------------------------    -------------------
    U17                                               0.000     0.000 r  NPU_NEURON_A[11]
                         net (fo=0)                   0.000     0.000    NPU_NEURON_A[11]
    U17                  IBUF (Prop_ibuf_I_O)         0.253     0.253 r  NPU_NEURON_A_IBUF[11]_inst/O
                         net (fo=2, routed)           0.668     0.921    NPU_NEURON_A_IBUF[11]
    SLICE_X0Y31          LUT5 (Prop_lut5_I0_O)        0.045     0.966 r  PRDATA[11]_i_1/O
                         net (fo=1, routed)           0.000     0.966    PRDATA[11]_i_1_n_0
    SLICE_X0Y31          FDCE                                         r  PRDATA_reg[11]/D
  -------------------------------------------------------------------    -------------------

                         (clock clk rise edge)        0.000     0.000 r  <hidden>
    F4                                                0.000     0.000 r  CLK
                         net (fo=0)                   0.000     0.000    CLK
    F4                   IBUF (Prop_ibuf_I_O)         0.436     0.436 r  CLK_IBUF_inst/O
                         net (fo=1, routed)           0.685     1.121    CLK_IBUF
    BUFGCTRL_X0Y16       BUFG (Prop_bufg_I_O)         0.029     1.150 r  CLK_IBUF_BUFG_inst/O
                         net (fo=38, routed)          0.859     2.008    CLK_IBUF_BUFG
    SLICE_X0Y31          FDCE                                         r  PRDATA_reg[11]/C

Slack:                    inf
  Source:                 NPU_NEURON_A[16]
                            (input port)
  Destination:            PRDATA_reg[16]/D
                            (rising edge-triggered cell FDCE clocked by clk  {rise@0.000ns fall@5.000ns period=10.000ns})
  Path Group:             (none)
  Path Type:              Hold (Min at Fast Process Corner)
  Data Path Delay:        0.987ns  (logic 0.313ns (31.731%)  route 0.674ns (68.269%))
  Logic Levels:           2  (IBUF=1 LUT5=1)
  Clock Path Skew:        2.018ns (DCD - SCD - CPR)
    Destination Clock Delay (DCD):    2.018ns
    Source Clock Delay      (SCD):    0.000ns
    Clock Pessimism Removal (CPR):    -0.000ns
  Timing Exception:       False Path

    Location             Delay type                Incr(ns)  Path(ns)    Netlist Resource(s)
  -------------------------------------------------------------------    -------------------
    J18                                               0.000     0.000 r  NPU_NEURON_A[16]
                         net (fo=0)                   0.000     0.000    NPU_NEURON_A[16]
    J18                  IBUF (Prop_ibuf_I_O)         0.268     0.268 r  NPU_NEURON_A_IBUF[16]_inst/O
                         net (fo=2, routed)           0.674     0.942    NPU_NEURON_A_IBUF[16]
    SLICE_X1Y47          LUT5 (Prop_lut5_I0_O)        0.045     0.987 r  PRDATA[16]_i_1/O
                         net (fo=1, routed)           0.000     0.987    PRDATA[16]_i_1_n_0
    SLICE_X1Y47          FDCE                                         r  PRDATA_reg[16]/D
  -------------------------------------------------------------------    -------------------

                         (clock clk rise edge)        0.000     0.000 r  <hidden>
    F4                                                0.000     0.000 r  CLK
                         net (fo=0)                   0.000     0.000    CLK
    F4                   IBUF (Prop_ibuf_I_O)         0.436     0.436 r  CLK_IBUF_inst/O
                         net (fo=1, routed)           0.685     1.121    CLK_IBUF
    BUFGCTRL_X0Y16       BUFG (Prop_bufg_I_O)         0.029     1.150 r  CLK_IBUF_BUFG_inst/O
                         net (fo=38, routed)          0.869     2.018    CLK_IBUF_BUFG
    SLICE_X1Y47          FDCE                                         r  PRDATA_reg[16]/C

Slack:                    inf
  Source:                 NPU_NEURON_A[10]
                            (input port)
  Destination:            PRDATA_reg[10]/D
                            (rising edge-triggered cell FDCE clocked by clk  {rise@0.000ns fall@5.000ns period=10.000ns})
  Path Group:             (none)
  Path Type:              Hold (Min at Fast Process Corner)
  Data Path Delay:        1.009ns  (logic 0.294ns (29.191%)  route 0.714ns (70.809%))
  Logic Levels:           2  (IBUF=1 LUT5=1)
  Clock Path Skew:        2.009ns (DCD - SCD - CPR)
    Destination Clock Delay (DCD):    2.009ns
    Source Clock Delay      (SCD):    0.000ns
    Clock Pessimism Removal (CPR):    -0.000ns
  Timing Exception:       False Path

    Location             Delay type                Incr(ns)  Path(ns)    Netlist Resource(s)
  -------------------------------------------------------------------    -------------------
    U18                                               0.000     0.000 r  NPU_NEURON_A[10]
                         net (fo=0)                   0.000     0.000    NPU_NEURON_A[10]
    U18                  IBUF (Prop_ibuf_I_O)         0.249     0.249 r  NPU_NEURON_A_IBUF[10]_inst/O
                         net (fo=2, routed)           0.714     0.964    NPU_NEURON_A_IBUF[10]
    SLICE_X1Y32          LUT5 (Prop_lut5_I0_O)        0.045     1.009 r  PRDATA[10]_i_1/O
                         net (fo=1, routed)           0.000     1.009    PRDATA[10]_i_1_n_0
    SLICE_X1Y32          FDCE                                         r  PRDATA_reg[10]/D
  -------------------------------------------------------------------    -------------------

                         (clock clk rise edge)        0.000     0.000 r  <hidden>
    F4                                                0.000     0.000 r  CLK
                         net (fo=0)                   0.000     0.000    CLK
    F4                   IBUF (Prop_ibuf_I_O)         0.436     0.436 r  CLK_IBUF_inst/O
                         net (fo=1, routed)           0.685     1.121    CLK_IBUF
    BUFGCTRL_X0Y16       BUFG (Prop_bufg_I_O)         0.029     1.150 r  CLK_IBUF_BUFG_inst/O
                         net (fo=38, routed)          0.860     2.009    CLK_IBUF_BUFG
    SLICE_X1Y32          FDCE                                         r  PRDATA_reg[10]/C

Slack:                    inf
  Source:                 NPU_NEURON_A[12]
                            (input port)
  Destination:            PRDATA_reg[12]/D
                            (rising edge-triggered cell FDCE clocked by clk  {rise@0.000ns fall@5.000ns period=10.000ns})
  Path Group:             (none)
  Path Type:              Hold (Min at Fast Process Corner)
  Data Path Delay:        1.018ns  (logic 0.304ns (29.879%)  route 0.714ns (70.121%))
  Logic Levels:           2  (IBUF=1 LUT5=1)
  Clock Path Skew:        2.009ns (DCD - SCD - CPR)
    Destination Clock Delay (DCD):    2.009ns
    Source Clock Delay      (SCD):    0.000ns
    Clock Pessimism Removal (CPR):    -0.000ns
  Timing Exception:       False Path

    Location             Delay type                Incr(ns)  Path(ns)    Netlist Resource(s)
  -------------------------------------------------------------------    -------------------
    V16                                               0.000     0.000 r  NPU_NEURON_A[12]
                         net (fo=0)                   0.000     0.000    NPU_NEURON_A[12]
    V16                  IBUF (Prop_ibuf_I_O)         0.259     0.259 r  NPU_NEURON_A_IBUF[12]_inst/O
                         net (fo=2, routed)           0.714     0.973    NPU_NEURON_A_IBUF[12]
    SLICE_X1Y32          LUT5 (Prop_lut5_I0_O)        0.045     1.018 r  PRDATA[12]_i_1/O
                         net (fo=1, routed)           0.000     1.018    PRDATA[12]_i_1_n_0
    SLICE_X1Y32          FDCE                                         r  PRDATA_reg[12]/D
  -------------------------------------------------------------------    -------------------

                         (clock clk rise edge)        0.000     0.000 r  <hidden>
    F4                                                0.000     0.000 r  CLK
                         net (fo=0)                   0.000     0.000    CLK
    F4                   IBUF (Prop_ibuf_I_O)         0.436     0.436 r  CLK_IBUF_inst/O
                         net (fo=1, routed)           0.685     1.121    CLK_IBUF
    BUFGCTRL_X0Y16       BUFG (Prop_bufg_I_O)         0.029     1.150 r  CLK_IBUF_BUFG_inst/O
                         net (fo=38, routed)          0.860     2.009    CLK_IBUF_BUFG
    SLICE_X1Y32          FDCE                                         r  PRDATA_reg[12]/C





--------------------------------------------------------------------------------------
Path Group:  (none)
From Clock:  clk
  To Clock:  

Max Delay             3 Endpoints
Min Delay             3 Endpoints
--------------------------------------------------------------------------------------


Max Delay Paths
--------------------------------------------------------------------------------------
Slack:                    inf
  Source:                 PSLVERR_reg/C
                            (rising edge-triggered cell FDCE clocked by clk  {rise@0.000ns fall@5.000ns period=10.000ns})
  Destination:            PSLVERR
                            (output port)
  Path Group:             (none)
  Path Type:              Max at Slow Process Corner
  Data Path Delay:        7.165ns  (logic 4.079ns (56.927%)  route 3.086ns (43.073%))
  Logic Levels:           1  (OBUF=1)
  Clock Uncertainty:      0.025ns  ((TSJ^2 + TIJ^2)^1/2 + DJ) / 2 + PE
    Total System Jitter     (TSJ):    0.050ns
    Total Input Jitter      (TIJ):    0.000ns
    Discrete Jitter          (DJ):    0.000ns
    Phase Error              (PE):    0.000ns

    Location             Delay type                Incr(ns)  Path(ns)    Netlist Resource(s)
  -------------------------------------------------------------------    -------------------
                         (clock clk rise edge)        0.000     0.000 r  <hidden>
    F4                                                0.000     0.000 r  CLK
                         net (fo=0)                   0.000     0.000    CLK
    F4                   IBUF (Prop_ibuf_I_O)         1.590     1.590 r  CLK_IBUF_inst/O
                         net (fo=1, routed)           1.967     3.557    CLK_IBUF
    BUFGCTRL_X0Y16       BUFG (Prop_bufg_I_O)         0.096     3.653 r  CLK_IBUF_BUFG_inst/O
                         net (fo=38, routed)          1.640     5.293    CLK_IBUF_BUFG
    SLICE_X2Y45          FDCE                                         r  PSLVERR_reg/C
  -------------------------------------------------------------------    -------------------
    SLICE_X2Y45          FDCE (Prop_fdce_C_Q)         0.518     5.811 r  PSLVERR_reg/Q
                         net (fo=1, routed)           3.086     8.897    PSLVERR_OBUF
    V12                  OBUF (Prop_obuf_I_O)         3.561    12.459 r  PSLVERR_OBUF_inst/O
                         net (fo=0)                   0.000    12.459    PSLVERR
    V12                                                               r  PSLVERR
  -------------------------------------------------------------------    -------------------

Slack:                    inf
  Source:                 PREADY_reg/C
                            (rising edge-triggered cell FDCE clocked by clk  {rise@0.000ns fall@5.000ns period=10.000ns})
  Destination:            PREADY
                            (output port)
  Path Group:             (none)
  Path Type:              Max at Slow Process Corner
  Data Path Delay:        6.940ns  (logic 4.020ns (57.927%)  route 2.920ns (42.073%))
  Logic Levels:           1  (OBUF=1)
  Clock Uncertainty:      0.025ns  ((TSJ^2 + TIJ^2)^1/2 + DJ) / 2 + PE
    Total System Jitter     (TSJ):    0.050ns
    Total Input Jitter      (TIJ):    0.000ns
    Discrete Jitter          (DJ):    0.000ns
    Phase Error              (PE):    0.000ns

    Location             Delay type                Incr(ns)  Path(ns)    Netlist Resource(s)
  -------------------------------------------------------------------    -------------------
                         (clock clk rise edge)        0.000     0.000 r  <hidden>
    F4                                                0.000     0.000 r  CLK
                         net (fo=0)                   0.000     0.000    CLK
    F4                   IBUF (Prop_ibuf_I_O)         1.590     1.590 r  CLK_IBUF_inst/O
                         net (fo=1, routed)           1.967     3.557    CLK_IBUF
    BUFGCTRL_X0Y16       BUFG (Prop_bufg_I_O)         0.096     3.653 r  CLK_IBUF_BUFG_inst/O
                         net (fo=38, routed)          1.640     5.293    CLK_IBUF_BUFG
    SLICE_X1Y44          FDCE                                         r  PREADY_reg/C
  -------------------------------------------------------------------    -------------------
    SLICE_X1Y44          FDCE (Prop_fdce_C_Q)         0.456     5.749 r  PREADY_reg/Q
                         net (fo=1, routed)           2.920     8.669    PREADY_OBUF
    U12                  OBUF (Prop_obuf_I_O)         3.564    12.233 r  PREADY_OBUF_inst/O
                         net (fo=0)                   0.000    12.233    PREADY
    U12                                                               r  PREADY
  -------------------------------------------------------------------    -------------------

Slack:                    inf
  Source:                 SIG_QUARANTINE_ENGAGED_reg/C
                            (rising edge-triggered cell FDCE clocked by clk  {rise@0.000ns fall@5.000ns period=10.000ns})
  Destination:            SIG_QUARANTINE_ENGAGED
                            (output port)
  Path Group:             (none)
  Path Type:              Max at Slow Process Corner
  Data Path Delay:        6.910ns  (logic 3.992ns (57.781%)  route 2.917ns (42.219%))
  Logic Levels:           1  (OBUF=1)
  Clock Uncertainty:      0.025ns  ((TSJ^2 + TIJ^2)^1/2 + DJ) / 2 + PE
    Total System Jitter     (TSJ):    0.050ns
    Total Input Jitter      (TIJ):    0.000ns
    Discrete Jitter          (DJ):    0.000ns
    Phase Error              (PE):    0.000ns

    Location             Delay type                Incr(ns)  Path(ns)    Netlist Resource(s)
  -------------------------------------------------------------------    -------------------
                         (clock clk rise edge)        0.000     0.000 r  <hidden>
    F4                                                0.000     0.000 r  CLK
                         net (fo=0)                   0.000     0.000    CLK
    F4                   IBUF (Prop_ibuf_I_O)         1.590     1.590 r  CLK_IBUF_inst/O
                         net (fo=1, routed)           1.967     3.557    CLK_IBUF
    BUFGCTRL_X0Y16       BUFG (Prop_bufg_I_O)         0.096     3.653 r  CLK_IBUF_BUFG_inst/O
                         net (fo=38, routed)          1.640     5.293    CLK_IBUF_BUFG
    SLICE_X0Y43          FDCE                                         r  SIG_QUARANTINE_ENGAGED_reg/C
  -------------------------------------------------------------------    -------------------
    SLICE_X0Y43          FDCE (Prop_fdce_C_Q)         0.456     5.749 r  SIG_QUARANTINE_ENGAGED_reg/Q
                         net (fo=1, routed)           2.917     8.666    SIG_QUARANTINE_ENGAGED_OBUF
    T11                  OBUF (Prop_obuf_I_O)         3.536    12.203 r  SIG_QUARANTINE_ENGAGED_OBUF_inst/O
                         net (fo=0)                   0.000    12.203    SIG_QUARANTINE_ENGAGED
    T11                                                               r  SIG_QUARANTINE_ENGAGED
  -------------------------------------------------------------------    -------------------





Min Delay Paths
--------------------------------------------------------------------------------------
Slack:                    inf
  Source:                 SIG_QUARANTINE_ENGAGED_reg/C
                            (rising edge-triggered cell FDCE clocked by clk  {rise@0.000ns fall@5.000ns period=10.000ns})
  Destination:            SIG_QUARANTINE_ENGAGED
                            (output port)
  Path Group:             (none)
  Path Type:              Min at Fast Process Corner
  Data Path Delay:        2.238ns  (logic 1.378ns (61.601%)  route 0.859ns (38.399%))
  Logic Levels:           1  (OBUF=1)
  Clock Uncertainty:      0.025ns  ((TSJ^2 + TIJ^2)^1/2 + DJ) / 2 + PE
    Total System Jitter     (TSJ):    0.050ns
    Total Input Jitter      (TIJ):    0.000ns
    Discrete Jitter          (DJ):    0.000ns
    Phase Error              (PE):    0.000ns

    Location             Delay type                Incr(ns)  Path(ns)    Netlist Resource(s)
  -------------------------------------------------------------------    -------------------
                         (clock clk rise edge)        0.000     0.000 r  <hidden>
    F4                                                0.000     0.000 r  CLK
                         net (fo=0)                   0.000     0.000    CLK
    F4                   IBUF (Prop_ibuf_I_O)         0.248     0.248 r  CLK_IBUF_inst/O
                         net (fo=1, routed)           0.631     0.879    CLK_IBUF
    BUFGCTRL_X0Y16       BUFG (Prop_bufg_I_O)         0.026     0.905 r  CLK_IBUF_BUFG_inst/O
                         net (fo=38, routed)          0.597     1.502    CLK_IBUF_BUFG
    SLICE_X0Y43          FDCE                                         r  SIG_QUARANTINE_ENGAGED_reg/C
  -------------------------------------------------------------------    -------------------
    SLICE_X0Y43          FDCE (Prop_fdce_C_Q)         0.141     1.643 r  SIG_QUARANTINE_ENGAGED_reg/Q
                         net (fo=1, routed)           0.859     2.502    SIG_QUARANTINE_ENGAGED_OBUF
    T11                  OBUF (Prop_obuf_I_O)         1.237     3.739 r  SIG_QUARANTINE_ENGAGED_OBUF_inst/O
                         net (fo=0)                   0.000     3.739    SIG_QUARANTINE_ENGAGED
    T11                                                               r  SIG_QUARANTINE_ENGAGED
  -------------------------------------------------------------------    -------------------

Slack:                    inf
  Source:                 PREADY_reg/C
                            (rising edge-triggered cell FDCE clocked by clk  {rise@0.000ns fall@5.000ns period=10.000ns})
  Destination:            PREADY
                            (output port)
  Path Group:             (none)
  Path Type:              Min at Fast Process Corner
  Data Path Delay:        2.271ns  (logic 1.406ns (61.908%)  route 0.865ns (38.092%))
  Logic Levels:           1  (OBUF=1)
  Clock Uncertainty:      0.025ns  ((TSJ^2 + TIJ^2)^1/2 + DJ) / 2 + PE
    Total System Jitter     (TSJ):    0.050ns
    Total Input Jitter      (TIJ):    0.000ns
    Discrete Jitter          (DJ):    0.000ns
    Phase Error              (PE):    0.000ns

    Location             Delay type                Incr(ns)  Path(ns)    Netlist Resource(s)
  -------------------------------------------------------------------    -------------------
                         (clock clk rise edge)        0.000     0.000 r  <hidden>
    F4                                                0.000     0.000 r  CLK
                         net (fo=0)                   0.000     0.000    CLK
    F4                   IBUF (Prop_ibuf_I_O)         0.248     0.248 r  CLK_IBUF_inst/O
                         net (fo=1, routed)           0.631     0.879    CLK_IBUF
    BUFGCTRL_X0Y16       BUFG (Prop_bufg_I_O)         0.026     0.905 r  CLK_IBUF_BUFG_inst/O
                         net (fo=38, routed)          0.597     1.502    CLK_IBUF_BUFG
    SLICE_X1Y44          FDCE                                         r  PREADY_reg/C
  -------------------------------------------------------------------    -------------------
    SLICE_X1Y44          FDCE (Prop_fdce_C_Q)         0.141     1.643 r  PREADY_reg/Q
                         net (fo=1, routed)           0.865     2.508    PREADY_OBUF
    U12                  OBUF (Prop_obuf_I_O)         1.265     3.772 r  PREADY_OBUF_inst/O
                         net (fo=0)                   0.000     3.772    PREADY
    U12                                                               r  PREADY
  -------------------------------------------------------------------    -------------------

Slack:                    inf
  Source:                 PSLVERR_reg/C
                            (rising edge-triggered cell FDCE clocked by clk  {rise@0.000ns fall@5.000ns period=10.000ns})
  Destination:            PSLVERR
                            (output port)
  Path Group:             (none)
  Path Type:              Min at Fast Process Corner
  Data Path Delay:        2.371ns  (logic 1.426ns (60.129%)  route 0.945ns (39.871%))
  Logic Levels:           1  (OBUF=1)
  Clock Uncertainty:      0.025ns  ((TSJ^2 + TIJ^2)^1/2 + DJ) / 2 + PE
    Total System Jitter     (TSJ):    0.050ns
    Total Input Jitter      (TIJ):    0.000ns
    Discrete Jitter          (DJ):    0.000ns
    Phase Error              (PE):    0.000ns

    Location             Delay type                Incr(ns)  Path(ns)    Netlist Resource(s)
  -------------------------------------------------------------------    -------------------
                         (clock clk rise edge)        0.000     0.000 r  <hidden>
    F4                                                0.000     0.000 r  CLK
                         net (fo=0)                   0.000     0.000    CLK
    F4                   IBUF (Prop_ibuf_I_O)         0.248     0.248 r  CLK_IBUF_inst/O
                         net (fo=1, routed)           0.631     0.879    CLK_IBUF
    BUFGCTRL_X0Y16       BUFG (Prop_bufg_I_O)         0.026     0.905 r  CLK_IBUF_BUFG_inst/O
                         net (fo=38, routed)          0.597     1.502    CLK_IBUF_BUFG
    SLICE_X2Y45          FDCE                                         r  PSLVERR_reg/C
  -------------------------------------------------------------------    -------------------
    SLICE_X2Y45          FDCE (Prop_fdce_C_Q)         0.164     1.666 r  PSLVERR_reg/Q
                         net (fo=1, routed)           0.945     2.611    PSLVERR_OBUF
    V12                  OBUF (Prop_obuf_I_O)         1.262     3.873 r  PSLVERR_OBUF_inst/O
                         net (fo=0)                   0.000     3.873    PSLVERR
    V12                                                               r  PSLVERR
  -------------------------------------------------------------------    -------------------





--------------------------------------------------------------------------------------
Path Group:  (none)
From Clock:  
  To Clock:  clk

Max Delay            67 Endpoints
Min Delay            67 Endpoints
--------------------------------------------------------------------------------------


Max Delay Paths
--------------------------------------------------------------------------------------
Slack:                    inf
  Source:                 NPU_DATA_VALID
                            (input port)
  Destination:            PRDATA_reg[10]/CE
                            (rising edge-triggered cell FDCE clocked by clk  {rise@0.000ns fall@5.000ns period=10.000ns})
  Path Group:             (none)
  Path Type:              Setup (Max at Slow Process Corner)
  Data Path Delay:        6.461ns  (logic 1.851ns (28.648%)  route 4.610ns (71.352%))
  Logic Levels:           3  (IBUF=1 LUT4=1 LUT6=1)
  Clock Path Skew:        4.877ns (DCD - SCD + CPR)
    Destination Clock Delay (DCD):    4.877ns
    Source Clock Delay      (SCD):    0.000ns
    Clock Pessimism Removal (CPR):    0.000ns
  Clock Uncertainty:      0.025ns  ((TSJ^2 + TIJ^2)^1/2 + DJ) / 2 + PE
    Total System Jitter     (TSJ):    0.050ns
    Total Input Jitter      (TIJ):    0.000ns
    Discrete Jitter          (DJ):    0.000ns
    Phase Error              (PE):    0.000ns

    Location             Delay type                Incr(ns)  Path(ns)    Netlist Resource(s)
  -------------------------------------------------------------------    -------------------
    V11                                               0.000     0.000 f  NPU_DATA_VALID
                         net (fo=0)                   0.000     0.000    NPU_DATA_VALID
    V11                  IBUF (Prop_ibuf_I_O)         1.603     1.603 f  NPU_DATA_VALID_IBUF_inst/O
                         net (fo=34, routed)          2.745     4.348    NPU_DATA_VALID_IBUF
    SLICE_X1Y43          LUT4 (Prop_lut4_I0_O)        0.124     4.472 r  PRDATA[31]_i_3/O
                         net (fo=1, routed)           0.502     4.974    PRDATA[31]_i_3_n_0
    SLICE_X1Y44          LUT6 (Prop_lut6_I0_O)        0.124     5.098 r  PRDATA[31]_i_1/O
                         net (fo=32, routed)          1.363     6.461    PRDATA[31]_i_1_n_0
    SLICE_X1Y32          FDCE                                         r  PRDATA_reg[10]/CE
  -------------------------------------------------------------------    -------------------

                         (clock clk rise edge)        0.000     0.000 r  <hidden>
    F4                                                0.000     0.000 r  CLK
                         net (fo=0)                   0.000     0.000    CLK
    F4                   IBUF (Prop_ibuf_I_O)         1.410     1.410 r  CLK_IBUF_inst/O
                         net (fo=1, routed)           1.862     3.272    CLK_IBUF
    BUFGCTRL_X0Y16       BUFG (Prop_bufg_I_O)         0.091     3.363 r  CLK_IBUF_BUFG_inst/O
                         net (fo=38, routed)          1.514     4.877    CLK_IBUF_BUFG
    SLICE_X1Y32          FDCE                                         r  PRDATA_reg[10]/C

Slack:                    inf
  Source:                 NPU_DATA_VALID
                            (input port)
  Destination:            PRDATA_reg[12]/CE
                            (rising edge-triggered cell FDCE clocked by clk  {rise@0.000ns fall@5.000ns period=10.000ns})
  Path Group:             (none)
  Path Type:              Setup (Max at Slow Process Corner)
  Data Path Delay:        6.461ns  (logic 1.851ns (28.648%)  route 4.610ns (71.352%))
  Logic Levels:           3  (IBUF=1 LUT4=1 LUT6=1)
  Clock Path Skew:        4.877ns (DCD - SCD + CPR)
    Destination Clock Delay (DCD):    4.877ns
    Source Clock Delay      (SCD):    0.000ns
    Clock Pessimism Removal (CPR):    0.000ns
  Clock Uncertainty:      0.025ns  ((TSJ^2 + TIJ^2)^1/2 + DJ) / 2 + PE
    Total System Jitter     (TSJ):    0.050ns
    Total Input Jitter      (TIJ):    0.000ns
    Discrete Jitter          (DJ):    0.000ns
    Phase Error              (PE):    0.000ns

    Location             Delay type                Incr(ns)  Path(ns)    Netlist Resource(s)
  -------------------------------------------------------------------    -------------------
    V11                                               0.000     0.000 f  NPU_DATA_VALID
                         net (fo=0)                   0.000     0.000    NPU_DATA_VALID
    V11                  IBUF (Prop_ibuf_I_O)         1.603     1.603 f  NPU_DATA_VALID_IBUF_inst/O
                         net (fo=34, routed)          2.745     4.348    NPU_DATA_VALID_IBUF
    SLICE_X1Y43          LUT4 (Prop_lut4_I0_O)        0.124     4.472 r  PRDATA[31]_i_3/O
                         net (fo=1, routed)           0.502     4.974    PRDATA[31]_i_3_n_0
    SLICE_X1Y44          LUT6 (Prop_lut6_I0_O)        0.124     5.098 r  PRDATA[31]_i_1/O
                         net (fo=32, routed)          1.363     6.461    PRDATA[31]_i_1_n_0
    SLICE_X1Y32          FDCE                                         r  PRDATA_reg[12]/CE
  -------------------------------------------------------------------    -------------------

                         (clock clk rise edge)        0.000     0.000 r  <hidden>
    F4                                                0.000     0.000 r  CLK
                         net (fo=0)                   0.000     0.000    CLK
    F4                   IBUF (Prop_ibuf_I_O)         1.410     1.410 r  CLK_IBUF_inst/O
                         net (fo=1, routed)           1.862     3.272    CLK_IBUF
    BUFGCTRL_X0Y16       BUFG (Prop_bufg_I_O)         0.091     3.363 r  CLK_IBUF_BUFG_inst/O
                         net (fo=38, routed)          1.514     4.877    CLK_IBUF_BUFG
    SLICE_X1Y32          FDCE                                         r  PRDATA_reg[12]/C

Slack:                    inf
  Source:                 NPU_DATA_VALID
                            (input port)
  Destination:            PRDATA_reg[13]/CE
                            (rising edge-triggered cell FDCE clocked by clk  {rise@0.000ns fall@5.000ns period=10.000ns})
  Path Group:             (none)
  Path Type:              Setup (Max at Slow Process Corner)
  Data Path Delay:        6.461ns  (logic 1.851ns (28.648%)  route 4.610ns (71.352%))
  Logic Levels:           3  (IBUF=1 LUT4=1 LUT6=1)
  Clock Path Skew:        4.877ns (DCD - SCD + CPR)
    Destination Clock Delay (DCD):    4.877ns
    Source Clock Delay      (SCD):    0.000ns
    Clock Pessimism Removal (CPR):    0.000ns
  Clock Uncertainty:      0.025ns  ((TSJ^2 + TIJ^2)^1/2 + DJ) / 2 + PE
    Total System Jitter     (TSJ):    0.050ns
    Total Input Jitter      (TIJ):    0.000ns
    Discrete Jitter          (DJ):    0.000ns
    Phase Error              (PE):    0.000ns

    Location             Delay type                Incr(ns)  Path(ns)    Netlist Resource(s)
  -------------------------------------------------------------------    -------------------
    V11                                               0.000     0.000 f  NPU_DATA_VALID
                         net (fo=0)                   0.000     0.000    NPU_DATA_VALID
    V11                  IBUF (Prop_ibuf_I_O)         1.603     1.603 f  NPU_DATA_VALID_IBUF_inst/O
                         net (fo=34, routed)          2.745     4.348    NPU_DATA_VALID_IBUF
    SLICE_X1Y43          LUT4 (Prop_lut4_I0_O)        0.124     4.472 r  PRDATA[31]_i_3/O
                         net (fo=1, routed)           0.502     4.974    PRDATA[31]_i_3_n_0
    SLICE_X1Y44          LUT6 (Prop_lut6_I0_O)        0.124     5.098 r  PRDATA[31]_i_1/O
                         net (fo=32, routed)          1.363     6.461    PRDATA[31]_i_1_n_0
    SLICE_X1Y32          FDCE                                         r  PRDATA_reg[13]/CE
  -------------------------------------------------------------------    -------------------

                         (clock clk rise edge)        0.000     0.000 r  <hidden>
    F4                                                0.000     0.000 r  CLK
                         net (fo=0)                   0.000     0.000    CLK
    F4                   IBUF (Prop_ibuf_I_O)         1.410     1.410 r  CLK_IBUF_inst/O
                         net (fo=1, routed)           1.862     3.272    CLK_IBUF
    BUFGCTRL_X0Y16       BUFG (Prop_bufg_I_O)         0.091     3.363 r  CLK_IBUF_BUFG_inst/O
                         net (fo=38, routed)          1.514     4.877    CLK_IBUF_BUFG
    SLICE_X1Y32          FDCE                                         r  PRDATA_reg[13]/C

Slack:                    inf
  Source:                 NPU_DATA_VALID
                            (input port)
  Destination:            PRDATA_reg[5]/CE
                            (rising edge-triggered cell FDCE clocked by clk  {rise@0.000ns fall@5.000ns period=10.000ns})
  Path Group:             (none)
  Path Type:              Setup (Max at Slow Process Corner)
  Data Path Delay:        6.461ns  (logic 1.851ns (28.648%)  route 4.610ns (71.352%))
  Logic Levels:           3  (IBUF=1 LUT4=1 LUT6=1)
  Clock Path Skew:        4.877ns (DCD - SCD + CPR)
    Destination Clock Delay (DCD):    4.877ns
    Source Clock Delay      (SCD):    0.000ns
    Clock Pessimism Removal (CPR):    0.000ns
  Clock Uncertainty:      0.025ns  ((TSJ^2 + TIJ^2)^1/2 + DJ) / 2 + PE
    Total System Jitter     (TSJ):    0.050ns
    Total Input Jitter      (TIJ):    0.000ns
    Discrete Jitter          (DJ):    0.000ns
    Phase Error              (PE):    0.000ns

    Location             Delay type                Incr(ns)  Path(ns)    Netlist Resource(s)
  -------------------------------------------------------------------    -------------------
    V11                                               0.000     0.000 f  NPU_DATA_VALID
                         net (fo=0)                   0.000     0.000    NPU_DATA_VALID
    V11                  IBUF (Prop_ibuf_I_O)         1.603     1.603 f  NPU_DATA_VALID_IBUF_inst/O
                         net (fo=34, routed)          2.745     4.348    NPU_DATA_VALID_IBUF
    SLICE_X1Y43          LUT4 (Prop_lut4_I0_O)        0.124     4.472 r  PRDATA[31]_i_3/O
                         net (fo=1, routed)           0.502     4.974    PRDATA[31]_i_3_n_0
    SLICE_X1Y44          LUT6 (Prop_lut6_I0_O)        0.124     5.098 r  PRDATA[31]_i_1/O
                         net (fo=32, routed)          1.363     6.461    PRDATA[31]_i_1_n_0
    SLICE_X1Y32          FDCE                                         r  PRDATA_reg[5]/CE
  -------------------------------------------------------------------    -------------------

                         (clock clk rise edge)        0.000     0.000 r  <hidden>
    F4                                                0.000     0.000 r  CLK
                         net (fo=0)                   0.000     0.000    CLK
    F4                   IBUF (Prop_ibuf_I_O)         1.410     1.410 r  CLK_IBUF_inst/O
                         net (fo=1, routed)           1.862     3.272    CLK_IBUF
    BUFGCTRL_X0Y16       BUFG (Prop_bufg_I_O)         0.091     3.363 r  CLK_IBUF_BUFG_inst/O
                         net (fo=38, routed)          1.514     4.877    CLK_IBUF_BUFG
    SLICE_X1Y32          FDCE                                         r  PRDATA_reg[5]/C

Slack:                    inf
  Source:                 NPU_DATA_VALID
                            (input port)
  Destination:            PRDATA_reg[3]/CE
                            (rising edge-triggered cell FDCE clocked by clk  {rise@0.000ns fall@5.000ns period=10.000ns})
  Path Group:             (none)
  Path Type:              Setup (Max at Slow Process Corner)
  Data Path Delay:        6.272ns  (logic 1.851ns (29.513%)  route 4.421ns (70.487%))
  Logic Levels:           3  (IBUF=1 LUT4=1 LUT6=1)
  Clock Path Skew:        4.877ns (DCD - SCD + CPR)
    Destination Clock Delay (DCD):    4.877ns
    Source Clock Delay      (SCD):    0.000ns
    Clock Pessimism Removal (CPR):    0.000ns
  Clock Uncertainty:      0.025ns  ((TSJ^2 + TIJ^2)^1/2 + DJ) / 2 + PE
    Total System Jitter     (TSJ):    0.050ns
    Total Input Jitter      (TIJ):    0.000ns
    Discrete Jitter          (DJ):    0.000ns
    Phase Error              (PE):    0.000ns

    Location             Delay type                Incr(ns)  Path(ns)    Netlist Resource(s)
  -------------------------------------------------------------------    -------------------
    V11                                               0.000     0.000 f  NPU_DATA_VALID
                         net (fo=0)                   0.000     0.000    NPU_DATA_VALID
    V11                  IBUF (Prop_ibuf_I_O)         1.603     1.603 f  NPU_DATA_VALID_IBUF_inst/O
                         net (fo=34, routed)          2.745     4.348    NPU_DATA_VALID_IBUF
    SLICE_X1Y43          LUT4 (Prop_lut4_I0_O)        0.124     4.472 r  PRDATA[31]_i_3/O
                         net (fo=1, routed)           0.502     4.974    PRDATA[31]_i_3_n_0
    SLICE_X1Y44          LUT6 (Prop_lut6_I0_O)        0.124     5.098 r  PRDATA[31]_i_1/O
                         net (fo=32, routed)          1.174     6.272    PRDATA[31]_i_1_n_0
    SLICE_X0Y32          FDCE                                         r  PRDATA_reg[3]/CE
  -------------------------------------------------------------------    -------------------

                         (clock clk rise edge)        0.000     0.000 r  <hidden>
    F4                                                0.000     0.000 r  CLK
                         net (fo=0)                   0.000     0.000    CLK
    F4                   IBUF (Prop_ibuf_I_O)         1.410     1.410 r  CLK_IBUF_inst/O
                         net (fo=1, routed)           1.862     3.272    CLK_IBUF
    BUFGCTRL_X0Y16       BUFG (Prop_bufg_I_O)         0.091     3.363 r  CLK_IBUF_BUFG_inst/O
                         net (fo=38, routed)          1.514     4.877    CLK_IBUF_BUFG
    SLICE_X0Y32          FDCE                                         r  PRDATA_reg[3]/C

Slack:                    inf
  Source:                 NPU_DATA_VALID
                            (input port)
  Destination:            PRDATA_reg[6]/CE
                            (rising edge-triggered cell FDCE clocked by clk  {rise@0.000ns fall@5.000ns period=10.000ns})
  Path Group:             (none)
  Path Type:              Setup (Max at Slow Process Corner)
  Data Path Delay:        6.272ns  (logic 1.851ns (29.513%)  route 4.421ns (70.487%))
  Logic Levels:           3  (IBUF=1 LUT4=1 LUT6=1)
  Clock Path Skew:        4.877ns (DCD - SCD + CPR)
    Destination Clock Delay (DCD):    4.877ns
    Source Clock Delay      (SCD):    0.000ns
    Clock Pessimism Removal (CPR):    0.000ns
  Clock Uncertainty:      0.025ns  ((TSJ^2 + TIJ^2)^1/2 + DJ) / 2 + PE
    Total System Jitter     (TSJ):    0.050ns
    Total Input Jitter      (TIJ):    0.000ns
    Discrete Jitter          (DJ):    0.000ns
    Phase Error              (PE):    0.000ns

    Location             Delay type                Incr(ns)  Path(ns)    Netlist Resource(s)
  -------------------------------------------------------------------    -------------------
    V11                                               0.000     0.000 f  NPU_DATA_VALID
                         net (fo=0)                   0.000     0.000    NPU_DATA_VALID
    V11                  IBUF (Prop_ibuf_I_O)         1.603     1.603 f  NPU_DATA_VALID_IBUF_inst/O
                         net (fo=34, routed)          2.745     4.348    NPU_DATA_VALID_IBUF
    SLICE_X1Y43          LUT4 (Prop_lut4_I0_O)        0.124     4.472 r  PRDATA[31]_i_3/O
                         net (fo=1, routed)           0.502     4.974    PRDATA[31]_i_3_n_0
    SLICE_X1Y44          LUT6 (Prop_lut6_I0_O)        0.124     5.098 r  PRDATA[31]_i_1/O
                         net (fo=32, routed)          1.174     6.272    PRDATA[31]_i_1_n_0
    SLICE_X0Y32          FDCE                                         r  PRDATA_reg[6]/CE
  -------------------------------------------------------------------    -------------------

                         (clock clk rise edge)        0.000     0.000 r  <hidden>
    F4                                                0.000     0.000 r  CLK
                         net (fo=0)                   0.000     0.000    CLK
    F4                   IBUF (Prop_ibuf_I_O)         1.410     1.410 r  CLK_IBUF_inst/O
                         net (fo=1, routed)           1.862     3.272    CLK_IBUF
    BUFGCTRL_X0Y16       BUFG (Prop_bufg_I_O)         0.091     3.363 r  CLK_IBUF_BUFG_inst/O
                         net (fo=38, routed)          1.514     4.877    CLK_IBUF_BUFG
    SLICE_X0Y32          FDCE                                         r  PRDATA_reg[6]/C

Slack:                    inf
  Source:                 NPU_DATA_VALID
                            (input port)
  Destination:            PRDATA_reg[7]/CE
                            (rising edge-triggered cell FDCE clocked by clk  {rise@0.000ns fall@5.000ns period=10.000ns})
  Path Group:             (none)
  Path Type:              Setup (Max at Slow Process Corner)
  Data Path Delay:        6.272ns  (logic 1.851ns (29.513%)  route 4.421ns (70.487%))
  Logic Levels:           3  (IBUF=1 LUT4=1 LUT6=1)
  Clock Path Skew:        4.877ns (DCD - SCD + CPR)
    Destination Clock Delay (DCD):    4.877ns
    Source Clock Delay      (SCD):    0.000ns
    Clock Pessimism Removal (CPR):    0.000ns
  Clock Uncertainty:      0.025ns  ((TSJ^2 + TIJ^2)^1/2 + DJ) / 2 + PE
    Total System Jitter     (TSJ):    0.050ns
    Total Input Jitter      (TIJ):    0.000ns
    Discrete Jitter          (DJ):    0.000ns
    Phase Error              (PE):    0.000ns

    Location             Delay type                Incr(ns)  Path(ns)    Netlist Resource(s)
  -------------------------------------------------------------------    -------------------
    V11                                               0.000     0.000 f  NPU_DATA_VALID
                         net (fo=0)                   0.000     0.000    NPU_DATA_VALID
    V11                  IBUF (Prop_ibuf_I_O)         1.603     1.603 f  NPU_DATA_VALID_IBUF_inst/O
                         net (fo=34, routed)          2.745     4.348    NPU_DATA_VALID_IBUF
    SLICE_X1Y43          LUT4 (Prop_lut4_I0_O)        0.124     4.472 r  PRDATA[31]_i_3/O
                         net (fo=1, routed)           0.502     4.974    PRDATA[31]_i_3_n_0
    SLICE_X1Y44          LUT6 (Prop_lut6_I0_O)        0.124     5.098 r  PRDATA[31]_i_1/O
                         net (fo=32, routed)          1.174     6.272    PRDATA[31]_i_1_n_0
    SLICE_X0Y32          FDCE                                         r  PRDATA_reg[7]/CE
  -------------------------------------------------------------------    -------------------

                         (clock clk rise edge)        0.000     0.000 r  <hidden>
    F4                                                0.000     0.000 r  CLK
                         net (fo=0)                   0.000     0.000    CLK
    F4                   IBUF (Prop_ibuf_I_O)         1.410     1.410 r  CLK_IBUF_inst/O
                         net (fo=1, routed)           1.862     3.272    CLK_IBUF
    BUFGCTRL_X0Y16       BUFG (Prop_bufg_I_O)         0.091     3.363 r  CLK_IBUF_BUFG_inst/O
                         net (fo=38, routed)          1.514     4.877    CLK_IBUF_BUFG
    SLICE_X0Y32          FDCE                                         r  PRDATA_reg[7]/C

Slack:                    inf
  Source:                 NPU_DATA_VALID
                            (input port)
  Destination:            PRDATA_reg[11]/CE
                            (rising edge-triggered cell FDCE clocked by clk  {rise@0.000ns fall@5.000ns period=10.000ns})
  Path Group:             (none)
  Path Type:              Setup (Max at Slow Process Corner)
  Data Path Delay:        5.901ns  (logic 1.851ns (31.364%)  route 4.051ns (68.636%))
  Logic Levels:           3  (IBUF=1 LUT4=1 LUT6=1)
  Clock Path Skew:        4.875ns (DCD - SCD + CPR)
    Destination Clock Delay (DCD):    4.875ns
    Source Clock Delay      (SCD):    0.000ns
    Clock Pessimism Removal (CPR):    0.000ns
  Clock Uncertainty:      0.025ns  ((TSJ^2 + TIJ^2)^1/2 + DJ) / 2 + PE
    Total System Jitter     (TSJ):    0.050ns
    Total Input Jitter      (TIJ):    0.000ns
    Discrete Jitter          (DJ):    0.000ns
    Phase Error              (PE):    0.000ns

    Location             Delay type                Incr(ns)  Path(ns)    Netlist Resource(s)
  -------------------------------------------------------------------    -------------------
    V11                                               0.000     0.000 f  NPU_DATA_VALID
                         net (fo=0)                   0.000     0.000    NPU_DATA_VALID
    V11                  IBUF (Prop_ibuf_I_O)         1.603     1.603 f  NPU_DATA_VALID_IBUF_inst/O
                         net (fo=34, routed)          2.745     4.348    NPU_DATA_VALID_IBUF
    SLICE_X1Y43          LUT4 (Prop_lut4_I0_O)        0.124     4.472 r  PRDATA[31]_i_3/O
                         net (fo=1, routed)           0.502     4.974    PRDATA[31]_i_3_n_0
    SLICE_X1Y44          LUT6 (Prop_lut6_I0_O)        0.124     5.098 r  PRDATA[31]_i_1/O
                         net (fo=32, routed)          0.804     5.901    PRDATA[31]_i_1_n_0
    SLICE_X0Y31          FDCE                                         r  PRDATA_reg[11]/CE
  -------------------------------------------------------------------    -------------------

                         (clock clk rise edge)        0.000     0.000 r  <hidden>
    F4                                                0.000     0.000 r  CLK
                         net (fo=0)                   0.000     0.000    CLK
    F4                   IBUF (Prop_ibuf_I_O)         1.410     1.410 r  CLK_IBUF_inst/O
                         net (fo=1, routed)           1.862     3.272    CLK_IBUF
    BUFGCTRL_X0Y16       BUFG (Prop_bufg_I_O)         0.091     3.363 r  CLK_IBUF_BUFG_inst/O
                         net (fo=38, routed)          1.512     4.875    CLK_IBUF_BUFG
    SLICE_X0Y31          FDCE                                         r  PRDATA_reg[11]/C

Slack:                    inf
  Source:                 NPU_DATA_VALID
                            (input port)
  Destination:            PRDATA_reg[2]/CE
                            (rising edge-triggered cell FDCE clocked by clk  {rise@0.000ns fall@5.000ns period=10.000ns})
  Path Group:             (none)
  Path Type:              Setup (Max at Slow Process Corner)
  Data Path Delay:        5.901ns  (logic 1.851ns (31.364%)  route 4.051ns (68.636%))
  Logic Levels:           3  (IBUF=1 LUT4=1 LUT6=1)
  Clock Path Skew:        4.875ns (DCD - SCD + CPR)
    Destination Clock Delay (DCD):    4.875ns
    Source Clock Delay      (SCD):    0.000ns
    Clock Pessimism Removal (CPR):    0.000ns
  Clock Uncertainty:      0.025ns  ((TSJ^2 + TIJ^2)^1/2 + DJ) / 2 + PE
    Total System Jitter     (TSJ):    0.050ns
    Total Input Jitter      (TIJ):    0.000ns
    Discrete Jitter          (DJ):    0.000ns
    Phase Error              (PE):    0.000ns

    Location             Delay type                Incr(ns)  Path(ns)    Netlist Resource(s)
  -------------------------------------------------------------------    -------------------
    V11                                               0.000     0.000 f  NPU_DATA_VALID
                         net (fo=0)                   0.000     0.000    NPU_DATA_VALID
    V11                  IBUF (Prop_ibuf_I_O)         1.603     1.603 f  NPU_DATA_VALID_IBUF_inst/O
                         net (fo=34, routed)          2.745     4.348    NPU_DATA_VALID_IBUF
    SLICE_X1Y43          LUT4 (Prop_lut4_I0_O)        0.124     4.472 r  PRDATA[31]_i_3/O
                         net (fo=1, routed)           0.502     4.974    PRDATA[31]_i_3_n_0
    SLICE_X1Y44          LUT6 (Prop_lut6_I0_O)        0.124     5.098 r  PRDATA[31]_i_1/O
                         net (fo=32, routed)          0.804     5.901    PRDATA[31]_i_1_n_0
    SLICE_X0Y31          FDCE                                         r  PRDATA_reg[2]/CE
  -------------------------------------------------------------------    -------------------

                         (clock clk rise edge)        0.000     0.000 r  <hidden>
    F4                                                0.000     0.000 r  CLK
                         net (fo=0)                   0.000     0.000    CLK
    F4                   IBUF (Prop_ibuf_I_O)         1.410     1.410 r  CLK_IBUF_inst/O
                         net (fo=1, routed)           1.862     3.272    CLK_IBUF
    BUFGCTRL_X0Y16       BUFG (Prop_bufg_I_O)         0.091     3.363 r  CLK_IBUF_BUFG_inst/O
                         net (fo=38, routed)          1.512     4.875    CLK_IBUF_BUFG
    SLICE_X0Y31          FDCE                                         r  PRDATA_reg[2]/C

Slack:                    inf
  Source:                 NPU_DATA_VALID
                            (input port)
  Destination:            PRDATA_reg[4]/CE
                            (rising edge-triggered cell FDCE clocked by clk  {rise@0.000ns fall@5.000ns period=10.000ns})
  Path Group:             (none)
  Path Type:              Setup (Max at Slow Process Corner)
  Data Path Delay:        5.901ns  (logic 1.851ns (31.364%)  route 4.051ns (68.636%))
  Logic Levels:           3  (IBUF=1 LUT4=1 LUT6=1)
  Clock Path Skew:        4.875ns (DCD - SCD + CPR)
    Destination Clock Delay (DCD):    4.875ns
    Source Clock Delay      (SCD):    0.000ns
    Clock Pessimism Removal (CPR):    0.000ns
  Clock Uncertainty:      0.025ns  ((TSJ^2 + TIJ^2)^1/2 + DJ) / 2 + PE
    Total System Jitter     (TSJ):    0.050ns
    Total Input Jitter      (TIJ):    0.000ns
    Discrete Jitter          (DJ):    0.000ns
    Phase Error              (PE):    0.000ns

    Location             Delay type                Incr(ns)  Path(ns)    Netlist Resource(s)
  -------------------------------------------------------------------    -------------------
    V11                                               0.000     0.000 f  NPU_DATA_VALID
                         net (fo=0)                   0.000     0.000    NPU_DATA_VALID
    V11                  IBUF (Prop_ibuf_I_O)         1.603     1.603 f  NPU_DATA_VALID_IBUF_inst/O
                         net (fo=34, routed)          2.745     4.348    NPU_DATA_VALID_IBUF
    SLICE_X1Y43          LUT4 (Prop_lut4_I0_O)        0.124     4.472 r  PRDATA[31]_i_3/O
                         net (fo=1, routed)           0.502     4.974    PRDATA[31]_i_3_n_0
    SLICE_X1Y44          LUT6 (Prop_lut6_I0_O)        0.124     5.098 r  PRDATA[31]_i_1/O
                         net (fo=32, routed)          0.804     5.901    PRDATA[31]_i_1_n_0
    SLICE_X0Y31          FDCE                                         r  PRDATA_reg[4]/CE
  -------------------------------------------------------------------    -------------------

                         (clock clk rise edge)        0.000     0.000 r  <hidden>
    F4                                                0.000     0.000 r  CLK
                         net (fo=0)                   0.000     0.000    CLK
    F4                   IBUF (Prop_ibuf_I_O)         1.410     1.410 r  CLK_IBUF_inst/O
                         net (fo=1, routed)           1.862     3.272    CLK_IBUF
    BUFGCTRL_X0Y16       BUFG (Prop_bufg_I_O)         0.091     3.363 r  CLK_IBUF_BUFG_inst/O
                         net (fo=38, routed)          1.512     4.875    CLK_IBUF_BUFG
    SLICE_X0Y31          FDCE                                         r  PRDATA_reg[4]/C





Min Delay Paths
--------------------------------------------------------------------------------------
Slack:                    inf
  Source:                 NPU_DATA_VALID
                            (input port)
  Destination:            PRDATA_reg[2]/D
                            (rising edge-triggered cell FDCE clocked by clk  {rise@0.000ns fall@5.000ns period=10.000ns})
  Path Group:             (none)
  Path Type:              Hold (Min at Fast Process Corner)
  Data Path Delay:        1.129ns  (logic 0.306ns (27.072%)  route 0.823ns (72.928%))
  Logic Levels:           2  (IBUF=1 LUT5=1)
  Clock Path Skew:        2.008ns (DCD - SCD - CPR)
    Destination Clock Delay (DCD):    2.008ns
    Source Clock Delay      (SCD):    0.000ns
    Clock Pessimism Removal (CPR):    -0.000ns

    Location             Delay type                Incr(ns)  Path(ns)    Netlist Resource(s)
  -------------------------------------------------------------------    -------------------
    V11                                               0.000     0.000 r  NPU_DATA_VALID
                         net (fo=0)                   0.000     0.000    NPU_DATA_VALID
    V11                  IBUF (Prop_ibuf_I_O)         0.261     0.261 r  NPU_DATA_VALID_IBUF_inst/O
                         net (fo=34, routed)          0.823     1.084    NPU_DATA_VALID_IBUF
    SLICE_X0Y31          LUT5 (Prop_lut5_I1_O)        0.045     1.129 r  PRDATA[2]_i_1/O
                         net (fo=1, routed)           0.000     1.129    PRDATA[2]_i_1_n_0
    SLICE_X0Y31          FDCE                                         r  PRDATA_reg[2]/D
  -------------------------------------------------------------------    -------------------

                         (clock clk rise edge)        0.000     0.000 r  <hidden>
    F4                                                0.000     0.000 r  CLK
                         net (fo=0)                   0.000     0.000    CLK
    F4                   IBUF (Prop_ibuf_I_O)         0.436     0.436 r  CLK_IBUF_inst/O
                         net (fo=1, routed)           0.685     1.121    CLK_IBUF
    BUFGCTRL_X0Y16       BUFG (Prop_bufg_I_O)         0.029     1.150 r  CLK_IBUF_BUFG_inst/O
                         net (fo=38, routed)          0.859     2.008    CLK_IBUF_BUFG
    SLICE_X0Y31          FDCE                                         r  PRDATA_reg[2]/C

Slack:                    inf
  Source:                 NPU_DATA_VALID
                            (input port)
  Destination:            PRDATA_reg[11]/D
                            (rising edge-triggered cell FDCE clocked by clk  {rise@0.000ns fall@5.000ns period=10.000ns})
  Path Group:             (none)
  Path Type:              Hold (Min at Fast Process Corner)
  Data Path Delay:        1.140ns  (logic 0.306ns (26.813%)  route 0.834ns (73.187%))
  Logic Levels:           2  (IBUF=1 LUT5=1)
  Clock Path Skew:        2.008ns (DCD - SCD - CPR)
    Destination Clock Delay (DCD):    2.008ns
    Source Clock Delay      (SCD):    0.000ns
    Clock Pessimism Removal (CPR):    -0.000ns

    Location             Delay type                Incr(ns)  Path(ns)    Netlist Resource(s)
  -------------------------------------------------------------------    -------------------
    V11                                               0.000     0.000 r  NPU_DATA_VALID
                         net (fo=0)                   0.000     0.000    NPU_DATA_VALID
    V11                  IBUF (Prop_ibuf_I_O)         0.261     0.261 r  NPU_DATA_VALID_IBUF_inst/O
                         net (fo=34, routed)          0.834     1.095    NPU_DATA_VALID_IBUF
    SLICE_X0Y31          LUT5 (Prop_lut5_I1_O)        0.045     1.140 r  PRDATA[11]_i_1/O
                         net (fo=1, routed)           0.000     1.140    PRDATA[11]_i_1_n_0
    SLICE_X0Y31          FDCE                                         r  PRDATA_reg[11]/D
  -------------------------------------------------------------------    -------------------

                         (clock clk rise edge)        0.000     0.000 r  <hidden>
    F4                                                0.000     0.000 r  CLK
                         net (fo=0)                   0.000     0.000    CLK
    F4                   IBUF (Prop_ibuf_I_O)         0.436     0.436 r  CLK_IBUF_inst/O
                         net (fo=1, routed)           0.685     1.121    CLK_IBUF
    BUFGCTRL_X0Y16       BUFG (Prop_bufg_I_O)         0.029     1.150 r  CLK_IBUF_BUFG_inst/O
                         net (fo=38, routed)          0.859     2.008    CLK_IBUF_BUFG
    SLICE_X0Y31          FDCE                                         r  PRDATA_reg[11]/C

Slack:                    inf
  Source:                 NPU_DATA_VALID
                            (input port)
  Destination:            PRDATA_reg[13]/D
                            (rising edge-triggered cell FDCE clocked by clk  {rise@0.000ns fall@5.000ns period=10.000ns})
  Path Group:             (none)
  Path Type:              Hold (Min at Fast Process Corner)
  Data Path Delay:        1.210ns  (logic 0.306ns (25.254%)  route 0.905ns (74.746%))
  Logic Levels:           2  (IBUF=1 LUT5=1)
  Clock Path Skew:        2.009ns (DCD - SCD - CPR)
    Destination Clock Delay (DCD):    2.009ns
    Source Clock Delay      (SCD):    0.000ns
    Clock Pessimism Removal (CPR):    -0.000ns

    Location             Delay type                Incr(ns)  Path(ns)    Netlist Resource(s)
  -------------------------------------------------------------------    -------------------
    V11                                               0.000     0.000 r  NPU_DATA_VALID
                         net (fo=0)                   0.000     0.000    NPU_DATA_VALID
    V11                  IBUF (Prop_ibuf_I_O)         0.261     0.261 r  NPU_DATA_VALID_IBUF_inst/O
                         net (fo=34, routed)          0.905     1.165    NPU_DATA_VALID_IBUF
    SLICE_X1Y32          LUT5 (Prop_lut5_I1_O)        0.045     1.210 r  PRDATA[13]_i_1/O
                         net (fo=1, routed)           0.000     1.210    PRDATA[13]_i_1_n_0
    SLICE_X1Y32          FDCE                                         r  PRDATA_reg[13]/D
  -------------------------------------------------------------------    -------------------

                         (clock clk rise edge)        0.000     0.000 r  <hidden>
    F4                                                0.000     0.000 r  CLK
                         net (fo=0)                   0.000     0.000    CLK
    F4                   IBUF (Prop_ibuf_I_O)         0.436     0.436 r  CLK_IBUF_inst/O
                         net (fo=1, routed)           0.685     1.121    CLK_IBUF
    BUFGCTRL_X0Y16       BUFG (Prop_bufg_I_O)         0.029     1.150 r  CLK_IBUF_BUFG_inst/O
                         net (fo=38, routed)          0.860     2.009    CLK_IBUF_BUFG
    SLICE_X1Y32          FDCE                                         r  PRDATA_reg[13]/C

Slack:                    inf
  Source:                 NPU_DATA_VALID
                            (input port)
  Destination:            PRDATA_reg[12]/D
                            (rising edge-triggered cell FDCE clocked by clk  {rise@0.000ns fall@5.000ns period=10.000ns})
  Path Group:             (none)
  Path Type:              Hold (Min at Fast Process Corner)
  Data Path Delay:        1.211ns  (logic 0.306ns (25.233%)  route 0.906ns (74.767%))
  Logic Levels:           2  (IBUF=1 LUT5=1)
  Clock Path Skew:        2.009ns (DCD - SCD - CPR)
    Destination Clock Delay (DCD):    2.009ns
    Source Clock Delay      (SCD):    0.000ns
    Clock Pessimism Removal (CPR):    -0.000ns

    Location             Delay type                Incr(ns)  Path(ns)    Netlist Resource(s)
  -------------------------------------------------------------------    -------------------
    V11                                               0.000     0.000 r  NPU_DATA_VALID
                         net (fo=0)                   0.000     0.000    NPU_DATA_VALID
    V11                  IBUF (Prop_ibuf_I_O)         0.261     0.261 r  NPU_DATA_VALID_IBUF_inst/O
                         net (fo=34, routed)          0.906     1.166    NPU_DATA_VALID_IBUF
    SLICE_X1Y32          LUT5 (Prop_lut5_I1_O)        0.045     1.211 r  PRDATA[12]_i_1/O
                         net (fo=1, routed)           0.000     1.211    PRDATA[12]_i_1_n_0
    SLICE_X1Y32          FDCE                                         r  PRDATA_reg[12]/D
  -------------------------------------------------------------------    -------------------

                         (clock clk rise edge)        0.000     0.000 r  <hidden>
    F4                                                0.000     0.000 r  CLK
                         net (fo=0)                   0.000     0.000    CLK
    F4                   IBUF (Prop_ibuf_I_O)         0.436     0.436 r  CLK_IBUF_inst/O
                         net (fo=1, routed)           0.685     1.121    CLK_IBUF
    BUFGCTRL_X0Y16       BUFG (Prop_bufg_I_O)         0.029     1.150 r  CLK_IBUF_BUFG_inst/O
                         net (fo=38, routed)          0.860     2.009    CLK_IBUF_BUFG
    SLICE_X1Y32          FDCE                                         r  PRDATA_reg[12]/C

Slack:                    inf
  Source:                 NPU_DATA_VALID
                            (input port)
  Destination:            PRDATA_reg[6]/D
                            (rising edge-triggered cell FDCE clocked by clk  {rise@0.000ns fall@5.000ns period=10.000ns})
  Path Group:             (none)
  Path Type:              Hold (Min at Fast Process Corner)
  Data Path Delay:        1.212ns  (logic 0.306ns (25.221%)  route 0.906ns (74.779%))
  Logic Levels:           2  (IBUF=1 LUT5=1)
  Clock Path Skew:        2.009ns (DCD - SCD - CPR)
    Destination Clock Delay (DCD):    2.009ns
    Source Clock Delay      (SCD):    0.000ns
    Clock Pessimism Removal (CPR):    -0.000ns

    Location             Delay type                Incr(ns)  Path(ns)    Netlist Resource(s)
  -------------------------------------------------------------------    -------------------
    V11                                               0.000     0.000 r  NPU_DATA_VALID
                         net (fo=0)                   0.000     0.000    NPU_DATA_VALID
    V11                  IBUF (Prop_ibuf_I_O)         0.261     0.261 r  NPU_DATA_VALID_IBUF_inst/O
                         net (fo=34, routed)          0.906     1.167    NPU_DATA_VALID_IBUF
    SLICE_X0Y32          LUT5 (Prop_lut5_I1_O)        0.045     1.212 r  PRDATA[6]_i_1/O
                         net (fo=1, routed)           0.000     1.212    PRDATA[6]_i_1_n_0
    SLICE_X0Y32          FDCE                                         r  PRDATA_reg[6]/D
  -------------------------------------------------------------------    -------------------

                         (clock clk rise edge)        0.000     0.000 r  <hidden>
    F4                                                0.000     0.000 r  CLK
                         net (fo=0)                   0.000     0.000    CLK
    F4                   IBUF (Prop_ibuf_I_O)         0.436     0.436 r  CLK_IBUF_inst/O
                         net (fo=1, routed)           0.685     1.121    CLK_IBUF
    BUFGCTRL_X0Y16       BUFG (Prop_bufg_I_O)         0.029     1.150 r  CLK_IBUF_BUFG_inst/O
                         net (fo=38, routed)          0.860     2.009    CLK_IBUF_BUFG
    SLICE_X0Y32          FDCE                                         r  PRDATA_reg[6]/C

Slack:                    inf
  Source:                 NPU_DATA_VALID
                            (input port)
  Destination:            PRDATA_reg[3]/D
                            (rising edge-triggered cell FDCE clocked by clk  {rise@0.000ns fall@5.000ns period=10.000ns})
  Path Group:             (none)
  Path Type:              Hold (Min at Fast Process Corner)
  Data Path Delay:        1.223ns  (logic 0.306ns (24.996%)  route 0.917ns (75.004%))
  Logic Levels:           2  (IBUF=1 LUT5=1)
  Clock Path Skew:        2.009ns (DCD - SCD - CPR)
    Destination Clock Delay (DCD):    2.009ns
    Source Clock Delay      (SCD):    0.000ns
    Clock Pessimism Removal (CPR):    -0.000ns

    Location             Delay type                Incr(ns)  Path(ns)    Netlist Resource(s)
  -------------------------------------------------------------------    -------------------
    V11                                               0.000     0.000 r  NPU_DATA_VALID
                         net (fo=0)                   0.000     0.000    NPU_DATA_VALID
    V11                  IBUF (Prop_ibuf_I_O)         0.261     0.261 r  NPU_DATA_VALID_IBUF_inst/O
                         net (fo=34, routed)          0.917     1.178    NPU_DATA_VALID_IBUF
    SLICE_X0Y32          LUT5 (Prop_lut5_I1_O)        0.045     1.223 r  PRDATA[3]_i_1/O
                         net (fo=1, routed)           0.000     1.223    PRDATA[3]_i_1_n_0
    SLICE_X0Y32          FDCE                                         r  PRDATA_reg[3]/D
  -------------------------------------------------------------------    -------------------

                         (clock clk rise edge)        0.000     0.000 r  <hidden>
    F4                                                0.000     0.000 r  CLK
                         net (fo=0)                   0.000     0.000    CLK
    F4                   IBUF (Prop_ibuf_I_O)         0.436     0.436 r  CLK_IBUF_inst/O
                         net (fo=1, routed)           0.685     1.121    CLK_IBUF
    BUFGCTRL_X0Y16       BUFG (Prop_bufg_I_O)         0.029     1.150 r  CLK_IBUF_BUFG_inst/O
                         net (fo=38, routed)          0.860     2.009    CLK_IBUF_BUFG
    SLICE_X0Y32          FDCE                                         r  PRDATA_reg[3]/C

Slack:                    inf
  Source:                 NPU_DATA_VALID
                            (input port)
  Destination:            PRDATA_reg[9]/D
                            (rising edge-triggered cell FDCE clocked by clk  {rise@0.000ns fall@5.000ns period=10.000ns})
  Path Group:             (none)
  Path Type:              Hold (Min at Fast Process Corner)
  Data Path Delay:        1.263ns  (logic 0.306ns (24.201%)  route 0.957ns (75.799%))
  Logic Levels:           2  (IBUF=1 LUT5=1)
  Clock Path Skew:        2.008ns (DCD - SCD - CPR)
    Destination Clock Delay (DCD):    2.008ns
    Source Clock Delay      (SCD):    0.000ns
    Clock Pessimism Removal (CPR):    -0.000ns

    Location             Delay type                Incr(ns)  Path(ns)    Netlist Resource(s)
  -------------------------------------------------------------------    -------------------
    V11                                               0.000     0.000 r  NPU_DATA_VALID
                         net (fo=0)                   0.000     0.000    NPU_DATA_VALID
    V11                  IBUF (Prop_ibuf_I_O)         0.261     0.261 r  NPU_DATA_VALID_IBUF_inst/O
                         net (fo=34, routed)          0.957     1.218    NPU_DATA_VALID_IBUF
    SLICE_X0Y31          LUT5 (Prop_lut5_I1_O)        0.045     1.263 r  PRDATA[9]_i_1/O
                         net (fo=1, routed)           0.000     1.263    PRDATA[9]_i_1_n_0
    SLICE_X0Y31          FDCE                                         r  PRDATA_reg[9]/D
  -------------------------------------------------------------------    -------------------

                         (clock clk rise edge)        0.000     0.000 r  <hidden>
    F4                                                0.000     0.000 r  CLK
                         net (fo=0)                   0.000     0.000    CLK
    F4                   IBUF (Prop_ibuf_I_O)         0.436     0.436 r  CLK_IBUF_inst/O
                         net (fo=1, routed)           0.685     1.121    CLK_IBUF
    BUFGCTRL_X0Y16       BUFG (Prop_bufg_I_O)         0.029     1.150 r  CLK_IBUF_BUFG_inst/O
                         net (fo=38, routed)          0.859     2.008    CLK_IBUF_BUFG
    SLICE_X0Y31          FDCE                                         r  PRDATA_reg[9]/C

Slack:                    inf
  Source:                 NPU_DATA_VALID
                            (input port)
  Destination:            PRDATA_reg[8]/D
                            (rising edge-triggered cell FDCE clocked by clk  {rise@0.000ns fall@5.000ns period=10.000ns})
  Path Group:             (none)
  Path Type:              Hold (Min at Fast Process Corner)
  Data Path Delay:        1.268ns  (logic 0.304ns (23.940%)  route 0.965ns (76.060%))
  Logic Levels:           2  (IBUF=1 LUT3=1)
  Clock Path Skew:        2.008ns (DCD - SCD - CPR)
    Destination Clock Delay (DCD):    2.008ns
    Source Clock Delay      (SCD):    0.000ns
    Clock Pessimism Removal (CPR):    -0.000ns

    Location             Delay type                Incr(ns)  Path(ns)    Netlist Resource(s)
  -------------------------------------------------------------------    -------------------
    V11                                               0.000     0.000 r  NPU_DATA_VALID
                         net (fo=0)                   0.000     0.000    NPU_DATA_VALID
    V11                  IBUF (Prop_ibuf_I_O)         0.261     0.261 r  NPU_DATA_VALID_IBUF_inst/O
                         net (fo=34, routed)          0.965     1.225    NPU_DATA_VALID_IBUF
    SLICE_X0Y31          LUT3 (Prop_lut3_I1_O)        0.043     1.268 r  PRDATA[8]_i_1/O
                         net (fo=1, routed)           0.000     1.268    PRDATA[8]_i_1_n_0
    SLICE_X0Y31          FDCE                                         r  PRDATA_reg[8]/D
  -------------------------------------------------------------------    -------------------

                         (clock clk rise edge)        0.000     0.000 r  <hidden>
    F4                                                0.000     0.000 r  CLK
                         net (fo=0)                   0.000     0.000    CLK
    F4                   IBUF (Prop_ibuf_I_O)         0.436     0.436 r  CLK_IBUF_inst/O
                         net (fo=1, routed)           0.685     1.121    CLK_IBUF
    BUFGCTRL_X0Y16       BUFG (Prop_bufg_I_O)         0.029     1.150 r  CLK_IBUF_BUFG_inst/O
                         net (fo=38, routed)          0.859     2.008    CLK_IBUF_BUFG
    SLICE_X0Y31          FDCE                                         r  PRDATA_reg[8]/C

Slack:                    inf
  Source:                 NPU_DATA_VALID
                            (input port)
  Destination:            PRDATA_reg[4]/D
                            (rising edge-triggered cell FDCE clocked by clk  {rise@0.000ns fall@5.000ns period=10.000ns})
  Path Group:             (none)
  Path Type:              Hold (Min at Fast Process Corner)
  Data Path Delay:        1.270ns  (logic 0.306ns (24.060%)  route 0.965ns (75.940%))
  Logic Levels:           2  (IBUF=1 LUT3=1)
  Clock Path Skew:        2.008ns (DCD - SCD - CPR)
    Destination Clock Delay (DCD):    2.008ns
    Source Clock Delay      (SCD):    0.000ns
    Clock Pessimism Removal (CPR):    -0.000ns

    Location             Delay type                Incr(ns)  Path(ns)    Netlist Resource(s)
  -------------------------------------------------------------------    -------------------
    V11                                               0.000     0.000 r  NPU_DATA_VALID
                         net (fo=0)                   0.000     0.000    NPU_DATA_VALID
    V11                  IBUF (Prop_ibuf_I_O)         0.261     0.261 r  NPU_DATA_VALID_IBUF_inst/O
                         net (fo=34, routed)          0.965     1.225    NPU_DATA_VALID_IBUF
    SLICE_X0Y31          LUT3 (Prop_lut3_I1_O)        0.045     1.270 r  PRDATA[4]_i_1/O
                         net (fo=1, routed)           0.000     1.270    PRDATA[4]_i_1_n_0
    SLICE_X0Y31          FDCE                                         r  PRDATA_reg[4]/D
  -------------------------------------------------------------------    -------------------

                         (clock clk rise edge)        0.000     0.000 r  <hidden>
    F4                                                0.000     0.000 r  CLK
                         net (fo=0)                   0.000     0.000    CLK
    F4                   IBUF (Prop_ibuf_I_O)         0.436     0.436 r  CLK_IBUF_inst/O
                         net (fo=1, routed)           0.685     1.121    CLK_IBUF
    BUFGCTRL_X0Y16       BUFG (Prop_bufg_I_O)         0.029     1.150 r  CLK_IBUF_BUFG_inst/O
                         net (fo=38, routed)          0.859     2.008    CLK_IBUF_BUFG
    SLICE_X0Y31          FDCE                                         r  PRDATA_reg[4]/C

Slack:                    inf
  Source:                 NPU_DATA_VALID
                            (input port)
  Destination:            PRDATA_reg[5]/D
                            (rising edge-triggered cell FDCE clocked by clk  {rise@0.000ns fall@5.000ns period=10.000ns})
  Path Group:             (none)
  Path Type:              Hold (Min at Fast Process Corner)
  Data Path Delay:        1.296ns  (logic 0.306ns (23.578%)  route 0.991ns (76.422%))
  Logic Levels:           2  (IBUF=1 LUT5=1)
  Clock Path Skew:        2.009ns (DCD - SCD - CPR)
    Destination Clock Delay (DCD):    2.009ns
    Source Clock Delay      (SCD):    0.000ns
    Clock Pessimism Removal (CPR):    -0.000ns

    Location             Delay type                Incr(ns)  Path(ns)    Netlist Resource(s)
  -------------------------------------------------------------------    -------------------
    V11                                               0.000     0.000 r  NPU_DATA_VALID
                         net (fo=0)                   0.000     0.000    NPU_DATA_VALID
    V11                  IBUF (Prop_ibuf_I_O)         0.261     0.261 r  NPU_DATA_VALID_IBUF_inst/O
                         net (fo=34, routed)          0.991     1.251    NPU_DATA_VALID_IBUF
    SLICE_X1Y32          LUT5 (Prop_lut5_I1_O)        0.045     1.296 r  PRDATA[5]_i_1/O
                         net (fo=1, routed)           0.000     1.296    PRDATA[5]_i_1_n_0
    SLICE_X1Y32          FDCE                                         r  PRDATA_reg[5]/D
  -------------------------------------------------------------------    -------------------

                         (clock clk rise edge)        0.000     0.000 r  <hidden>
    F4                                                0.000     0.000 r  CLK
                         net (fo=0)                   0.000     0.000    CLK
    F4                   IBUF (Prop_ibuf_I_O)         0.436     0.436 r  CLK_IBUF_inst/O
                         net (fo=1, routed)           0.685     1.121    CLK_IBUF
    BUFGCTRL_X0Y16       BUFG (Prop_bufg_I_O)         0.029     1.150 r  CLK_IBUF_BUFG_inst/O
                         net (fo=38, routed)          0.860     2.009    CLK_IBUF_BUFG
    SLICE_X1Y32          FDCE                                         r  PRDATA_reg[5]/C





