Copyright 1986-2022 Xilinx, Inc. All Rights Reserved. Copyright 2022-2026 Advanced Micro Devices, Inc. All Rights Reserved.
---------------------------------------------------------------------------------------------------------------------------------------------------------------------------------------------------------------------------------------------------------------------
| Tool Version : Vivado v.2026.1 (win64) Build 6511674 Tue Jun 16 11:02:23 MDT 2026
| Date         : Tue Sep 29 03:16:34 2026
| Host         : PC1-2D running 64-bit major release  (build 9200)
| Command      : report_timing_summary -max_paths 10 -routable_nets -report_unconstrained -file reio_pwr_controller_timing_summary_routed.rpt -pb reio_pwr_controller_timing_summary_routed.pb -rpx reio_pwr_controller_timing_summary_routed.rpx -warn_on_violation
| Design       : reio_pwr_controller
| Device       : xa7a35t-csg324
| Speed File   : -1Q  PRODUCTION 1.16 2018-06-13
| Design State : Routed
---------------------------------------------------------------------------------------------------------------------------------------------------------------------------------------------------------------------------------------------------------------------

Timing Summary Report

------------------------------------------------------------------------------------------------
| Timer Settings
| --------------
------------------------------------------------------------------------------------------------

  Enable Multi Corner Analysis               :  Yes
  Enable Pessimism Removal                   :  Yes
  Pessimism Removal Resolution               :  Nearest Common Node
  Enable Input Delay Default Clock           :  No
  Enable Preset / Clear Arcs                 :  No
  Disable Flight Delays                      :  No
  Ignore I/O Paths                           :  No
  Timing Early Launch at Borrowing Latches   :  No
  Borrow Time for Max Delay Exceptions       :  Yes
  Merge Timing Exceptions                    :  Yes
  Inter-SLR Compensation                     :  Conservative

  Corner  Analyze    Analyze    
  Name    Max Paths  Min Paths  
  ------  ---------  ---------  
  Slow    Yes        Yes        
  Fast    Yes        Yes        


------------------------------------------------------------------------------------------------
| Report Methodology
| ------------------
------------------------------------------------------------------------------------------------

Rule       Severity  Description                    Violations  
---------  --------  -----------------------------  ----------  
TIMING-18  Warning   Missing input or output delay  7           

Note: This report is based on the most recent report_methodology run and may not be up-to-date. Run report_methodology on the current design for the latest report.



check_timing report

Table of Contents
-----------------
1. checking no_clock (0)
2. checking constant_clock (0)
3. checking pulse_width_clock (0)
4. checking unconstrained_internal_endpoints (0)
5. checking no_input_delay (3)
6. checking no_output_delay (4)
7. checking multiple_clock (0)
8. checking generated_clocks (0)
9. checking loops (0)
10. checking partial_input_delay (0)
11. checking partial_output_delay (0)
12. checking latch_loops (0)

1. checking no_clock (0)
------------------------
 There are 0 register/latch pins with no clock.


2. checking constant_clock (0)
------------------------------
 There are 0 register/latch pins with constant_clock.


3. checking pulse_width_clock (0)
---------------------------------
 There are 0 register/latch pins which need pulse_width check


4. checking unconstrained_internal_endpoints (0)
------------------------------------------------
 There are 0 pins that are not constrained for maximum delay.

 There are 0 pins that are not constrained for maximum delay due to constant clock.


5. checking no_input_delay (3)
------------------------------
 There are 3 input ports with no input delay specified. (HIGH)

 There are 0 input ports with no input delay but user has a false path constraint.


6. checking no_output_delay (4)
-------------------------------
 There are 4 ports with no output delay specified. (HIGH)

 There are 0 ports with no output delay but user has a false path constraint

 There are 0 ports with no output delay but with a timing clock defined on it or propagating through it


7. checking multiple_clock (0)
------------------------------
 There are 0 register/latch pins with multiple clocks.


8. checking generated_clocks (0)
--------------------------------
 There are 0 generated clocks that are not connected to a clock source.


9. checking loops (0)
---------------------
 There are 0 combinational loops in the design.


10. checking partial_input_delay (0)
------------------------------------
 There are 0 input ports with partial input delay specified.


11. checking partial_output_delay (0)
-------------------------------------
 There are 0 ports with partial output delay specified.


12. checking latch_loops (0)
----------------------------
 There are 0 combinational latch loops in the design through latch input



------------------------------------------------------------------------------------------------
| Design Timing Summary
| ---------------------
------------------------------------------------------------------------------------------------

    WNS(ns)      TNS(ns)  TNS Failing Endpoints  TNS Total Endpoints      WHS(ns)      THS(ns)  THS Failing Endpoints  THS Total Endpoints     WPWS(ns)     TPWS(ns)  TPWS Failing Endpoints  TPWS Total Endpoints  
    -------      -------  ---------------------  -------------------      -------      -------  ---------------------  -------------------     --------     --------  ----------------------  --------------------  
      7.259        0.000                      0                   15        0.212        0.000                      0                   15        4.500        0.000                       0                    11  


All user specified timing constraints are met.


------------------------------------------------------------------------------------------------
| Clock Summary
| -------------
------------------------------------------------------------------------------------------------

Clock  Waveform(ns)       Period(ns)      Frequency(MHz)
-----  ------------       ----------      --------------
clk    {0.000 5.000}      10.000          100.000         


------------------------------------------------------------------------------------------------
| Intra Clock Table
| -----------------
------------------------------------------------------------------------------------------------

Clock             WNS(ns)      TNS(ns)  TNS Failing Endpoints  TNS Total Endpoints      WHS(ns)      THS(ns)  THS Failing Endpoints  THS Total Endpoints     WPWS(ns)     TPWS(ns)  TPWS Failing Endpoints  TPWS Total Endpoints  
-----             -------      -------  ---------------------  -------------------      -------      -------  ---------------------  -------------------     --------     --------  ----------------------  --------------------  
clk                 7.259        0.000                      0                   15        0.212        0.000                      0                   15        4.500        0.000                       0                    11  


------------------------------------------------------------------------------------------------
| Inter Clock Table
| -----------------
------------------------------------------------------------------------------------------------

From Clock    To Clock          WNS(ns)      TNS(ns)  TNS Failing Endpoints  TNS Total Endpoints      WHS(ns)      THS(ns)  THS Failing Endpoints  THS Total Endpoints  
----------    --------          -------      -------  ---------------------  -------------------      -------      -------  ---------------------  -------------------  


------------------------------------------------------------------------------------------------
| Other Path Groups Table
| -----------------------
------------------------------------------------------------------------------------------------

Path Group    From Clock    To Clock          WNS(ns)      TNS(ns)  TNS Failing Endpoints  TNS Total Endpoints      WHS(ns)      THS(ns)  THS Failing Endpoints  THS Total Endpoints  
----------    ----------    --------          -------      -------  ---------------------  -------------------      -------      -------  ---------------------  -------------------  


------------------------------------------------------------------------------------------------
| User Ignored Path Table
| -----------------------
------------------------------------------------------------------------------------------------

Path Group    From Clock    To Clock    
----------    ----------    --------    


------------------------------------------------------------------------------------------------
| Unconstrained Path Table
| ------------------------
------------------------------------------------------------------------------------------------

Path Group    From Clock    To Clock    
----------    ----------    --------    
(none)        clk                         
(none)                      clk           


------------------------------------------------------------------------------------------------
| Timing Details
| --------------
------------------------------------------------------------------------------------------------


---------------------------------------------------------------------------------------------------
From Clock:  clk
  To Clock:  clk

Setup :            0  Failing Endpoints,  Worst Slack        7.259ns,  Total Violation        0.000ns
Hold  :            0  Failing Endpoints,  Worst Slack        0.212ns,  Total Violation        0.000ns
PW    :            0  Failing Endpoints,  Worst Slack        4.500ns,  Total Violation        0.000ns
---------------------------------------------------------------------------------------------------


Max Delay Paths
--------------------------------------------------------------------------------------
Slack (MET) :             7.259ns  (required time - arrival time)
  Source:                 count_delay_reg[1]/C
                            (rising edge-triggered cell FDCE clocked by clk  {rise@0.000ns fall@5.000ns period=10.000ns})
  Destination:            FSM_sequential_current_state_reg[0]/CE
                            (rising edge-triggered cell FDCE clocked by clk  {rise@0.000ns fall@5.000ns period=10.000ns})
  Path Group:             clk
  Path Type:              Setup (Max at Slow Process Corner)
  Requirement:            10.000ns  (clk rise@10.000ns - clk rise@0.000ns)
  Data Path Delay:        2.276ns  (logic 0.733ns (32.207%)  route 1.543ns (67.793%))
  Logic Levels:           2  (LUT4=1 LUT5=1)
  Clock Path Skew:        -0.022ns (DCD - SCD + CPR)
    Destination Clock Delay (DCD):    4.307ns = ( 14.307 - 10.000 ) 
    Source Clock Delay      (SCD):    4.746ns
    Clock Pessimism Removal (CPR):    0.417ns
  Clock Uncertainty:      0.035ns  ((TSJ^2 + TIJ^2)^1/2 + DJ) / 2 + PE
    Total System Jitter     (TSJ):    0.071ns
    Total Input Jitter      (TIJ):    0.000ns
    Discrete Jitter          (DJ):    0.000ns
    Phase Error              (PE):    0.000ns

    Location             Delay type                Incr(ns)  Path(ns)    Netlist Resource(s)
  -------------------------------------------------------------------    -------------------
                         (clock clk rise edge)        0.000     0.000 r  <hidden>
    F4                                                0.000     0.000 r  CLK
                         net (fo=0)                   0.000     0.000    CLK
    F4                   IBUF (Prop_ibuf_I_O)         1.043     1.043 r  CLK_IBUF_inst/O
                         net (fo=1, routed)           1.967     3.010    CLK_IBUF
    BUFGCTRL_X0Y16       BUFG (Prop_bufg_I_O)         0.096     3.106 r  CLK_IBUF_BUFG_inst/O
                         net (fo=10, routed)          1.640     4.746    CLK_IBUF_BUFG
    SLICE_X0Y3           FDCE                                         r  count_delay_reg[1]/C
  -------------------------------------------------------------------    -------------------
    SLICE_X0Y3           FDCE (Prop_fdce_C_Q)         0.456     5.202 r  count_delay_reg[1]/Q
                         net (fo=4, routed)           0.661     5.863    count_delay__0[1]
    SLICE_X0Y3           LUT4 (Prop_lut4_I0_O)        0.124     5.987 r  FSM_sequential_current_state[1]_i_4/O
                         net (fo=1, routed)           0.500     6.487    FSM_sequential_current_state[1]_i_4_n_0
    SLICE_X1Y3           LUT5 (Prop_lut5_I1_O)        0.153     6.640 r  FSM_sequential_current_state[1]_i_1/O
                         net (fo=2, routed)           0.382     7.022    FSM_sequential_current_state[1]_i_1_n_0
    SLICE_X1Y3           FDCE                                         r  FSM_sequential_current_state_reg[0]/CE
  -------------------------------------------------------------------    -------------------

                         (clock clk rise edge)       10.000    10.000 r  <hidden>
    F4                                                0.000    10.000 r  CLK
                         net (fo=0)                   0.000    10.000    CLK
    F4                   IBUF (Prop_ibuf_I_O)         0.832    10.832 r  CLK_IBUF_inst/O
                         net (fo=1, routed)           1.862    12.694    CLK_IBUF
    BUFGCTRL_X0Y16       BUFG (Prop_bufg_I_O)         0.091    12.785 r  CLK_IBUF_BUFG_inst/O
                         net (fo=10, routed)          1.522    14.307    CLK_IBUF_BUFG
    SLICE_X1Y3           FDCE                                         r  FSM_sequential_current_state_reg[0]/C
                         clock pessimism              0.417    14.724    <hidden>
                         clock uncertainty           -0.035    14.689    <hidden>
    SLICE_X1Y3           FDCE (Setup_fdce_C_CE)      -0.408    14.281    FSM_sequential_current_state_reg[0]
  -------------------------------------------------------------------
                         required time                         14.281    <hidden>
                         arrival time                          -7.022    <hidden>
  -------------------------------------------------------------------
                         slack                                  7.259    <hidden>

Slack (MET) :             7.259ns  (required time - arrival time)
  Source:                 count_delay_reg[1]/C
                            (rising edge-triggered cell FDCE clocked by clk  {rise@0.000ns fall@5.000ns period=10.000ns})
  Destination:            FSM_sequential_current_state_reg[1]/CE
                            (rising edge-triggered cell FDCE clocked by clk  {rise@0.000ns fall@5.000ns period=10.000ns})
  Path Group:             clk
  Path Type:              Setup (Max at Slow Process Corner)
  Requirement:            10.000ns  (clk rise@10.000ns - clk rise@0.000ns)
  Data Path Delay:        2.276ns  (logic 0.733ns (32.207%)  route 1.543ns (67.793%))
  Logic Levels:           2  (LUT4=1 LUT5=1)
  Clock Path Skew:        -0.022ns (DCD - SCD + CPR)
    Destination Clock Delay (DCD):    4.307ns = ( 14.307 - 10.000 ) 
    Source Clock Delay      (SCD):    4.746ns
    Clock Pessimism Removal (CPR):    0.417ns
  Clock Uncertainty:      0.035ns  ((TSJ^2 + TIJ^2)^1/2 + DJ) / 2 + PE
    Total System Jitter     (TSJ):    0.071ns
    Total Input Jitter      (TIJ):    0.000ns
    Discrete Jitter          (DJ):    0.000ns
    Phase Error              (PE):    0.000ns

    Location             Delay type                Incr(ns)  Path(ns)    Netlist Resource(s)
  -------------------------------------------------------------------    -------------------
                         (clock clk rise edge)        0.000     0.000 r  <hidden>
    F4                                                0.000     0.000 r  CLK
                         net (fo=0)                   0.000     0.000    CLK
    F4                   IBUF (Prop_ibuf_I_O)         1.043     1.043 r  CLK_IBUF_inst/O
                         net (fo=1, routed)           1.967     3.010    CLK_IBUF
    BUFGCTRL_X0Y16       BUFG (Prop_bufg_I_O)         0.096     3.106 r  CLK_IBUF_BUFG_inst/O
                         net (fo=10, routed)          1.640     4.746    CLK_IBUF_BUFG
    SLICE_X0Y3           FDCE                                         r  count_delay_reg[1]/C
  -------------------------------------------------------------------    -------------------
    SLICE_X0Y3           FDCE (Prop_fdce_C_Q)         0.456     5.202 r  count_delay_reg[1]/Q
                         net (fo=4, routed)           0.661     5.863    count_delay__0[1]
    SLICE_X0Y3           LUT4 (Prop_lut4_I0_O)        0.124     5.987 r  FSM_sequential_current_state[1]_i_4/O
                         net (fo=1, routed)           0.500     6.487    FSM_sequential_current_state[1]_i_4_n_0
    SLICE_X1Y3           LUT5 (Prop_lut5_I1_O)        0.153     6.640 r  FSM_sequential_current_state[1]_i_1/O
                         net (fo=2, routed)           0.382     7.022    FSM_sequential_current_state[1]_i_1_n_0
    SLICE_X1Y3           FDCE                                         r  FSM_sequential_current_state_reg[1]/CE
  -------------------------------------------------------------------    -------------------

                         (clock clk rise edge)       10.000    10.000 r  <hidden>
    F4                                                0.000    10.000 r  CLK
                         net (fo=0)                   0.000    10.000    CLK
    F4                   IBUF (Prop_ibuf_I_O)         0.832    10.832 r  CLK_IBUF_inst/O
                         net (fo=1, routed)           1.862    12.694    CLK_IBUF
    BUFGCTRL_X0Y16       BUFG (Prop_bufg_I_O)         0.091    12.785 r  CLK_IBUF_BUFG_inst/O
                         net (fo=10, routed)          1.522    14.307    CLK_IBUF_BUFG
    SLICE_X1Y3           FDCE                                         r  FSM_sequential_current_state_reg[1]/C
                         clock pessimism              0.417    14.724    <hidden>
                         clock uncertainty           -0.035    14.689    <hidden>
    SLICE_X1Y3           FDCE (Setup_fdce_C_CE)      -0.408    14.281    FSM_sequential_current_state_reg[1]
  -------------------------------------------------------------------
                         required time                         14.281    <hidden>
                         arrival time                          -7.022    <hidden>
  -------------------------------------------------------------------
                         slack                                  7.259    <hidden>

Slack (MET) :             7.486ns  (required time - arrival time)
  Source:                 FSM_sequential_current_state_reg[1]/C
                            (rising edge-triggered cell FDCE clocked by clk  {rise@0.000ns fall@5.000ns period=10.000ns})
  Destination:            PWR_FAULT_FLAG_reg/CE
                            (rising edge-triggered cell FDCE clocked by clk  {rise@0.000ns fall@5.000ns period=10.000ns})
  Path Group:             clk
  Path Type:              Setup (Max at Slow Process Corner)
  Requirement:            10.000ns  (clk rise@10.000ns - clk rise@0.000ns)
  Data Path Delay:        2.045ns  (logic 0.748ns (36.568%)  route 1.297ns (63.432%))
  Logic Levels:           1  (LUT4=1)
  Clock Path Skew:        -0.025ns (DCD - SCD + CPR)
    Destination Clock Delay (DCD):    4.307ns = ( 14.307 - 10.000 ) 
    Source Clock Delay      (SCD):    4.746ns
    Clock Pessimism Removal (CPR):    0.414ns
  Clock Uncertainty:      0.035ns  ((TSJ^2 + TIJ^2)^1/2 + DJ) / 2 + PE
    Total System Jitter     (TSJ):    0.071ns
    Total Input Jitter      (TIJ):    0.000ns
    Discrete Jitter          (DJ):    0.000ns
    Phase Error              (PE):    0.000ns

    Location             Delay type                Incr(ns)  Path(ns)    Netlist Resource(s)
  -------------------------------------------------------------------    -------------------
                         (clock clk rise edge)        0.000     0.000 r  <hidden>
    F4                                                0.000     0.000 r  CLK
                         net (fo=0)                   0.000     0.000    CLK
    F4                   IBUF (Prop_ibuf_I_O)         1.043     1.043 r  CLK_IBUF_inst/O
                         net (fo=1, routed)           1.967     3.010    CLK_IBUF
    BUFGCTRL_X0Y16       BUFG (Prop_bufg_I_O)         0.096     3.106 r  CLK_IBUF_BUFG_inst/O
                         net (fo=10, routed)          1.640     4.746    CLK_IBUF_BUFG
    SLICE_X1Y3           FDCE                                         r  FSM_sequential_current_state_reg[1]/C
  -------------------------------------------------------------------    -------------------
    SLICE_X1Y3           FDCE (Prop_fdce_C_Q)         0.419     5.165 f  FSM_sequential_current_state_reg[1]/Q
                         net (fo=10, routed)          0.695     5.860    FSM_sequential_current_state_reg_n_0_[1]
    SLICE_X0Y3           LUT4 (Prop_lut4_I0_O)        0.329     6.189 r  PWR_FAULT_FLAG_i_1/O
                         net (fo=1, routed)           0.602     6.792    PWR_FAULT_FLAG_i_1_n_0
    SLICE_X0Y4           FDCE                                         r  PWR_FAULT_FLAG_reg/CE
  -------------------------------------------------------------------    -------------------

                         (clock clk rise edge)       10.000    10.000 r  <hidden>
    F4                                                0.000    10.000 r  CLK
                         net (fo=0)                   0.000    10.000    CLK
    F4                   IBUF (Prop_ibuf_I_O)         0.832    10.832 r  CLK_IBUF_inst/O
                         net (fo=1, routed)           1.862    12.694    CLK_IBUF
    BUFGCTRL_X0Y16       BUFG (Prop_bufg_I_O)         0.091    12.785 r  CLK_IBUF_BUFG_inst/O
                         net (fo=10, routed)          1.522    14.307    CLK_IBUF_BUFG
    SLICE_X0Y4           FDCE                                         r  PWR_FAULT_FLAG_reg/C
                         clock pessimism              0.414    14.721    <hidden>
                         clock uncertainty           -0.035    14.686    <hidden>
    SLICE_X0Y4           FDCE (Setup_fdce_C_CE)      -0.408    14.278    PWR_FAULT_FLAG_reg
  -------------------------------------------------------------------
                         required time                         14.278    <hidden>
                         arrival time                          -6.792    <hidden>
  -------------------------------------------------------------------
                         slack                                  7.486    <hidden>

Slack (MET) :             7.659ns  (required time - arrival time)
  Source:                 FSM_sequential_current_state_reg[0]/C
                            (rising edge-triggered cell FDCE clocked by clk  {rise@0.000ns fall@5.000ns period=10.000ns})
  Destination:            RSTn_PERIPH_reg/CE
                            (rising edge-triggered cell FDCE clocked by clk  {rise@0.000ns fall@5.000ns period=10.000ns})
  Path Group:             clk
  Path Type:              Setup (Max at Slow Process Corner)
  Requirement:            10.000ns  (clk rise@10.000ns - clk rise@0.000ns)
  Data Path Delay:        1.868ns  (logic 0.606ns (32.444%)  route 1.262ns (67.556%))
  Logic Levels:           1  (LUT3=1)
  Clock Path Skew:        -0.025ns (DCD - SCD + CPR)
    Destination Clock Delay (DCD):    4.307ns = ( 14.307 - 10.000 ) 
    Source Clock Delay      (SCD):    4.746ns
    Clock Pessimism Removal (CPR):    0.414ns
  Clock Uncertainty:      0.035ns  ((TSJ^2 + TIJ^2)^1/2 + DJ) / 2 + PE
    Total System Jitter     (TSJ):    0.071ns
    Total Input Jitter      (TIJ):    0.000ns
    Discrete Jitter          (DJ):    0.000ns
    Phase Error              (PE):    0.000ns

    Location             Delay type                Incr(ns)  Path(ns)    Netlist Resource(s)
  -------------------------------------------------------------------    -------------------
                         (clock clk rise edge)        0.000     0.000 r  <hidden>
    F4                                                0.000     0.000 r  CLK
                         net (fo=0)                   0.000     0.000    CLK
    F4                   IBUF (Prop_ibuf_I_O)         1.043     1.043 r  CLK_IBUF_inst/O
                         net (fo=1, routed)           1.967     3.010    CLK_IBUF
    BUFGCTRL_X0Y16       BUFG (Prop_bufg_I_O)         0.096     3.106 r  CLK_IBUF_BUFG_inst/O
                         net (fo=10, routed)          1.640     4.746    CLK_IBUF_BUFG
    SLICE_X1Y3           FDCE                                         r  FSM_sequential_current_state_reg[0]/C
  -------------------------------------------------------------------    -------------------
    SLICE_X1Y3           FDCE (Prop_fdce_C_Q)         0.456     5.202 f  FSM_sequential_current_state_reg[0]/Q
                         net (fo=11, routed)          0.926     6.128    FSM_sequential_current_state_reg_n_0_[0]
    SLICE_X1Y3           LUT3 (Prop_lut3_I2_O)        0.150     6.278 r  RSTn_PERIPH_i_1/O
                         net (fo=1, routed)           0.335     6.614    RSTn_PERIPH_i_1_n_0
    SLICE_X1Y4           FDCE                                         r  RSTn_PERIPH_reg/CE
  -------------------------------------------------------------------    -------------------

                         (clock clk rise edge)       10.000    10.000 r  <hidden>
    F4                                                0.000    10.000 r  CLK
                         net (fo=0)                   0.000    10.000    CLK
    F4                   IBUF (Prop_ibuf_I_O)         0.832    10.832 r  CLK_IBUF_inst/O
                         net (fo=1, routed)           1.862    12.694    CLK_IBUF
    BUFGCTRL_X0Y16       BUFG (Prop_bufg_I_O)         0.091    12.785 r  CLK_IBUF_BUFG_inst/O
                         net (fo=10, routed)          1.522    14.307    CLK_IBUF_BUFG
    SLICE_X1Y4           FDCE                                         r  RSTn_PERIPH_reg/C
                         clock pessimism              0.414    14.721    <hidden>
                         clock uncertainty           -0.035    14.686    <hidden>
    SLICE_X1Y4           FDCE (Setup_fdce_C_CE)      -0.413    14.273    RSTn_PERIPH_reg
  -------------------------------------------------------------------
                         required time                         14.273    <hidden>
                         arrival time                          -6.614    <hidden>
  -------------------------------------------------------------------
                         slack                                  7.659    <hidden>

Slack (MET) :             7.760ns  (required time - arrival time)
  Source:                 FSM_sequential_current_state_reg[0]/C
                            (rising edge-triggered cell FDCE clocked by clk  {rise@0.000ns fall@5.000ns period=10.000ns})
  Destination:            RSTn_COPROC_reg/CE
                            (rising edge-triggered cell FDCE clocked by clk  {rise@0.000ns fall@5.000ns period=10.000ns})
  Path Group:             clk
  Path Type:              Setup (Max at Slow Process Corner)
  Requirement:            10.000ns  (clk rise@10.000ns - clk rise@0.000ns)
  Data Path Delay:        1.976ns  (logic 0.580ns (29.356%)  route 1.396ns (70.644%))
  Logic Levels:           1  (LUT4=1)
  Clock Path Skew:        -0.024ns (DCD - SCD + CPR)
    Destination Clock Delay (DCD):    4.308ns = ( 14.308 - 10.000 ) 
    Source Clock Delay      (SCD):    4.746ns
    Clock Pessimism Removal (CPR):    0.414ns
  Clock Uncertainty:      0.035ns  ((TSJ^2 + TIJ^2)^1/2 + DJ) / 2 + PE
    Total System Jitter     (TSJ):    0.071ns
    Total Input Jitter      (TIJ):    0.000ns
    Discrete Jitter          (DJ):    0.000ns
    Phase Error              (PE):    0.000ns

    Location             Delay type                Incr(ns)  Path(ns)    Netlist Resource(s)
  -------------------------------------------------------------------    -------------------
                         (clock clk rise edge)        0.000     0.000 r  <hidden>
    F4                                                0.000     0.000 r  CLK
                         net (fo=0)                   0.000     0.000    CLK
    F4                   IBUF (Prop_ibuf_I_O)         1.043     1.043 r  CLK_IBUF_inst/O
                         net (fo=1, routed)           1.967     3.010    CLK_IBUF
    BUFGCTRL_X0Y16       BUFG (Prop_bufg_I_O)         0.096     3.106 r  CLK_IBUF_BUFG_inst/O
                         net (fo=10, routed)          1.640     4.746    CLK_IBUF_BUFG
    SLICE_X1Y3           FDCE                                         r  FSM_sequential_current_state_reg[0]/C
  -------------------------------------------------------------------    -------------------
    SLICE_X1Y3           FDCE (Prop_fdce_C_Q)         0.456     5.202 r  FSM_sequential_current_state_reg[0]/Q
                         net (fo=11, routed)          0.924     6.126    FSM_sequential_current_state_reg_n_0_[0]
    SLICE_X1Y3           LUT4 (Prop_lut4_I3_O)        0.124     6.250 r  RSTn_COPROC_i_1/O
                         net (fo=1, routed)           0.471     6.722    RSTn_COPROC_i_1_n_0
    SLICE_X1Y2           FDCE                                         r  RSTn_COPROC_reg/CE
  -------------------------------------------------------------------    -------------------

                         (clock clk rise edge)       10.000    10.000 r  <hidden>
    F4                                                0.000    10.000 r  CLK
                         net (fo=0)                   0.000    10.000    CLK
    F4                   IBUF (Prop_ibuf_I_O)         0.832    10.832 r  CLK_IBUF_inst/O
                         net (fo=1, routed)           1.862    12.694    CLK_IBUF
    BUFGCTRL_X0Y16       BUFG (Prop_bufg_I_O)         0.091    12.785 r  CLK_IBUF_BUFG_inst/O
                         net (fo=10, routed)          1.523    14.308    CLK_IBUF_BUFG
    SLICE_X1Y2           FDCE                                         r  RSTn_COPROC_reg/C
                         clock pessimism              0.414    14.722    <hidden>
                         clock uncertainty           -0.035    14.687    <hidden>
    SLICE_X1Y2           FDCE (Setup_fdce_C_CE)      -0.205    14.482    RSTn_COPROC_reg
  -------------------------------------------------------------------
                         required time                         14.482    <hidden>
                         arrival time                          -6.722    <hidden>
  -------------------------------------------------------------------
                         slack                                  7.760    <hidden>

Slack (MET) :             7.873ns  (required time - arrival time)
  Source:                 FSM_sequential_current_state_reg[1]/C
                            (rising edge-triggered cell FDCE clocked by clk  {rise@0.000ns fall@5.000ns period=10.000ns})
  Destination:            RSTn_PERIPH_reg/D
                            (rising edge-triggered cell FDCE clocked by clk  {rise@0.000ns fall@5.000ns period=10.000ns})
  Path Group:             clk
  Path Type:              Setup (Max at Slow Process Corner)
  Requirement:            10.000ns  (clk rise@10.000ns - clk rise@0.000ns)
  Data Path Delay:        1.791ns  (logic 0.713ns (39.807%)  route 1.078ns (60.193%))
  Logic Levels:           1  (LUT3=1)
  Clock Path Skew:        -0.025ns (DCD - SCD + CPR)
    Destination Clock Delay (DCD):    4.307ns = ( 14.307 - 10.000 ) 
    Source Clock Delay      (SCD):    4.746ns
    Clock Pessimism Removal (CPR):    0.414ns
  Clock Uncertainty:      0.035ns  ((TSJ^2 + TIJ^2)^1/2 + DJ) / 2 + PE
    Total System Jitter     (TSJ):    0.071ns
    Total Input Jitter      (TIJ):    0.000ns
    Discrete Jitter          (DJ):    0.000ns
    Phase Error              (PE):    0.000ns

    Location             Delay type                Incr(ns)  Path(ns)    Netlist Resource(s)
  -------------------------------------------------------------------    -------------------
                         (clock clk rise edge)        0.000     0.000 r  <hidden>
    F4                                                0.000     0.000 r  CLK
                         net (fo=0)                   0.000     0.000    CLK
    F4                   IBUF (Prop_ibuf_I_O)         1.043     1.043 r  CLK_IBUF_inst/O
                         net (fo=1, routed)           1.967     3.010    CLK_IBUF
    BUFGCTRL_X0Y16       BUFG (Prop_bufg_I_O)         0.096     3.106 r  CLK_IBUF_BUFG_inst/O
                         net (fo=10, routed)          1.640     4.746    CLK_IBUF_BUFG
    SLICE_X1Y3           FDCE                                         r  FSM_sequential_current_state_reg[1]/C
  -------------------------------------------------------------------    -------------------
    SLICE_X1Y3           FDCE (Prop_fdce_C_Q)         0.419     5.165 r  FSM_sequential_current_state_reg[1]/Q
                         net (fo=10, routed)          0.521     5.686    FSM_sequential_current_state_reg_n_0_[1]
    SLICE_X1Y3           LUT3 (Prop_lut3_I0_O)        0.294     5.980 r  RSTn_PERIPH_i_2/O
                         net (fo=2, routed)           0.557     6.537    RSTn_PERIPH_i_2_n_0
    SLICE_X1Y4           FDCE                                         r  RSTn_PERIPH_reg/D
  -------------------------------------------------------------------    -------------------

                         (clock clk rise edge)       10.000    10.000 r  <hidden>
    F4                                                0.000    10.000 r  CLK
                         net (fo=0)                   0.000    10.000    CLK
    F4                   IBUF (Prop_ibuf_I_O)         0.832    10.832 r  CLK_IBUF_inst/O
                         net (fo=1, routed)           1.862    12.694    CLK_IBUF
    BUFGCTRL_X0Y16       BUFG (Prop_bufg_I_O)         0.091    12.785 r  CLK_IBUF_BUFG_inst/O
                         net (fo=10, routed)          1.522    14.307    CLK_IBUF_BUFG
    SLICE_X1Y4           FDCE                                         r  RSTn_PERIPH_reg/C
                         clock pessimism              0.414    14.721    <hidden>
                         clock uncertainty           -0.035    14.686    <hidden>
    SLICE_X1Y4           FDCE (Setup_fdce_C_D)       -0.275    14.411    RSTn_PERIPH_reg
  -------------------------------------------------------------------
                         required time                         14.411    <hidden>
                         arrival time                          -6.537    <hidden>
  -------------------------------------------------------------------
                         slack                                  7.873    <hidden>

Slack (MET) :             7.936ns  (required time - arrival time)
  Source:                 FSM_sequential_current_state_reg[1]/C
                            (rising edge-triggered cell FDCE clocked by clk  {rise@0.000ns fall@5.000ns period=10.000ns})
  Destination:            RSTn_COPROC_reg/D
                            (rising edge-triggered cell FDCE clocked by clk  {rise@0.000ns fall@5.000ns period=10.000ns})
  Path Group:             clk
  Path Type:              Setup (Max at Slow Process Corner)
  Requirement:            10.000ns  (clk rise@10.000ns - clk rise@0.000ns)
  Data Path Delay:        1.729ns  (logic 0.713ns (41.230%)  route 1.016ns (58.770%))
  Logic Levels:           1  (LUT3=1)
  Clock Path Skew:        -0.024ns (DCD - SCD + CPR)
    Destination Clock Delay (DCD):    4.308ns = ( 14.308 - 10.000 ) 
    Source Clock Delay      (SCD):    4.746ns
    Clock Pessimism Removal (CPR):    0.414ns
  Clock Uncertainty:      0.035ns  ((TSJ^2 + TIJ^2)^1/2 + DJ) / 2 + PE
    Total System Jitter     (TSJ):    0.071ns
    Total Input Jitter      (TIJ):    0.000ns
    Discrete Jitter          (DJ):    0.000ns
    Phase Error              (PE):    0.000ns

    Location             Delay type                Incr(ns)  Path(ns)    Netlist Resource(s)
  -------------------------------------------------------------------    -------------------
                         (clock clk rise edge)        0.000     0.000 r  <hidden>
    F4                                                0.000     0.000 r  CLK
                         net (fo=0)                   0.000     0.000    CLK
    F4                   IBUF (Prop_ibuf_I_O)         1.043     1.043 r  CLK_IBUF_inst/O
                         net (fo=1, routed)           1.967     3.010    CLK_IBUF
    BUFGCTRL_X0Y16       BUFG (Prop_bufg_I_O)         0.096     3.106 r  CLK_IBUF_BUFG_inst/O
                         net (fo=10, routed)          1.640     4.746    CLK_IBUF_BUFG
    SLICE_X1Y3           FDCE                                         r  FSM_sequential_current_state_reg[1]/C
  -------------------------------------------------------------------    -------------------
    SLICE_X1Y3           FDCE (Prop_fdce_C_Q)         0.419     5.165 r  FSM_sequential_current_state_reg[1]/Q
                         net (fo=10, routed)          0.521     5.686    FSM_sequential_current_state_reg_n_0_[1]
    SLICE_X1Y3           LUT3 (Prop_lut3_I0_O)        0.294     5.980 r  RSTn_PERIPH_i_2/O
                         net (fo=2, routed)           0.495     6.475    RSTn_PERIPH_i_2_n_0
    SLICE_X1Y2           FDCE                                         r  RSTn_COPROC_reg/D
  -------------------------------------------------------------------    -------------------

                         (clock clk rise edge)       10.000    10.000 r  <hidden>
    F4                                                0.000    10.000 r  CLK
                         net (fo=0)                   0.000    10.000    CLK
    F4                   IBUF (Prop_ibuf_I_O)         0.832    10.832 r  CLK_IBUF_inst/O
                         net (fo=1, routed)           1.862    12.694    CLK_IBUF
    BUFGCTRL_X0Y16       BUFG (Prop_bufg_I_O)         0.091    12.785 r  CLK_IBUF_BUFG_inst/O
                         net (fo=10, routed)          1.523    14.308    CLK_IBUF_BUFG
    SLICE_X1Y2           FDCE                                         r  RSTn_COPROC_reg/C
                         clock pessimism              0.414    14.722    <hidden>
                         clock uncertainty           -0.035    14.687    <hidden>
    SLICE_X1Y2           FDCE (Setup_fdce_C_D)       -0.275    14.412    RSTn_COPROC_reg
  -------------------------------------------------------------------
                         required time                         14.412    <hidden>
                         arrival time                          -6.475    <hidden>
  -------------------------------------------------------------------
                         slack                                  7.936    <hidden>

Slack (MET) :             7.991ns  (required time - arrival time)
  Source:                 FSM_sequential_current_state_reg[1]/C
                            (rising edge-triggered cell FDCE clocked by clk  {rise@0.000ns fall@5.000ns period=10.000ns})
  Destination:            RSTn_INTERCONN_reg/CE
                            (rising edge-triggered cell FDCE clocked by clk  {rise@0.000ns fall@5.000ns period=10.000ns})
  Path Group:             clk
  Path Type:              Setup (Max at Slow Process Corner)
  Requirement:            10.000ns  (clk rise@10.000ns - clk rise@0.000ns)
  Data Path Delay:        1.745ns  (logic 0.718ns (41.156%)  route 1.027ns (58.844%))
  Logic Levels:           1  (LUT3=1)
  Clock Path Skew:        -0.024ns (DCD - SCD + CPR)
    Destination Clock Delay (DCD):    4.308ns = ( 14.308 - 10.000 ) 
    Source Clock Delay      (SCD):    4.746ns
    Clock Pessimism Removal (CPR):    0.414ns
  Clock Uncertainty:      0.035ns  ((TSJ^2 + TIJ^2)^1/2 + DJ) / 2 + PE
    Total System Jitter     (TSJ):    0.071ns
    Total Input Jitter      (TIJ):    0.000ns
    Discrete Jitter          (DJ):    0.000ns
    Phase Error              (PE):    0.000ns

    Location             Delay type                Incr(ns)  Path(ns)    Netlist Resource(s)
  -------------------------------------------------------------------    -------------------
                         (clock clk rise edge)        0.000     0.000 r  <hidden>
    F4                                                0.000     0.000 r  CLK
                         net (fo=0)                   0.000     0.000    CLK
    F4                   IBUF (Prop_ibuf_I_O)         1.043     1.043 r  CLK_IBUF_inst/O
                         net (fo=1, routed)           1.967     3.010    CLK_IBUF
    BUFGCTRL_X0Y16       BUFG (Prop_bufg_I_O)         0.096     3.106 r  CLK_IBUF_BUFG_inst/O
                         net (fo=10, routed)          1.640     4.746    CLK_IBUF_BUFG
    SLICE_X1Y3           FDCE                                         r  FSM_sequential_current_state_reg[1]/C
  -------------------------------------------------------------------    -------------------
    SLICE_X1Y3           FDCE (Prop_fdce_C_Q)         0.419     5.165 f  FSM_sequential_current_state_reg[1]/Q
                         net (fo=10, routed)          0.695     5.860    FSM_sequential_current_state_reg_n_0_[1]
    SLICE_X0Y3           LUT3 (Prop_lut3_I2_O)        0.299     6.159 r  RSTn_INTERCONN_i_1/O
                         net (fo=1, routed)           0.331     6.491    RSTn_INTERCONN_i_1_n_0
    SLICE_X0Y2           FDCE                                         r  RSTn_INTERCONN_reg/CE
  -------------------------------------------------------------------    -------------------

                         (clock clk rise edge)       10.000    10.000 r  <hidden>
    F4                                                0.000    10.000 r  CLK
                         net (fo=0)                   0.000    10.000    CLK
    F4                   IBUF (Prop_ibuf_I_O)         0.832    10.832 r  CLK_IBUF_inst/O
                         net (fo=1, routed)           1.862    12.694    CLK_IBUF
    BUFGCTRL_X0Y16       BUFG (Prop_bufg_I_O)         0.091    12.785 r  CLK_IBUF_BUFG_inst/O
                         net (fo=10, routed)          1.523    14.308    CLK_IBUF_BUFG
    SLICE_X0Y2           FDCE                                         r  RSTn_INTERCONN_reg/C
                         clock pessimism              0.414    14.722    <hidden>
                         clock uncertainty           -0.035    14.687    <hidden>
    SLICE_X0Y2           FDCE (Setup_fdce_C_CE)      -0.205    14.482    RSTn_INTERCONN_reg
  -------------------------------------------------------------------
                         required time                         14.482    <hidden>
                         arrival time                          -6.491    <hidden>
  -------------------------------------------------------------------
                         slack                                  7.991    <hidden>

Slack (MET) :             8.105ns  (required time - arrival time)
  Source:                 count_delay_reg[0]/C
                            (rising edge-triggered cell FDCE clocked by clk  {rise@0.000ns fall@5.000ns period=10.000ns})
  Destination:            count_delay_reg[0]/D
                            (rising edge-triggered cell FDCE clocked by clk  {rise@0.000ns fall@5.000ns period=10.000ns})
  Path Group:             clk
  Path Type:              Setup (Max at Slow Process Corner)
  Requirement:            10.000ns  (clk rise@10.000ns - clk rise@0.000ns)
  Data Path Delay:        1.798ns  (logic 0.715ns (39.776%)  route 1.083ns (60.224%))
  Logic Levels:           1  (LUT3=1)
  Clock Path Skew:        0.000ns (DCD - SCD + CPR)
    Destination Clock Delay (DCD):    4.307ns = ( 14.307 - 10.000 ) 
    Source Clock Delay      (SCD):    4.746ns
    Clock Pessimism Removal (CPR):    0.439ns
  Clock Uncertainty:      0.035ns  ((TSJ^2 + TIJ^2)^1/2 + DJ) / 2 + PE
    Total System Jitter     (TSJ):    0.071ns
    Total Input Jitter      (TIJ):    0.000ns
    Discrete Jitter          (DJ):    0.000ns
    Phase Error              (PE):    0.000ns

    Location             Delay type                Incr(ns)  Path(ns)    Netlist Resource(s)
  -------------------------------------------------------------------    -------------------
                         (clock clk rise edge)        0.000     0.000 r  <hidden>
    F4                                                0.000     0.000 r  CLK
                         net (fo=0)                   0.000     0.000    CLK
    F4                   IBUF (Prop_ibuf_I_O)         1.043     1.043 r  CLK_IBUF_inst/O
                         net (fo=1, routed)           1.967     3.010    CLK_IBUF
    BUFGCTRL_X0Y16       BUFG (Prop_bufg_I_O)         0.096     3.106 r  CLK_IBUF_BUFG_inst/O
                         net (fo=10, routed)          1.640     4.746    CLK_IBUF_BUFG
    SLICE_X0Y3           FDCE                                         r  count_delay_reg[0]/C
  -------------------------------------------------------------------    -------------------
    SLICE_X0Y3           FDCE (Prop_fdce_C_Q)         0.419     5.165 f  count_delay_reg[0]/Q
                         net (fo=5, routed)           0.893     6.058    count_delay__0[0]
    SLICE_X1Y3           LUT3 (Prop_lut3_I0_O)        0.296     6.354 r  count_delay[0]_i_1/O
                         net (fo=1, routed)           0.190     6.544    count_delay[0]
    SLICE_X0Y3           FDCE                                         r  count_delay_reg[0]/D
  -------------------------------------------------------------------    -------------------

                         (clock clk rise edge)       10.000    10.000 r  <hidden>
    F4                                                0.000    10.000 r  CLK
                         net (fo=0)                   0.000    10.000    CLK
    F4                   IBUF (Prop_ibuf_I_O)         0.832    10.832 r  CLK_IBUF_inst/O
                         net (fo=1, routed)           1.862    12.694    CLK_IBUF
    BUFGCTRL_X0Y16       BUFG (Prop_bufg_I_O)         0.091    12.785 r  CLK_IBUF_BUFG_inst/O
                         net (fo=10, routed)          1.522    14.307    CLK_IBUF_BUFG
    SLICE_X0Y3           FDCE                                         r  count_delay_reg[0]/C
                         clock pessimism              0.439    14.746    <hidden>
                         clock uncertainty           -0.035    14.711    <hidden>
    SLICE_X0Y3           FDCE (Setup_fdce_C_D)       -0.062    14.649    count_delay_reg[0]
  -------------------------------------------------------------------
                         required time                         14.649    <hidden>
                         arrival time                          -6.544    <hidden>
  -------------------------------------------------------------------
                         slack                                  8.105    <hidden>

Slack (MET) :             8.219ns  (required time - arrival time)
  Source:                 count_delay_reg[1]/C
                            (rising edge-triggered cell FDCE clocked by clk  {rise@0.000ns fall@5.000ns period=10.000ns})
  Destination:            count_delay_reg[1]/D
                            (rising edge-triggered cell FDCE clocked by clk  {rise@0.000ns fall@5.000ns period=10.000ns})
  Path Group:             clk
  Path Type:              Setup (Max at Slow Process Corner)
  Requirement:            10.000ns  (clk rise@10.000ns - clk rise@0.000ns)
  Data Path Delay:        1.775ns  (logic 0.580ns (32.674%)  route 1.195ns (67.326%))
  Logic Levels:           1  (LUT4=1)
  Clock Path Skew:        0.000ns (DCD - SCD + CPR)
    Destination Clock Delay (DCD):    4.307ns = ( 14.307 - 10.000 ) 
    Source Clock Delay      (SCD):    4.746ns
    Clock Pessimism Removal (CPR):    0.439ns
  Clock Uncertainty:      0.035ns  ((TSJ^2 + TIJ^2)^1/2 + DJ) / 2 + PE
    Total System Jitter     (TSJ):    0.071ns
    Total Input Jitter      (TIJ):    0.000ns
    Discrete Jitter          (DJ):    0.000ns
    Phase Error              (PE):    0.000ns

    Location             Delay type                Incr(ns)  Path(ns)    Netlist Resource(s)
  -------------------------------------------------------------------    -------------------
                         (clock clk rise edge)        0.000     0.000 r  <hidden>
    F4                                                0.000     0.000 r  CLK
                         net (fo=0)                   0.000     0.000    CLK
    F4                   IBUF (Prop_ibuf_I_O)         1.043     1.043 r  CLK_IBUF_inst/O
                         net (fo=1, routed)           1.967     3.010    CLK_IBUF
    BUFGCTRL_X0Y16       BUFG (Prop_bufg_I_O)         0.096     3.106 r  CLK_IBUF_BUFG_inst/O
                         net (fo=10, routed)          1.640     4.746    CLK_IBUF_BUFG
    SLICE_X0Y3           FDCE                                         r  count_delay_reg[1]/C
  -------------------------------------------------------------------    -------------------
    SLICE_X0Y3           FDCE (Prop_fdce_C_Q)         0.456     5.202 r  count_delay_reg[1]/Q
                         net (fo=4, routed)           1.195     6.397    count_delay__0[1]
    SLICE_X0Y3           LUT4 (Prop_lut4_I0_O)        0.124     6.521 r  count_delay[1]_i_1/O
                         net (fo=1, routed)           0.000     6.521    count_delay[1]
    SLICE_X0Y3           FDCE                                         r  count_delay_reg[1]/D
  -------------------------------------------------------------------    -------------------

                         (clock clk rise edge)       10.000    10.000 r  <hidden>
    F4                                                0.000    10.000 r  CLK
                         net (fo=0)                   0.000    10.000    CLK
    F4                   IBUF (Prop_ibuf_I_O)         0.832    10.832 r  CLK_IBUF_inst/O
                         net (fo=1, routed)           1.862    12.694    CLK_IBUF
    BUFGCTRL_X0Y16       BUFG (Prop_bufg_I_O)         0.091    12.785 r  CLK_IBUF_BUFG_inst/O
                         net (fo=10, routed)          1.522    14.307    CLK_IBUF_BUFG
    SLICE_X0Y3           FDCE                                         r  count_delay_reg[1]/C
                         clock pessimism              0.439    14.746    <hidden>
                         clock uncertainty           -0.035    14.711    <hidden>
    SLICE_X0Y3           FDCE (Setup_fdce_C_D)        0.029    14.740    count_delay_reg[1]
  -------------------------------------------------------------------
                         required time                         14.740    <hidden>
                         arrival time                          -6.521    <hidden>
  -------------------------------------------------------------------
                         slack                                  8.219    <hidden>





Min Delay Paths
--------------------------------------------------------------------------------------
Slack (MET) :             0.212ns  (arrival time - required time)
  Source:                 FSM_sequential_current_state_reg[0]/C
                            (rising edge-triggered cell FDCE clocked by clk  {rise@0.000ns fall@5.000ns period=10.000ns})
  Destination:            count_delay_reg[3]/D
                            (rising edge-triggered cell FDCE clocked by clk  {rise@0.000ns fall@5.000ns period=10.000ns})
  Path Group:             clk
  Path Type:              Hold (Min at Fast Process Corner)
  Requirement:            0.000ns  (clk rise@0.000ns - clk rise@0.000ns)
  Data Path Delay:        0.317ns  (logic 0.186ns (58.718%)  route 0.131ns (41.282%))
  Logic Levels:           1  (LUT6=1)
  Clock Path Skew:        0.013ns (DCD - SCD - CPR)
    Destination Clock Delay (DCD):    1.964ns
    Source Clock Delay      (SCD):    1.448ns
    Clock Pessimism Removal (CPR):    0.503ns

    Location             Delay type                Incr(ns)  Path(ns)    Netlist Resource(s)
  -------------------------------------------------------------------    -------------------
                         (clock clk rise edge)        0.000     0.000 r  <hidden>
    F4                                                0.000     0.000 r  CLK
                         net (fo=0)                   0.000     0.000    CLK
    F4                   IBUF (Prop_ibuf_I_O)         0.194     0.194 r  CLK_IBUF_inst/O
                         net (fo=1, routed)           0.631     0.825    CLK_IBUF
    BUFGCTRL_X0Y16       BUFG (Prop_bufg_I_O)         0.026     0.851 r  CLK_IBUF_BUFG_inst/O
                         net (fo=10, routed)          0.597     1.448    CLK_IBUF_BUFG
    SLICE_X1Y3           FDCE                                         r  FSM_sequential_current_state_reg[0]/C
  -------------------------------------------------------------------    -------------------
    SLICE_X1Y3           FDCE (Prop_fdce_C_Q)         0.141     1.589 r  FSM_sequential_current_state_reg[0]/Q
                         net (fo=11, routed)          0.131     1.719    FSM_sequential_current_state_reg_n_0_[0]
    SLICE_X0Y3           LUT6 (Prop_lut6_I5_O)        0.045     1.764 r  count_delay[3]_i_2/O
                         net (fo=1, routed)           0.000     1.764    count_delay[3]
    SLICE_X0Y3           FDCE                                         r  count_delay_reg[3]/D
  -------------------------------------------------------------------    -------------------

                         (clock clk rise edge)        0.000     0.000 r  <hidden>
    F4                                                0.000     0.000 r  CLK
                         net (fo=0)                   0.000     0.000    CLK
    F4                   IBUF (Prop_ibuf_I_O)         0.383     0.383 r  CLK_IBUF_inst/O
                         net (fo=1, routed)           0.685     1.068    CLK_IBUF
    BUFGCTRL_X0Y16       BUFG (Prop_bufg_I_O)         0.029     1.097 r  CLK_IBUF_BUFG_inst/O
                         net (fo=10, routed)          0.868     1.964    CLK_IBUF_BUFG
    SLICE_X0Y3           FDCE                                         r  count_delay_reg[3]/C
                         clock pessimism             -0.503     1.461    <hidden>
    SLICE_X0Y3           FDCE (Hold_fdce_C_D)         0.092     1.553    count_delay_reg[3]
  -------------------------------------------------------------------
                         required time                         -1.553    <hidden>
                         arrival time                           1.764    <hidden>
  -------------------------------------------------------------------
                         slack                                  0.212    <hidden>

Slack (MET) :             0.230ns  (arrival time - required time)
  Source:                 FSM_sequential_current_state_reg[0]/C
                            (rising edge-triggered cell FDCE clocked by clk  {rise@0.000ns fall@5.000ns period=10.000ns})
  Destination:            RSTn_INTERCONN_reg/D
                            (rising edge-triggered cell FDCE clocked by clk  {rise@0.000ns fall@5.000ns period=10.000ns})
  Path Group:             clk
  Path Type:              Hold (Min at Fast Process Corner)
  Requirement:            0.000ns  (clk rise@0.000ns - clk rise@0.000ns)
  Data Path Delay:        0.338ns  (logic 0.186ns (55.051%)  route 0.152ns (44.949%))
  Logic Levels:           1  (LUT3=1)
  Clock Path Skew:        0.017ns (DCD - SCD - CPR)
    Destination Clock Delay (DCD):    1.965ns
    Source Clock Delay      (SCD):    1.448ns
    Clock Pessimism Removal (CPR):    0.500ns

    Location             Delay type                Incr(ns)  Path(ns)    Netlist Resource(s)
  -------------------------------------------------------------------    -------------------
                         (clock clk rise edge)        0.000     0.000 r  <hidden>
    F4                                                0.000     0.000 r  CLK
                         net (fo=0)                   0.000     0.000    CLK
    F4                   IBUF (Prop_ibuf_I_O)         0.194     0.194 r  CLK_IBUF_inst/O
                         net (fo=1, routed)           0.631     0.825    CLK_IBUF
    BUFGCTRL_X0Y16       BUFG (Prop_bufg_I_O)         0.026     0.851 r  CLK_IBUF_BUFG_inst/O
                         net (fo=10, routed)          0.597     1.448    CLK_IBUF_BUFG
    SLICE_X1Y3           FDCE                                         r  FSM_sequential_current_state_reg[0]/C
  -------------------------------------------------------------------    -------------------
    SLICE_X1Y3           FDCE (Prop_fdce_C_Q)         0.141     1.589 r  FSM_sequential_current_state_reg[0]/Q
                         net (fo=11, routed)          0.152     1.741    FSM_sequential_current_state_reg_n_0_[0]
    SLICE_X0Y2           LUT3 (Prop_lut3_I0_O)        0.045     1.786 r  RSTn_INTERCONN_i_2/O
                         net (fo=1, routed)           0.000     1.786    RSTn_INTERCONN_i_2_n_0
    SLICE_X0Y2           FDCE                                         r  RSTn_INTERCONN_reg/D
  -------------------------------------------------------------------    -------------------

                         (clock clk rise edge)        0.000     0.000 r  <hidden>
    F4                                                0.000     0.000 r  CLK
                         net (fo=0)                   0.000     0.000    CLK
    F4                   IBUF (Prop_ibuf_I_O)         0.383     0.383 r  CLK_IBUF_inst/O
                         net (fo=1, routed)           0.685     1.068    CLK_IBUF
    BUFGCTRL_X0Y16       BUFG (Prop_bufg_I_O)         0.029     1.097 r  CLK_IBUF_BUFG_inst/O
                         net (fo=10, routed)          0.869     1.965    CLK_IBUF_BUFG
    SLICE_X0Y2           FDCE                                         r  RSTn_INTERCONN_reg/C
                         clock pessimism             -0.500     1.465    <hidden>
    SLICE_X0Y2           FDCE (Hold_fdce_C_D)         0.091     1.556    RSTn_INTERCONN_reg
  -------------------------------------------------------------------
                         required time                         -1.556    <hidden>
                         arrival time                           1.786    <hidden>
  -------------------------------------------------------------------
                         slack                                  0.230    <hidden>

Slack (MET) :             0.265ns  (arrival time - required time)
  Source:                 FSM_sequential_current_state_reg[0]/C
                            (rising edge-triggered cell FDCE clocked by clk  {rise@0.000ns fall@5.000ns period=10.000ns})
  Destination:            FSM_sequential_current_state_reg[1]/D
                            (rising edge-triggered cell FDCE clocked by clk  {rise@0.000ns fall@5.000ns period=10.000ns})
  Path Group:             clk
  Path Type:              Hold (Min at Fast Process Corner)
  Requirement:            0.000ns  (clk rise@0.000ns - clk rise@0.000ns)
  Data Path Delay:        0.372ns  (logic 0.183ns (49.193%)  route 0.189ns (50.807%))
  Logic Levels:           1  (LUT4=1)
  Clock Path Skew:        0.000ns (DCD - SCD - CPR)
    Destination Clock Delay (DCD):    1.964ns
    Source Clock Delay      (SCD):    1.448ns
    Clock Pessimism Removal (CPR):    0.516ns

    Location             Delay type                Incr(ns)  Path(ns)    Netlist Resource(s)
  -------------------------------------------------------------------    -------------------
                         (clock clk rise edge)        0.000     0.000 r  <hidden>
    F4                                                0.000     0.000 r  CLK
                         net (fo=0)                   0.000     0.000    CLK
    F4                   IBUF (Prop_ibuf_I_O)         0.194     0.194 r  CLK_IBUF_inst/O
                         net (fo=1, routed)           0.631     0.825    CLK_IBUF
    BUFGCTRL_X0Y16       BUFG (Prop_bufg_I_O)         0.026     0.851 r  CLK_IBUF_BUFG_inst/O
                         net (fo=10, routed)          0.597     1.448    CLK_IBUF_BUFG
    SLICE_X1Y3           FDCE                                         r  FSM_sequential_current_state_reg[0]/C
  -------------------------------------------------------------------    -------------------
    SLICE_X1Y3           FDCE (Prop_fdce_C_Q)         0.141     1.589 r  FSM_sequential_current_state_reg[0]/Q
                         net (fo=11, routed)          0.189     1.778    FSM_sequential_current_state_reg_n_0_[0]
    SLICE_X1Y3           LUT4 (Prop_lut4_I2_O)        0.042     1.820 r  FSM_sequential_current_state[1]_i_2/O
                         net (fo=1, routed)           0.000     1.820    FSM_sequential_current_state[1]_i_2_n_0
    SLICE_X1Y3           FDCE                                         r  FSM_sequential_current_state_reg[1]/D
  -------------------------------------------------------------------    -------------------

                         (clock clk rise edge)        0.000     0.000 r  <hidden>
    F4                                                0.000     0.000 r  CLK
                         net (fo=0)                   0.000     0.000    CLK
    F4                   IBUF (Prop_ibuf_I_O)         0.383     0.383 r  CLK_IBUF_inst/O
                         net (fo=1, routed)           0.685     1.068    CLK_IBUF
    BUFGCTRL_X0Y16       BUFG (Prop_bufg_I_O)         0.029     1.097 r  CLK_IBUF_BUFG_inst/O
                         net (fo=10, routed)          0.868     1.964    CLK_IBUF_BUFG
    SLICE_X1Y3           FDCE                                         r  FSM_sequential_current_state_reg[1]/C
                         clock pessimism             -0.516     1.448    <hidden>
    SLICE_X1Y3           FDCE (Hold_fdce_C_D)         0.107     1.555    FSM_sequential_current_state_reg[1]
  -------------------------------------------------------------------
                         required time                         -1.555    <hidden>
                         arrival time                           1.820    <hidden>
  -------------------------------------------------------------------
                         slack                                  0.265    <hidden>

Slack (MET) :             0.284ns  (arrival time - required time)
  Source:                 FSM_sequential_current_state_reg[0]/C
                            (rising edge-triggered cell FDCE clocked by clk  {rise@0.000ns fall@5.000ns period=10.000ns})
  Destination:            FSM_sequential_current_state_reg[0]/D
                            (rising edge-triggered cell FDCE clocked by clk  {rise@0.000ns fall@5.000ns period=10.000ns})
  Path Group:             clk
  Path Type:              Hold (Min at Fast Process Corner)
  Requirement:            0.000ns  (clk rise@0.000ns - clk rise@0.000ns)
  Data Path Delay:        0.375ns  (logic 0.186ns (49.599%)  route 0.189ns (50.401%))
  Logic Levels:           1  (LUT3=1)
  Clock Path Skew:        0.000ns (DCD - SCD - CPR)
    Destination Clock Delay (DCD):    1.964ns
    Source Clock Delay      (SCD):    1.448ns
    Clock Pessimism Removal (CPR):    0.516ns

    Location             Delay type                Incr(ns)  Path(ns)    Netlist Resource(s)
  -------------------------------------------------------------------    -------------------
                         (clock clk rise edge)        0.000     0.000 r  <hidden>
    F4                                                0.000     0.000 r  CLK
                         net (fo=0)                   0.000     0.000    CLK
    F4                   IBUF (Prop_ibuf_I_O)         0.194     0.194 r  CLK_IBUF_inst/O
                         net (fo=1, routed)           0.631     0.825    CLK_IBUF
    BUFGCTRL_X0Y16       BUFG (Prop_bufg_I_O)         0.026     0.851 r  CLK_IBUF_BUFG_inst/O
                         net (fo=10, routed)          0.597     1.448    CLK_IBUF_BUFG
    SLICE_X1Y3           FDCE                                         r  FSM_sequential_current_state_reg[0]/C
  -------------------------------------------------------------------    -------------------
    SLICE_X1Y3           FDCE (Prop_fdce_C_Q)         0.141     1.589 f  FSM_sequential_current_state_reg[0]/Q
                         net (fo=11, routed)          0.189     1.778    FSM_sequential_current_state_reg_n_0_[0]
    SLICE_X1Y3           LUT3 (Prop_lut3_I0_O)        0.045     1.823 r  FSM_sequential_current_state[0]_i_1/O
                         net (fo=1, routed)           0.000     1.823    FSM_sequential_current_state[0]_i_1_n_0
    SLICE_X1Y3           FDCE                                         r  FSM_sequential_current_state_reg[0]/D
  -------------------------------------------------------------------    -------------------

                         (clock clk rise edge)        0.000     0.000 r  <hidden>
    F4                                                0.000     0.000 r  CLK
                         net (fo=0)                   0.000     0.000    CLK
    F4                   IBUF (Prop_ibuf_I_O)         0.383     0.383 r  CLK_IBUF_inst/O
                         net (fo=1, routed)           0.685     1.068    CLK_IBUF
    BUFGCTRL_X0Y16       BUFG (Prop_bufg_I_O)         0.029     1.097 r  CLK_IBUF_BUFG_inst/O
                         net (fo=10, routed)          0.868     1.964    CLK_IBUF_BUFG
    SLICE_X1Y3           FDCE                                         r  FSM_sequential_current_state_reg[0]/C
                         clock pessimism             -0.516     1.448    <hidden>
    SLICE_X1Y3           FDCE (Hold_fdce_C_D)         0.091     1.539    FSM_sequential_current_state_reg[0]
  -------------------------------------------------------------------
                         required time                         -1.539    <hidden>
                         arrival time                           1.823    <hidden>
  -------------------------------------------------------------------
                         slack                                  0.284    <hidden>

Slack (MET) :             0.309ns  (arrival time - required time)
  Source:                 count_delay_reg[2]/C
                            (rising edge-triggered cell FDCE clocked by clk  {rise@0.000ns fall@5.000ns period=10.000ns})
  Destination:            count_delay_reg[2]/D
                            (rising edge-triggered cell FDCE clocked by clk  {rise@0.000ns fall@5.000ns period=10.000ns})
  Path Group:             clk
  Path Type:              Hold (Min at Fast Process Corner)
  Requirement:            0.000ns  (clk rise@0.000ns - clk rise@0.000ns)
  Data Path Delay:        0.416ns  (logic 0.230ns (55.240%)  route 0.186ns (44.760%))
  Logic Levels:           1  (LUT5=1)
  Clock Path Skew:        0.000ns (DCD - SCD - CPR)
    Destination Clock Delay (DCD):    1.964ns
    Source Clock Delay      (SCD):    1.448ns
    Clock Pessimism Removal (CPR):    0.516ns

    Location             Delay type                Incr(ns)  Path(ns)    Netlist Resource(s)
  -------------------------------------------------------------------    -------------------
                         (clock clk rise edge)        0.000     0.000 r  <hidden>
    F4                                                0.000     0.000 r  CLK
                         net (fo=0)                   0.000     0.000    CLK
    F4                   IBUF (Prop_ibuf_I_O)         0.194     0.194 r  CLK_IBUF_inst/O
                         net (fo=1, routed)           0.631     0.825    CLK_IBUF
    BUFGCTRL_X0Y16       BUFG (Prop_bufg_I_O)         0.026     0.851 r  CLK_IBUF_BUFG_inst/O
                         net (fo=10, routed)          0.597     1.448    CLK_IBUF_BUFG
    SLICE_X0Y3           FDCE                                         r  count_delay_reg[2]/C
  -------------------------------------------------------------------    -------------------
    SLICE_X0Y3           FDCE (Prop_fdce_C_Q)         0.128     1.576 r  count_delay_reg[2]/Q
                         net (fo=3, routed)           0.186     1.762    count_delay__0[2]
    SLICE_X0Y3           LUT5 (Prop_lut5_I2_O)        0.102     1.864 r  count_delay[2]_i_1/O
                         net (fo=1, routed)           0.000     1.864    count_delay[2]
    SLICE_X0Y3           FDCE                                         r  count_delay_reg[2]/D
  -------------------------------------------------------------------    -------------------

                         (clock clk rise edge)        0.000     0.000 r  <hidden>
    F4                                                0.000     0.000 r  CLK
                         net (fo=0)                   0.000     0.000    CLK
    F4                   IBUF (Prop_ibuf_I_O)         0.383     0.383 r  CLK_IBUF_inst/O
                         net (fo=1, routed)           0.685     1.068    CLK_IBUF
    BUFGCTRL_X0Y16       BUFG (Prop_bufg_I_O)         0.029     1.097 r  CLK_IBUF_BUFG_inst/O
                         net (fo=10, routed)          0.868     1.964    CLK_IBUF_BUFG
    SLICE_X0Y3           FDCE                                         r  count_delay_reg[2]/C
                         clock pessimism             -0.516     1.448    <hidden>
    SLICE_X0Y3           FDCE (Hold_fdce_C_D)         0.107     1.555    count_delay_reg[2]
  -------------------------------------------------------------------
                         required time                         -1.555    <hidden>
                         arrival time                           1.864    <hidden>
  -------------------------------------------------------------------
                         slack                                  0.309    <hidden>

Slack (MET) :             0.402ns  (arrival time - required time)
  Source:                 count_delay_reg[0]/C
                            (rising edge-triggered cell FDCE clocked by clk  {rise@0.000ns fall@5.000ns period=10.000ns})
  Destination:            count_delay_reg[1]/D
                            (rising edge-triggered cell FDCE clocked by clk  {rise@0.000ns fall@5.000ns period=10.000ns})
  Path Group:             clk
  Path Type:              Hold (Min at Fast Process Corner)
  Requirement:            0.000ns  (clk rise@0.000ns - clk rise@0.000ns)
  Data Path Delay:        0.493ns  (logic 0.226ns (45.830%)  route 0.267ns (54.170%))
  Logic Levels:           1  (LUT4=1)
  Clock Path Skew:        0.000ns (DCD - SCD - CPR)
    Destination Clock Delay (DCD):    1.964ns
    Source Clock Delay      (SCD):    1.448ns
    Clock Pessimism Removal (CPR):    0.516ns

    Location             Delay type                Incr(ns)  Path(ns)    Netlist Resource(s)
  -------------------------------------------------------------------    -------------------
                         (clock clk rise edge)        0.000     0.000 r  <hidden>
    F4                                                0.000     0.000 r  CLK
                         net (fo=0)                   0.000     0.000    CLK
    F4                   IBUF (Prop_ibuf_I_O)         0.194     0.194 r  CLK_IBUF_inst/O
                         net (fo=1, routed)           0.631     0.825    CLK_IBUF
    BUFGCTRL_X0Y16       BUFG (Prop_bufg_I_O)         0.026     0.851 r  CLK_IBUF_BUFG_inst/O
                         net (fo=10, routed)          0.597     1.448    CLK_IBUF_BUFG
    SLICE_X0Y3           FDCE                                         r  count_delay_reg[0]/C
  -------------------------------------------------------------------    -------------------
    SLICE_X0Y3           FDCE (Prop_fdce_C_Q)         0.128     1.576 r  count_delay_reg[0]/Q
                         net (fo=5, routed)           0.267     1.843    count_delay__0[0]
    SLICE_X0Y3           LUT4 (Prop_lut4_I1_O)        0.098     1.941 r  count_delay[1]_i_1/O
                         net (fo=1, routed)           0.000     1.941    count_delay[1]
    SLICE_X0Y3           FDCE                                         r  count_delay_reg[1]/D
  -------------------------------------------------------------------    -------------------

                         (clock clk rise edge)        0.000     0.000 r  <hidden>
    F4                                                0.000     0.000 r  CLK
                         net (fo=0)                   0.000     0.000    CLK
    F4                   IBUF (Prop_ibuf_I_O)         0.383     0.383 r  CLK_IBUF_inst/O
                         net (fo=1, routed)           0.685     1.068    CLK_IBUF
    BUFGCTRL_X0Y16       BUFG (Prop_bufg_I_O)         0.029     1.097 r  CLK_IBUF_BUFG_inst/O
                         net (fo=10, routed)          0.868     1.964    CLK_IBUF_BUFG
    SLICE_X0Y3           FDCE                                         r  count_delay_reg[1]/C
                         clock pessimism             -0.516     1.448    <hidden>
    SLICE_X0Y3           FDCE (Hold_fdce_C_D)         0.091     1.539    count_delay_reg[1]
  -------------------------------------------------------------------
                         required time                         -1.539    <hidden>
                         arrival time                           1.941    <hidden>
  -------------------------------------------------------------------
                         slack                                  0.402    <hidden>

Slack (MET) :             0.409ns  (arrival time - required time)
  Source:                 FSM_sequential_current_state_reg[1]/C
                            (rising edge-triggered cell FDCE clocked by clk  {rise@0.000ns fall@5.000ns period=10.000ns})
  Destination:            count_delay_reg[0]/D
                            (rising edge-triggered cell FDCE clocked by clk  {rise@0.000ns fall@5.000ns period=10.000ns})
  Path Group:             clk
  Path Type:              Hold (Min at Fast Process Corner)
  Requirement:            0.000ns  (clk rise@0.000ns - clk rise@0.000ns)
  Data Path Delay:        0.493ns  (logic 0.227ns (46.081%)  route 0.266ns (53.919%))
  Logic Levels:           1  (LUT3=1)
  Clock Path Skew:        0.013ns (DCD - SCD - CPR)
    Destination Clock Delay (DCD):    1.964ns
    Source Clock Delay      (SCD):    1.448ns
    Clock Pessimism Removal (CPR):    0.503ns

    Location             Delay type                Incr(ns)  Path(ns)    Netlist Resource(s)
  -------------------------------------------------------------------    -------------------
                         (clock clk rise edge)        0.000     0.000 r  <hidden>
    F4                                                0.000     0.000 r  CLK
                         net (fo=0)                   0.000     0.000    CLK
    F4                   IBUF (Prop_ibuf_I_O)         0.194     0.194 r  CLK_IBUF_inst/O
                         net (fo=1, routed)           0.631     0.825    CLK_IBUF
    BUFGCTRL_X0Y16       BUFG (Prop_bufg_I_O)         0.026     0.851 r  CLK_IBUF_BUFG_inst/O
                         net (fo=10, routed)          0.597     1.448    CLK_IBUF_BUFG
    SLICE_X1Y3           FDCE                                         r  FSM_sequential_current_state_reg[1]/C
  -------------------------------------------------------------------    -------------------
    SLICE_X1Y3           FDCE (Prop_fdce_C_Q)         0.128     1.576 r  FSM_sequential_current_state_reg[1]/Q
                         net (fo=10, routed)          0.210     1.786    FSM_sequential_current_state_reg_n_0_[1]
    SLICE_X1Y3           LUT3 (Prop_lut3_I1_O)        0.099     1.885 r  count_delay[0]_i_1/O
                         net (fo=1, routed)           0.056     1.940    count_delay[0]
    SLICE_X0Y3           FDCE                                         r  count_delay_reg[0]/D
  -------------------------------------------------------------------    -------------------

                         (clock clk rise edge)        0.000     0.000 r  <hidden>
    F4                                                0.000     0.000 r  CLK
                         net (fo=0)                   0.000     0.000    CLK
    F4                   IBUF (Prop_ibuf_I_O)         0.383     0.383 r  CLK_IBUF_inst/O
                         net (fo=1, routed)           0.685     1.068    CLK_IBUF
    BUFGCTRL_X0Y16       BUFG (Prop_bufg_I_O)         0.029     1.097 r  CLK_IBUF_BUFG_inst/O
                         net (fo=10, routed)          0.868     1.964    CLK_IBUF_BUFG
    SLICE_X0Y3           FDCE                                         r  count_delay_reg[0]/C
                         clock pessimism             -0.503     1.461    <hidden>
    SLICE_X0Y3           FDCE (Hold_fdce_C_D)         0.071     1.532    count_delay_reg[0]
  -------------------------------------------------------------------
                         required time                         -1.532    <hidden>
                         arrival time                           1.940    <hidden>
  -------------------------------------------------------------------
                         slack                                  0.409    <hidden>

Slack (MET) :             0.539ns  (arrival time - required time)
  Source:                 FSM_sequential_current_state_reg[1]/C
                            (rising edge-triggered cell FDCE clocked by clk  {rise@0.000ns fall@5.000ns period=10.000ns})
  Destination:            RSTn_COPROC_reg/CE
                            (rising edge-triggered cell FDCE clocked by clk  {rise@0.000ns fall@5.000ns period=10.000ns})
  Path Group:             clk
  Path Type:              Hold (Min at Fast Process Corner)
  Requirement:            0.000ns  (clk rise@0.000ns - clk rise@0.000ns)
  Data Path Delay:        0.539ns  (logic 0.227ns (42.090%)  route 0.312ns (57.910%))
  Logic Levels:           1  (LUT4=1)
  Clock Path Skew:        0.017ns (DCD - SCD - CPR)
    Destination Clock Delay (DCD):    1.965ns
    Source Clock Delay      (SCD):    1.448ns
    Clock Pessimism Removal (CPR):    0.500ns

    Location             Delay type                Incr(ns)  Path(ns)    Netlist Resource(s)
  -------------------------------------------------------------------    -------------------
                         (clock clk rise edge)        0.000     0.000 r  <hidden>
    F4                                                0.000     0.000 r  CLK
                         net (fo=0)                   0.000     0.000    CLK
    F4                   IBUF (Prop_ibuf_I_O)         0.194     0.194 r  CLK_IBUF_inst/O
                         net (fo=1, routed)           0.631     0.825    CLK_IBUF
    BUFGCTRL_X0Y16       BUFG (Prop_bufg_I_O)         0.026     0.851 r  CLK_IBUF_BUFG_inst/O
                         net (fo=10, routed)          0.597     1.448    CLK_IBUF_BUFG
    SLICE_X1Y3           FDCE                                         r  FSM_sequential_current_state_reg[1]/C
  -------------------------------------------------------------------    -------------------
    SLICE_X1Y3           FDCE (Prop_fdce_C_Q)         0.128     1.576 r  FSM_sequential_current_state_reg[1]/Q
                         net (fo=10, routed)          0.168     1.744    FSM_sequential_current_state_reg_n_0_[1]
    SLICE_X1Y3           LUT4 (Prop_lut4_I2_O)        0.099     1.843 r  RSTn_COPROC_i_1/O
                         net (fo=1, routed)           0.144     1.987    RSTn_COPROC_i_1_n_0
    SLICE_X1Y2           FDCE                                         r  RSTn_COPROC_reg/CE
  -------------------------------------------------------------------    -------------------

                         (clock clk rise edge)        0.000     0.000 r  <hidden>
    F4                                                0.000     0.000 r  CLK
                         net (fo=0)                   0.000     0.000    CLK
    F4                   IBUF (Prop_ibuf_I_O)         0.383     0.383 r  CLK_IBUF_inst/O
                         net (fo=1, routed)           0.685     1.068    CLK_IBUF
    BUFGCTRL_X0Y16       BUFG (Prop_bufg_I_O)         0.029     1.097 r  CLK_IBUF_BUFG_inst/O
                         net (fo=10, routed)          0.869     1.965    CLK_IBUF_BUFG
    SLICE_X1Y2           FDCE                                         r  RSTn_COPROC_reg/C
                         clock pessimism             -0.500     1.465    <hidden>
    SLICE_X1Y2           FDCE (Hold_fdce_C_CE)       -0.017     1.448    RSTn_COPROC_reg
  -------------------------------------------------------------------
                         required time                         -1.448    <hidden>
                         arrival time                           1.987    <hidden>
  -------------------------------------------------------------------
                         slack                                  0.539    <hidden>

Slack (MET) :             0.596ns  (arrival time - required time)
  Source:                 FSM_sequential_current_state_reg[1]/C
                            (rising edge-triggered cell FDCE clocked by clk  {rise@0.000ns fall@5.000ns period=10.000ns})
  Destination:            FSM_sequential_current_state_reg[0]/CE
                            (rising edge-triggered cell FDCE clocked by clk  {rise@0.000ns fall@5.000ns period=10.000ns})
  Path Group:             clk
  Path Type:              Hold (Min at Fast Process Corner)
  Requirement:            0.000ns  (clk rise@0.000ns - clk rise@0.000ns)
  Data Path Delay:        0.514ns  (logic 0.227ns (44.149%)  route 0.287ns (55.851%))
  Logic Levels:           1  (LUT5=1)
  Clock Path Skew:        0.000ns (DCD - SCD - CPR)
    Destination Clock Delay (DCD):    1.964ns
    Source Clock Delay      (SCD):    1.448ns
    Clock Pessimism Removal (CPR):    0.516ns

    Location             Delay type                Incr(ns)  Path(ns)    Netlist Resource(s)
  -------------------------------------------------------------------    -------------------
                         (clock clk rise edge)        0.000     0.000 r  <hidden>
    F4                                                0.000     0.000 r  CLK
                         net (fo=0)                   0.000     0.000    CLK
    F4                   IBUF (Prop_ibuf_I_O)         0.194     0.194 r  CLK_IBUF_inst/O
                         net (fo=1, routed)           0.631     0.825    CLK_IBUF
    BUFGCTRL_X0Y16       BUFG (Prop_bufg_I_O)         0.026     0.851 r  CLK_IBUF_BUFG_inst/O
                         net (fo=10, routed)          0.597     1.448    CLK_IBUF_BUFG
    SLICE_X1Y3           FDCE                                         r  FSM_sequential_current_state_reg[1]/C
  -------------------------------------------------------------------    -------------------
    SLICE_X1Y3           FDCE (Prop_fdce_C_Q)         0.128     1.576 f  FSM_sequential_current_state_reg[1]/Q
                         net (fo=10, routed)          0.168     1.744    FSM_sequential_current_state_reg_n_0_[1]
    SLICE_X1Y3           LUT5 (Prop_lut5_I2_O)        0.099     1.843 r  FSM_sequential_current_state[1]_i_1/O
                         net (fo=2, routed)           0.119     1.962    FSM_sequential_current_state[1]_i_1_n_0
    SLICE_X1Y3           FDCE                                         r  FSM_sequential_current_state_reg[0]/CE
  -------------------------------------------------------------------    -------------------

                         (clock clk rise edge)        0.000     0.000 r  <hidden>
    F4                                                0.000     0.000 r  CLK
                         net (fo=0)                   0.000     0.000    CLK
    F4                   IBUF (Prop_ibuf_I_O)         0.383     0.383 r  CLK_IBUF_inst/O
                         net (fo=1, routed)           0.685     1.068    CLK_IBUF
    BUFGCTRL_X0Y16       BUFG (Prop_bufg_I_O)         0.029     1.097 r  CLK_IBUF_BUFG_inst/O
                         net (fo=10, routed)          0.868     1.964    CLK_IBUF_BUFG
    SLICE_X1Y3           FDCE                                         r  FSM_sequential_current_state_reg[0]/C
                         clock pessimism             -0.516     1.448    <hidden>
    SLICE_X1Y3           FDCE (Hold_fdce_C_CE)       -0.082     1.366    FSM_sequential_current_state_reg[0]
  -------------------------------------------------------------------
                         required time                         -1.366    <hidden>
                         arrival time                           1.962    <hidden>
  -------------------------------------------------------------------
                         slack                                  0.596    <hidden>

Slack (MET) :             0.596ns  (arrival time - required time)
  Source:                 FSM_sequential_current_state_reg[1]/C
                            (rising edge-triggered cell FDCE clocked by clk  {rise@0.000ns fall@5.000ns period=10.000ns})
  Destination:            FSM_sequential_current_state_reg[1]/CE
                            (rising edge-triggered cell FDCE clocked by clk  {rise@0.000ns fall@5.000ns period=10.000ns})
  Path Group:             clk
  Path Type:              Hold (Min at Fast Process Corner)
  Requirement:            0.000ns  (clk rise@0.000ns - clk rise@0.000ns)
  Data Path Delay:        0.514ns  (logic 0.227ns (44.149%)  route 0.287ns (55.851%))
  Logic Levels:           1  (LUT5=1)
  Clock Path Skew:        0.000ns (DCD - SCD - CPR)
    Destination Clock Delay (DCD):    1.964ns
    Source Clock Delay      (SCD):    1.448ns
    Clock Pessimism Removal (CPR):    0.516ns

    Location             Delay type                Incr(ns)  Path(ns)    Netlist Resource(s)
  -------------------------------------------------------------------    -------------------
                         (clock clk rise edge)        0.000     0.000 r  <hidden>
    F4                                                0.000     0.000 r  CLK
                         net (fo=0)                   0.000     0.000    CLK
    F4                   IBUF (Prop_ibuf_I_O)         0.194     0.194 r  CLK_IBUF_inst/O
                         net (fo=1, routed)           0.631     0.825    CLK_IBUF
    BUFGCTRL_X0Y16       BUFG (Prop_bufg_I_O)         0.026     0.851 r  CLK_IBUF_BUFG_inst/O
                         net (fo=10, routed)          0.597     1.448    CLK_IBUF_BUFG
    SLICE_X1Y3           FDCE                                         r  FSM_sequential_current_state_reg[1]/C
  -------------------------------------------------------------------    -------------------
    SLICE_X1Y3           FDCE (Prop_fdce_C_Q)         0.128     1.576 f  FSM_sequential_current_state_reg[1]/Q
                         net (fo=10, routed)          0.168     1.744    FSM_sequential_current_state_reg_n_0_[1]
    SLICE_X1Y3           LUT5 (Prop_lut5_I2_O)        0.099     1.843 r  FSM_sequential_current_state[1]_i_1/O
                         net (fo=2, routed)           0.119     1.962    FSM_sequential_current_state[1]_i_1_n_0
    SLICE_X1Y3           FDCE                                         r  FSM_sequential_current_state_reg[1]/CE
  -------------------------------------------------------------------    -------------------

                         (clock clk rise edge)        0.000     0.000 r  <hidden>
    F4                                                0.000     0.000 r  CLK
                         net (fo=0)                   0.000     0.000    CLK
    F4                   IBUF (Prop_ibuf_I_O)         0.383     0.383 r  CLK_IBUF_inst/O
                         net (fo=1, routed)           0.685     1.068    CLK_IBUF
    BUFGCTRL_X0Y16       BUFG (Prop_bufg_I_O)         0.029     1.097 r  CLK_IBUF_BUFG_inst/O
                         net (fo=10, routed)          0.868     1.964    CLK_IBUF_BUFG
    SLICE_X1Y3           FDCE                                         r  FSM_sequential_current_state_reg[1]/C
                         clock pessimism             -0.516     1.448    <hidden>
    SLICE_X1Y3           FDCE (Hold_fdce_C_CE)       -0.082     1.366    FSM_sequential_current_state_reg[1]
  -------------------------------------------------------------------
                         required time                         -1.366    <hidden>
                         arrival time                           1.962    <hidden>
  -------------------------------------------------------------------
                         slack                                  0.596    <hidden>





Pulse Width Checks
--------------------------------------------------------------------------------------
Clock Name:         clk
Waveform(ns):       { 0.000 5.000 }
Period(ns):         10.000
Sources:            { CLK }

Check Type        Corner  Lib Pin  Reference Pin  Required(ns)  Actual(ns)  Slack(ns)  Location        Pin
Min Period        n/a     BUFG/I   n/a            2.155         10.000      7.845      BUFGCTRL_X0Y16  CLK_IBUF_BUFG_inst/I
Min Period        n/a     FDCE/C   n/a            1.000         10.000      9.000      SLICE_X1Y3      FSM_sequential_current_state_reg[0]/C
Min Period        n/a     FDCE/C   n/a            1.000         10.000      9.000      SLICE_X1Y3      FSM_sequential_current_state_reg[1]/C
Min Period        n/a     FDCE/C   n/a            1.000         10.000      9.000      SLICE_X0Y4      PWR_FAULT_FLAG_reg/C
Min Period        n/a     FDCE/C   n/a            1.000         10.000      9.000      SLICE_X1Y2      RSTn_COPROC_reg/C
Min Period        n/a     FDCE/C   n/a            1.000         10.000      9.000      SLICE_X0Y2      RSTn_INTERCONN_reg/C
Min Period        n/a     FDCE/C   n/a            1.000         10.000      9.000      SLICE_X1Y4      RSTn_PERIPH_reg/C
Min Period        n/a     FDCE/C   n/a            1.000         10.000      9.000      SLICE_X0Y3      count_delay_reg[0]/C
Min Period        n/a     FDCE/C   n/a            1.000         10.000      9.000      SLICE_X0Y3      count_delay_reg[1]/C
Min Period        n/a     FDCE/C   n/a            1.000         10.000      9.000      SLICE_X0Y3      count_delay_reg[2]/C
Low Pulse Width   Slow    FDCE/C   n/a            0.500         5.000       4.500      SLICE_X1Y3      FSM_sequential_current_state_reg[0]/C
Low Pulse Width   Fast    FDCE/C   n/a            0.500         5.000       4.500      SLICE_X1Y3      FSM_sequential_current_state_reg[0]/C
Low Pulse Width   Slow    FDCE/C   n/a            0.500         5.000       4.500      SLICE_X1Y3      FSM_sequential_current_state_reg[1]/C
Low Pulse Width   Fast    FDCE/C   n/a            0.500         5.000       4.500      SLICE_X1Y3      FSM_sequential_current_state_reg[1]/C
Low Pulse Width   Slow    FDCE/C   n/a            0.500         5.000       4.500      SLICE_X0Y4      PWR_FAULT_FLAG_reg/C
Low Pulse Width   Fast    FDCE/C   n/a            0.500         5.000       4.500      SLICE_X0Y4      PWR_FAULT_FLAG_reg/C
Low Pulse Width   Slow    FDCE/C   n/a            0.500         5.000       4.500      SLICE_X1Y2      RSTn_COPROC_reg/C
Low Pulse Width   Fast    FDCE/C   n/a            0.500         5.000       4.500      SLICE_X1Y2      RSTn_COPROC_reg/C
Low Pulse Width   Slow    FDCE/C   n/a            0.500         5.000       4.500      SLICE_X0Y2      RSTn_INTERCONN_reg/C
Low Pulse Width   Fast    FDCE/C   n/a            0.500         5.000       4.500      SLICE_X0Y2      RSTn_INTERCONN_reg/C
High Pulse Width  Slow    FDCE/C   n/a            0.500         5.000       4.500      SLICE_X1Y3      FSM_sequential_current_state_reg[0]/C
High Pulse Width  Fast    FDCE/C   n/a            0.500         5.000       4.500      SLICE_X1Y3      FSM_sequential_current_state_reg[0]/C
High Pulse Width  Slow    FDCE/C   n/a            0.500         5.000       4.500      SLICE_X1Y3      FSM_sequential_current_state_reg[1]/C
High Pulse Width  Fast    FDCE/C   n/a            0.500         5.000       4.500      SLICE_X1Y3      FSM_sequential_current_state_reg[1]/C
High Pulse Width  Slow    FDCE/C   n/a            0.500         5.000       4.500      SLICE_X0Y4      PWR_FAULT_FLAG_reg/C
High Pulse Width  Fast    FDCE/C   n/a            0.500         5.000       4.500      SLICE_X0Y4      PWR_FAULT_FLAG_reg/C
High Pulse Width  Slow    FDCE/C   n/a            0.500         5.000       4.500      SLICE_X1Y2      RSTn_COPROC_reg/C
High Pulse Width  Fast    FDCE/C   n/a            0.500         5.000       4.500      SLICE_X1Y2      RSTn_COPROC_reg/C
High Pulse Width  Slow    FDCE/C   n/a            0.500         5.000       4.500      SLICE_X0Y2      RSTn_INTERCONN_reg/C
High Pulse Width  Fast    FDCE/C   n/a            0.500         5.000       4.500      SLICE_X0Y2      RSTn_INTERCONN_reg/C



--------------------------------------------------------------------------------------
Path Group:  (none)
From Clock:  clk
  To Clock:  

Max Delay             4 Endpoints
Min Delay             4 Endpoints
--------------------------------------------------------------------------------------


Max Delay Paths
--------------------------------------------------------------------------------------
Slack:                    inf
  Source:                 PWR_FAULT_FLAG_reg/C
                            (rising edge-triggered cell FDCE clocked by clk  {rise@0.000ns fall@5.000ns period=10.000ns})
  Destination:            PWR_FAULT_FLAG
                            (output port)
  Path Group:             (none)
  Path Type:              Max at Slow Process Corner
  Data Path Delay:        4.958ns  (logic 3.086ns (62.252%)  route 1.872ns (37.748%))
  Logic Levels:           1  (OBUF=1)
  Clock Uncertainty:      0.025ns  ((TSJ^2 + TIJ^2)^1/2 + DJ) / 2 + PE
    Total System Jitter     (TSJ):    0.050ns
    Total Input Jitter      (TIJ):    0.000ns
    Discrete Jitter          (DJ):    0.000ns
    Phase Error              (PE):    0.000ns

    Location             Delay type                Incr(ns)  Path(ns)    Netlist Resource(s)
  -------------------------------------------------------------------    -------------------
                         (clock clk rise edge)        0.000     0.000 r  <hidden>
    F4                                                0.000     0.000 r  CLK
                         net (fo=0)                   0.000     0.000    CLK
    F4                   IBUF (Prop_ibuf_I_O)         1.043     1.043 r  CLK_IBUF_inst/O
                         net (fo=1, routed)           1.967     3.010    CLK_IBUF
    BUFGCTRL_X0Y16       BUFG (Prop_bufg_I_O)         0.096     3.106 r  CLK_IBUF_BUFG_inst/O
                         net (fo=10, routed)          1.640     4.746    CLK_IBUF_BUFG
    SLICE_X0Y4           FDCE                                         r  PWR_FAULT_FLAG_reg/C
  -------------------------------------------------------------------    -------------------
    SLICE_X0Y4           FDCE (Prop_fdce_C_Q)         0.456     5.202 r  PWR_FAULT_FLAG_reg/Q
                         net (fo=1, routed)           1.872     7.074    PWR_FAULT_FLAG_OBUF
    T11                  OBUF (Prop_obuf_I_O)         2.630     9.704 r  PWR_FAULT_FLAG_OBUF_inst/O
                         net (fo=0)                   0.000     9.704    PWR_FAULT_FLAG
    T11                                                               r  PWR_FAULT_FLAG
  -------------------------------------------------------------------    -------------------

Slack:                    inf
  Source:                 RSTn_PERIPH_reg/C
                            (rising edge-triggered cell FDCE clocked by clk  {rise@0.000ns fall@5.000ns period=10.000ns})
  Destination:            RSTn_PERIPH
                            (output port)
  Path Group:             (none)
  Path Type:              Max at Slow Process Corner
  Data Path Delay:        4.889ns  (logic 3.085ns (63.089%)  route 1.805ns (36.911%))
  Logic Levels:           1  (OBUF=1)
  Clock Uncertainty:      0.025ns  ((TSJ^2 + TIJ^2)^1/2 + DJ) / 2 + PE
    Total System Jitter     (TSJ):    0.050ns
    Total Input Jitter      (TIJ):    0.000ns
    Discrete Jitter          (DJ):    0.000ns
    Phase Error              (PE):    0.000ns

    Location             Delay type                Incr(ns)  Path(ns)    Netlist Resource(s)
  -------------------------------------------------------------------    -------------------
                         (clock clk rise edge)        0.000     0.000 r  <hidden>
    F4                                                0.000     0.000 r  CLK
                         net (fo=0)                   0.000     0.000    CLK
    F4                   IBUF (Prop_ibuf_I_O)         1.043     1.043 r  CLK_IBUF_inst/O
                         net (fo=1, routed)           1.967     3.010    CLK_IBUF
    BUFGCTRL_X0Y16       BUFG (Prop_bufg_I_O)         0.096     3.106 r  CLK_IBUF_BUFG_inst/O
                         net (fo=10, routed)          1.640     4.746    CLK_IBUF_BUFG
    SLICE_X1Y4           FDCE                                         r  RSTn_PERIPH_reg/C
  -------------------------------------------------------------------    -------------------
    SLICE_X1Y4           FDCE (Prop_fdce_C_Q)         0.456     5.202 r  RSTn_PERIPH_reg/Q
                         net (fo=1, routed)           1.805     7.007    RSTn_PERIPH_OBUF
    U13                  OBUF (Prop_obuf_I_O)         2.629     9.635 r  RSTn_PERIPH_OBUF_inst/O
                         net (fo=0)                   0.000     9.635    RSTn_PERIPH
    U13                                                               r  RSTn_PERIPH
  -------------------------------------------------------------------    -------------------

Slack:                    inf
  Source:                 RSTn_COPROC_reg/C
                            (rising edge-triggered cell FDCE clocked by clk  {rise@0.000ns fall@5.000ns period=10.000ns})
  Destination:            RSTn_COPROC
                            (output port)
  Path Group:             (none)
  Path Type:              Max at Slow Process Corner
  Data Path Delay:        4.759ns  (logic 3.086ns (64.833%)  route 1.674ns (35.167%))
  Logic Levels:           1  (OBUF=1)
  Clock Uncertainty:      0.025ns  ((TSJ^2 + TIJ^2)^1/2 + DJ) / 2 + PE
    Total System Jitter     (TSJ):    0.050ns
    Total Input Jitter      (TIJ):    0.000ns
    Discrete Jitter          (DJ):    0.000ns
    Phase Error              (PE):    0.000ns

    Location             Delay type                Incr(ns)  Path(ns)    Netlist Resource(s)
  -------------------------------------------------------------------    -------------------
                         (clock clk rise edge)        0.000     0.000 r  <hidden>
    F4                                                0.000     0.000 r  CLK
                         net (fo=0)                   0.000     0.000    CLK
    F4                   IBUF (Prop_ibuf_I_O)         1.043     1.043 r  CLK_IBUF_inst/O
                         net (fo=1, routed)           1.967     3.010    CLK_IBUF
    BUFGCTRL_X0Y16       BUFG (Prop_bufg_I_O)         0.096     3.106 r  CLK_IBUF_BUFG_inst/O
                         net (fo=10, routed)          1.641     4.747    CLK_IBUF_BUFG
    SLICE_X1Y2           FDCE                                         r  RSTn_COPROC_reg/C
  -------------------------------------------------------------------    -------------------
    SLICE_X1Y2           FDCE (Prop_fdce_C_Q)         0.456     5.203 r  RSTn_COPROC_reg/Q
                         net (fo=1, routed)           1.674     6.877    RSTn_COPROC_OBUF
    R10                  OBUF (Prop_obuf_I_O)         2.630     9.506 r  RSTn_COPROC_OBUF_inst/O
                         net (fo=0)                   0.000     9.506    RSTn_COPROC
    R10                                                               r  RSTn_COPROC
  -------------------------------------------------------------------    -------------------

Slack:                    inf
  Source:                 RSTn_INTERCONN_reg/C
                            (rising edge-triggered cell FDCE clocked by clk  {rise@0.000ns fall@5.000ns period=10.000ns})
  Destination:            RSTn_INTERCONN
                            (output port)
  Path Group:             (none)
  Path Type:              Max at Slow Process Corner
  Data Path Delay:        4.629ns  (logic 3.096ns (66.881%)  route 1.533ns (33.119%))
  Logic Levels:           1  (OBUF=1)
  Clock Uncertainty:      0.025ns  ((TSJ^2 + TIJ^2)^1/2 + DJ) / 2 + PE
    Total System Jitter     (TSJ):    0.050ns
    Total Input Jitter      (TIJ):    0.000ns
    Discrete Jitter          (DJ):    0.000ns
    Phase Error              (PE):    0.000ns

    Location             Delay type                Incr(ns)  Path(ns)    Netlist Resource(s)
  -------------------------------------------------------------------    -------------------
                         (clock clk rise edge)        0.000     0.000 r  <hidden>
    F4                                                0.000     0.000 r  CLK
                         net (fo=0)                   0.000     0.000    CLK
    F4                   IBUF (Prop_ibuf_I_O)         1.043     1.043 r  CLK_IBUF_inst/O
                         net (fo=1, routed)           1.967     3.010    CLK_IBUF
    BUFGCTRL_X0Y16       BUFG (Prop_bufg_I_O)         0.096     3.106 r  CLK_IBUF_BUFG_inst/O
                         net (fo=10, routed)          1.641     4.747    CLK_IBUF_BUFG
    SLICE_X0Y2           FDCE                                         r  RSTn_INTERCONN_reg/C
  -------------------------------------------------------------------    -------------------
    SLICE_X0Y2           FDCE (Prop_fdce_C_Q)         0.456     5.203 r  RSTn_INTERCONN_reg/Q
                         net (fo=1, routed)           1.533     6.736    RSTn_INTERCONN_OBUF
    T9                   OBUF (Prop_obuf_I_O)         2.640     9.376 r  RSTn_INTERCONN_OBUF_inst/O
                         net (fo=0)                   0.000     9.376    RSTn_INTERCONN
    T9                                                                r  RSTn_INTERCONN
  -------------------------------------------------------------------    -------------------





Min Delay Paths
--------------------------------------------------------------------------------------
Slack:                    inf
  Source:                 RSTn_INTERCONN_reg/C
                            (rising edge-triggered cell FDCE clocked by clk  {rise@0.000ns fall@5.000ns period=10.000ns})
  Destination:            RSTn_INTERCONN
                            (output port)
  Path Group:             (none)
  Path Type:              Min at Fast Process Corner
  Data Path Delay:        1.583ns  (logic 1.297ns (81.924%)  route 0.286ns (18.076%))
  Logic Levels:           1  (OBUF=1)
  Clock Uncertainty:      0.025ns  ((TSJ^2 + TIJ^2)^1/2 + DJ) / 2 + PE
    Total System Jitter     (TSJ):    0.050ns
    Total Input Jitter      (TIJ):    0.000ns
    Discrete Jitter          (DJ):    0.000ns
    Phase Error              (PE):    0.000ns

    Location             Delay type                Incr(ns)  Path(ns)    Netlist Resource(s)
  -------------------------------------------------------------------    -------------------
                         (clock clk rise edge)        0.000     0.000 r  <hidden>
    F4                                                0.000     0.000 r  CLK
                         net (fo=0)                   0.000     0.000    CLK
    F4                   IBUF (Prop_ibuf_I_O)         0.194     0.194 r  CLK_IBUF_inst/O
                         net (fo=1, routed)           0.631     0.825    CLK_IBUF
    BUFGCTRL_X0Y16       BUFG (Prop_bufg_I_O)         0.026     0.851 r  CLK_IBUF_BUFG_inst/O
                         net (fo=10, routed)          0.598     1.449    CLK_IBUF_BUFG
    SLICE_X0Y2           FDCE                                         r  RSTn_INTERCONN_reg/C
  -------------------------------------------------------------------    -------------------
    SLICE_X0Y2           FDCE (Prop_fdce_C_Q)         0.141     1.590 r  RSTn_INTERCONN_reg/Q
                         net (fo=1, routed)           0.286     1.876    RSTn_INTERCONN_OBUF
    T9                   OBUF (Prop_obuf_I_O)         1.156     3.032 r  RSTn_INTERCONN_OBUF_inst/O
                         net (fo=0)                   0.000     3.032    RSTn_INTERCONN
    T9                                                                r  RSTn_INTERCONN
  -------------------------------------------------------------------    -------------------

Slack:                    inf
  Source:                 RSTn_COPROC_reg/C
                            (rising edge-triggered cell FDCE clocked by clk  {rise@0.000ns fall@5.000ns period=10.000ns})
  Destination:            RSTn_COPROC
                            (output port)
  Path Group:             (none)
  Path Type:              Min at Fast Process Corner
  Data Path Delay:        1.629ns  (logic 1.286ns (78.966%)  route 0.343ns (21.034%))
  Logic Levels:           1  (OBUF=1)
  Clock Uncertainty:      0.025ns  ((TSJ^2 + TIJ^2)^1/2 + DJ) / 2 + PE
    Total System Jitter     (TSJ):    0.050ns
    Total Input Jitter      (TIJ):    0.000ns
    Discrete Jitter          (DJ):    0.000ns
    Phase Error              (PE):    0.000ns

    Location             Delay type                Incr(ns)  Path(ns)    Netlist Resource(s)
  -------------------------------------------------------------------    -------------------
                         (clock clk rise edge)        0.000     0.000 r  <hidden>
    F4                                                0.000     0.000 r  CLK
                         net (fo=0)                   0.000     0.000    CLK
    F4                   IBUF (Prop_ibuf_I_O)         0.194     0.194 r  CLK_IBUF_inst/O
                         net (fo=1, routed)           0.631     0.825    CLK_IBUF
    BUFGCTRL_X0Y16       BUFG (Prop_bufg_I_O)         0.026     0.851 r  CLK_IBUF_BUFG_inst/O
                         net (fo=10, routed)          0.598     1.449    CLK_IBUF_BUFG
    SLICE_X1Y2           FDCE                                         r  RSTn_COPROC_reg/C
  -------------------------------------------------------------------    -------------------
    SLICE_X1Y2           FDCE (Prop_fdce_C_Q)         0.141     1.590 r  RSTn_COPROC_reg/Q
                         net (fo=1, routed)           0.343     1.932    RSTn_COPROC_OBUF
    R10                  OBUF (Prop_obuf_I_O)         1.145     3.078 r  RSTn_COPROC_OBUF_inst/O
                         net (fo=0)                   0.000     3.078    RSTn_COPROC
    R10                                                               r  RSTn_COPROC
  -------------------------------------------------------------------    -------------------

Slack:                    inf
  Source:                 RSTn_PERIPH_reg/C
                            (rising edge-triggered cell FDCE clocked by clk  {rise@0.000ns fall@5.000ns period=10.000ns})
  Destination:            RSTn_PERIPH
                            (output port)
  Path Group:             (none)
  Path Type:              Min at Fast Process Corner
  Data Path Delay:        1.669ns  (logic 1.285ns (77.015%)  route 0.384ns (22.985%))
  Logic Levels:           1  (OBUF=1)
  Clock Uncertainty:      0.025ns  ((TSJ^2 + TIJ^2)^1/2 + DJ) / 2 + PE
    Total System Jitter     (TSJ):    0.050ns
    Total Input Jitter      (TIJ):    0.000ns
    Discrete Jitter          (DJ):    0.000ns
    Phase Error              (PE):    0.000ns

    Location             Delay type                Incr(ns)  Path(ns)    Netlist Resource(s)
  -------------------------------------------------------------------    -------------------
                         (clock clk rise edge)        0.000     0.000 r  <hidden>
    F4                                                0.000     0.000 r  CLK
                         net (fo=0)                   0.000     0.000    CLK
    F4                   IBUF (Prop_ibuf_I_O)         0.194     0.194 r  CLK_IBUF_inst/O
                         net (fo=1, routed)           0.631     0.825    CLK_IBUF
    BUFGCTRL_X0Y16       BUFG (Prop_bufg_I_O)         0.026     0.851 r  CLK_IBUF_BUFG_inst/O
                         net (fo=10, routed)          0.597     1.448    CLK_IBUF_BUFG
    SLICE_X1Y4           FDCE                                         r  RSTn_PERIPH_reg/C
  -------------------------------------------------------------------    -------------------
    SLICE_X1Y4           FDCE (Prop_fdce_C_Q)         0.141     1.589 r  RSTn_PERIPH_reg/Q
                         net (fo=1, routed)           0.384     1.972    RSTn_PERIPH_OBUF
    U13                  OBUF (Prop_obuf_I_O)         1.144     3.117 r  RSTn_PERIPH_OBUF_inst/O
                         net (fo=0)                   0.000     3.117    RSTn_PERIPH
    U13                                                               r  RSTn_PERIPH
  -------------------------------------------------------------------    -------------------

Slack:                    inf
  Source:                 PWR_FAULT_FLAG_reg/C
                            (rising edge-triggered cell FDCE clocked by clk  {rise@0.000ns fall@5.000ns period=10.000ns})
  Destination:            PWR_FAULT_FLAG
                            (output port)
  Path Group:             (none)
  Path Type:              Min at Fast Process Corner
  Data Path Delay:        1.717ns  (logic 1.287ns (74.979%)  route 0.430ns (25.021%))
  Logic Levels:           1  (OBUF=1)
  Clock Uncertainty:      0.025ns  ((TSJ^2 + TIJ^2)^1/2 + DJ) / 2 + PE
    Total System Jitter     (TSJ):    0.050ns
    Total Input Jitter      (TIJ):    0.000ns
    Discrete Jitter          (DJ):    0.000ns
    Phase Error              (PE):    0.000ns

    Location             Delay type                Incr(ns)  Path(ns)    Netlist Resource(s)
  -------------------------------------------------------------------    -------------------
                         (clock clk rise edge)        0.000     0.000 r  <hidden>
    F4                                                0.000     0.000 r  CLK
                         net (fo=0)                   0.000     0.000    CLK
    F4                   IBUF (Prop_ibuf_I_O)         0.194     0.194 r  CLK_IBUF_inst/O
                         net (fo=1, routed)           0.631     0.825    CLK_IBUF
    BUFGCTRL_X0Y16       BUFG (Prop_bufg_I_O)         0.026     0.851 r  CLK_IBUF_BUFG_inst/O
                         net (fo=10, routed)          0.597     1.448    CLK_IBUF_BUFG
    SLICE_X0Y4           FDCE                                         r  PWR_FAULT_FLAG_reg/C
  -------------------------------------------------------------------    -------------------
    SLICE_X0Y4           FDCE (Prop_fdce_C_Q)         0.141     1.589 r  PWR_FAULT_FLAG_reg/Q
                         net (fo=1, routed)           0.430     2.018    PWR_FAULT_FLAG_OBUF
    T11                  OBUF (Prop_obuf_I_O)         1.146     3.165 r  PWR_FAULT_FLAG_OBUF_inst/O
                         net (fo=0)                   0.000     3.165    PWR_FAULT_FLAG
    T11                                                               r  PWR_FAULT_FLAG
  -------------------------------------------------------------------    -------------------





--------------------------------------------------------------------------------------
Path Group:  (none)
From Clock:  
  To Clock:  clk

Max Delay            26 Endpoints
Min Delay            26 Endpoints
--------------------------------------------------------------------------------------


Max Delay Paths
--------------------------------------------------------------------------------------
Slack:                    inf
  Source:                 VCCAUX_STABLE
                            (input port)
  Destination:            count_delay_reg[0]/CE
                            (rising edge-triggered cell FDCE clocked by clk  {rise@0.000ns fall@5.000ns period=10.000ns})
  Path Group:             (none)
  Path Type:              Setup (Max at Slow Process Corner)
  Data Path Delay:        3.259ns  (logic 1.168ns (35.836%)  route 2.091ns (64.164%))
  Logic Levels:           2  (IBUF=1 LUT2=1)
  Clock Path Skew:        4.307ns (DCD - SCD + CPR)
    Destination Clock Delay (DCD):    4.307ns
    Source Clock Delay      (SCD):    0.000ns
    Clock Pessimism Removal (CPR):    0.000ns
  Clock Uncertainty:      0.025ns  ((TSJ^2 + TIJ^2)^1/2 + DJ) / 2 + PE
    Total System Jitter     (TSJ):    0.050ns
    Total Input Jitter      (TIJ):    0.000ns
    Discrete Jitter          (DJ):    0.000ns
    Phase Error              (PE):    0.000ns

    Location             Delay type                Incr(ns)  Path(ns)    Netlist Resource(s)
  -------------------------------------------------------------------    -------------------
    T13                                               0.000     0.000 r  VCCAUX_STABLE
                         net (fo=0)                   0.000     0.000    VCCAUX_STABLE
    T13                  IBUF (Prop_ibuf_I_O)         1.044     1.044 r  VCCAUX_STABLE_IBUF_inst/O
                         net (fo=11, routed)          1.435     2.479    VCCAUX_STABLE_IBUF
    SLICE_X1Y3           LUT2 (Prop_lut2_I0_O)        0.124     2.603 r  count_delay[3]_i_1/O
                         net (fo=4, routed)           0.656     3.259    p_0_in
    SLICE_X0Y3           FDCE                                         r  count_delay_reg[0]/CE
  -------------------------------------------------------------------    -------------------

                         (clock clk rise edge)        0.000     0.000 r  <hidden>
    F4                                                0.000     0.000 r  CLK
                         net (fo=0)                   0.000     0.000    CLK
    F4                   IBUF (Prop_ibuf_I_O)         0.832     0.832 r  CLK_IBUF_inst/O
                         net (fo=1, routed)           1.862     2.694    CLK_IBUF
    BUFGCTRL_X0Y16       BUFG (Prop_bufg_I_O)         0.091     2.785 r  CLK_IBUF_BUFG_inst/O
                         net (fo=10, routed)          1.522     4.307    CLK_IBUF_BUFG
    SLICE_X0Y3           FDCE                                         r  count_delay_reg[0]/C

Slack:                    inf
  Source:                 VCCAUX_STABLE
                            (input port)
  Destination:            count_delay_reg[1]/CE
                            (rising edge-triggered cell FDCE clocked by clk  {rise@0.000ns fall@5.000ns period=10.000ns})
  Path Group:             (none)
  Path Type:              Setup (Max at Slow Process Corner)
  Data Path Delay:        3.259ns  (logic 1.168ns (35.836%)  route 2.091ns (64.164%))
  Logic Levels:           2  (IBUF=1 LUT2=1)
  Clock Path Skew:        4.307ns (DCD - SCD + CPR)
    Destination Clock Delay (DCD):    4.307ns
    Source Clock Delay      (SCD):    0.000ns
    Clock Pessimism Removal (CPR):    0.000ns
  Clock Uncertainty:      0.025ns  ((TSJ^2 + TIJ^2)^1/2 + DJ) / 2 + PE
    Total System Jitter     (TSJ):    0.050ns
    Total Input Jitter      (TIJ):    0.000ns
    Discrete Jitter          (DJ):    0.000ns
    Phase Error              (PE):    0.000ns

    Location             Delay type                Incr(ns)  Path(ns)    Netlist Resource(s)
  -------------------------------------------------------------------    -------------------
    T13                                               0.000     0.000 r  VCCAUX_STABLE
                         net (fo=0)                   0.000     0.000    VCCAUX_STABLE
    T13                  IBUF (Prop_ibuf_I_O)         1.044     1.044 r  VCCAUX_STABLE_IBUF_inst/O
                         net (fo=11, routed)          1.435     2.479    VCCAUX_STABLE_IBUF
    SLICE_X1Y3           LUT2 (Prop_lut2_I0_O)        0.124     2.603 r  count_delay[3]_i_1/O
                         net (fo=4, routed)           0.656     3.259    p_0_in
    SLICE_X0Y3           FDCE                                         r  count_delay_reg[1]/CE
  -------------------------------------------------------------------    -------------------

                         (clock clk rise edge)        0.000     0.000 r  <hidden>
    F4                                                0.000     0.000 r  CLK
                         net (fo=0)                   0.000     0.000    CLK
    F4                   IBUF (Prop_ibuf_I_O)         0.832     0.832 r  CLK_IBUF_inst/O
                         net (fo=1, routed)           1.862     2.694    CLK_IBUF
    BUFGCTRL_X0Y16       BUFG (Prop_bufg_I_O)         0.091     2.785 r  CLK_IBUF_BUFG_inst/O
                         net (fo=10, routed)          1.522     4.307    CLK_IBUF_BUFG
    SLICE_X0Y3           FDCE                                         r  count_delay_reg[1]/C

Slack:                    inf
  Source:                 VCCAUX_STABLE
                            (input port)
  Destination:            count_delay_reg[2]/CE
                            (rising edge-triggered cell FDCE clocked by clk  {rise@0.000ns fall@5.000ns period=10.000ns})
  Path Group:             (none)
  Path Type:              Setup (Max at Slow Process Corner)
  Data Path Delay:        3.259ns  (logic 1.168ns (35.836%)  route 2.091ns (64.164%))
  Logic Levels:           2  (IBUF=1 LUT2=1)
  Clock Path Skew:        4.307ns (DCD - SCD + CPR)
    Destination Clock Delay (DCD):    4.307ns
    Source Clock Delay      (SCD):    0.000ns
    Clock Pessimism Removal (CPR):    0.000ns
  Clock Uncertainty:      0.025ns  ((TSJ^2 + TIJ^2)^1/2 + DJ) / 2 + PE
    Total System Jitter     (TSJ):    0.050ns
    Total Input Jitter      (TIJ):    0.000ns
    Discrete Jitter          (DJ):    0.000ns
    Phase Error              (PE):    0.000ns

    Location             Delay type                Incr(ns)  Path(ns)    Netlist Resource(s)
  -------------------------------------------------------------------    -------------------
    T13                                               0.000     0.000 r  VCCAUX_STABLE
                         net (fo=0)                   0.000     0.000    VCCAUX_STABLE
    T13                  IBUF (Prop_ibuf_I_O)         1.044     1.044 r  VCCAUX_STABLE_IBUF_inst/O
                         net (fo=11, routed)          1.435     2.479    VCCAUX_STABLE_IBUF
    SLICE_X1Y3           LUT2 (Prop_lut2_I0_O)        0.124     2.603 r  count_delay[3]_i_1/O
                         net (fo=4, routed)           0.656     3.259    p_0_in
    SLICE_X0Y3           FDCE                                         r  count_delay_reg[2]/CE
  -------------------------------------------------------------------    -------------------

                         (clock clk rise edge)        0.000     0.000 r  <hidden>
    F4                                                0.000     0.000 r  CLK
                         net (fo=0)                   0.000     0.000    CLK
    F4                   IBUF (Prop_ibuf_I_O)         0.832     0.832 r  CLK_IBUF_inst/O
                         net (fo=1, routed)           1.862     2.694    CLK_IBUF
    BUFGCTRL_X0Y16       BUFG (Prop_bufg_I_O)         0.091     2.785 r  CLK_IBUF_BUFG_inst/O
                         net (fo=10, routed)          1.522     4.307    CLK_IBUF_BUFG
    SLICE_X0Y3           FDCE                                         r  count_delay_reg[2]/C

Slack:                    inf
  Source:                 VCCAUX_STABLE
                            (input port)
  Destination:            count_delay_reg[3]/CE
                            (rising edge-triggered cell FDCE clocked by clk  {rise@0.000ns fall@5.000ns period=10.000ns})
  Path Group:             (none)
  Path Type:              Setup (Max at Slow Process Corner)
  Data Path Delay:        3.259ns  (logic 1.168ns (35.836%)  route 2.091ns (64.164%))
  Logic Levels:           2  (IBUF=1 LUT2=1)
  Clock Path Skew:        4.307ns (DCD - SCD + CPR)
    Destination Clock Delay (DCD):    4.307ns
    Source Clock Delay      (SCD):    0.000ns
    Clock Pessimism Removal (CPR):    0.000ns
  Clock Uncertainty:      0.025ns  ((TSJ^2 + TIJ^2)^1/2 + DJ) / 2 + PE
    Total System Jitter     (TSJ):    0.050ns
    Total Input Jitter      (TIJ):    0.000ns
    Discrete Jitter          (DJ):    0.000ns
    Phase Error              (PE):    0.000ns

    Location             Delay type                Incr(ns)  Path(ns)    Netlist Resource(s)
  -------------------------------------------------------------------    -------------------
    T13                                               0.000     0.000 r  VCCAUX_STABLE
                         net (fo=0)                   0.000     0.000    VCCAUX_STABLE
    T13                  IBUF (Prop_ibuf_I_O)         1.044     1.044 r  VCCAUX_STABLE_IBUF_inst/O
                         net (fo=11, routed)          1.435     2.479    VCCAUX_STABLE_IBUF
    SLICE_X1Y3           LUT2 (Prop_lut2_I0_O)        0.124     2.603 r  count_delay[3]_i_1/O
                         net (fo=4, routed)           0.656     3.259    p_0_in
    SLICE_X0Y3           FDCE                                         r  count_delay_reg[3]/CE
  -------------------------------------------------------------------    -------------------

                         (clock clk rise edge)        0.000     0.000 r  <hidden>
    F4                                                0.000     0.000 r  CLK
                         net (fo=0)                   0.000     0.000    CLK
    F4                   IBUF (Prop_ibuf_I_O)         0.832     0.832 r  CLK_IBUF_inst/O
                         net (fo=1, routed)           1.862     2.694    CLK_IBUF
    BUFGCTRL_X0Y16       BUFG (Prop_bufg_I_O)         0.091     2.785 r  CLK_IBUF_BUFG_inst/O
                         net (fo=10, routed)          1.522     4.307    CLK_IBUF_BUFG
    SLICE_X0Y3           FDCE                                         r  count_delay_reg[3]/C

Slack:                    inf
  Source:                 VCCAUX_STABLE
                            (input port)
  Destination:            PWR_FAULT_FLAG_reg/CE
                            (rising edge-triggered cell FDCE clocked by clk  {rise@0.000ns fall@5.000ns period=10.000ns})
  Path Group:             (none)
  Path Type:              Setup (Max at Slow Process Corner)
  Data Path Delay:        3.234ns  (logic 1.198ns (37.046%)  route 2.036ns (62.954%))
  Logic Levels:           2  (IBUF=1 LUT4=1)
  Clock Path Skew:        4.307ns (DCD - SCD + CPR)
    Destination Clock Delay (DCD):    4.307ns
    Source Clock Delay      (SCD):    0.000ns
    Clock Pessimism Removal (CPR):    0.000ns
  Clock Uncertainty:      0.025ns  ((TSJ^2 + TIJ^2)^1/2 + DJ) / 2 + PE
    Total System Jitter     (TSJ):    0.050ns
    Total Input Jitter      (TIJ):    0.000ns
    Discrete Jitter          (DJ):    0.000ns
    Phase Error              (PE):    0.000ns

    Location             Delay type                Incr(ns)  Path(ns)    Netlist Resource(s)
  -------------------------------------------------------------------    -------------------
    T13                                               0.000     0.000 f  VCCAUX_STABLE
                         net (fo=0)                   0.000     0.000    VCCAUX_STABLE
    T13                  IBUF (Prop_ibuf_I_O)         1.044     1.044 f  VCCAUX_STABLE_IBUF_inst/O
                         net (fo=11, routed)          1.434     2.478    VCCAUX_STABLE_IBUF
    SLICE_X0Y3           LUT4 (Prop_lut4_I2_O)        0.154     2.632 r  PWR_FAULT_FLAG_i_1/O
                         net (fo=1, routed)           0.602     3.234    PWR_FAULT_FLAG_i_1_n_0
    SLICE_X0Y4           FDCE                                         r  PWR_FAULT_FLAG_reg/CE
  -------------------------------------------------------------------    -------------------

                         (clock clk rise edge)        0.000     0.000 r  <hidden>
    F4                                                0.000     0.000 r  CLK
                         net (fo=0)                   0.000     0.000    CLK
    F4                   IBUF (Prop_ibuf_I_O)         0.832     0.832 r  CLK_IBUF_inst/O
                         net (fo=1, routed)           1.862     2.694    CLK_IBUF
    BUFGCTRL_X0Y16       BUFG (Prop_bufg_I_O)         0.091     2.785 r  CLK_IBUF_BUFG_inst/O
                         net (fo=10, routed)          1.522     4.307    CLK_IBUF_BUFG
    SLICE_X0Y4           FDCE                                         r  PWR_FAULT_FLAG_reg/C

Slack:                    inf
  Source:                 VCCINT_STABLE
                            (input port)
  Destination:            RSTn_PERIPH_reg/D
                            (rising edge-triggered cell FDCE clocked by clk  {rise@0.000ns fall@5.000ns period=10.000ns})
  Path Group:             (none)
  Path Type:              Setup (Max at Slow Process Corner)
  Data Path Delay:        3.187ns  (logic 1.194ns (37.475%)  route 1.993ns (62.525%))
  Logic Levels:           2  (IBUF=1 LUT3=1)
  Clock Path Skew:        4.307ns (DCD - SCD + CPR)
    Destination Clock Delay (DCD):    4.307ns
    Source Clock Delay      (SCD):    0.000ns
    Clock Pessimism Removal (CPR):    0.000ns
  Clock Uncertainty:      0.025ns  ((TSJ^2 + TIJ^2)^1/2 + DJ) / 2 + PE
    Total System Jitter     (TSJ):    0.050ns
    Total Input Jitter      (TIJ):    0.000ns
    Discrete Jitter          (DJ):    0.000ns
    Phase Error              (PE):    0.000ns

    Location             Delay type                Incr(ns)  Path(ns)    Netlist Resource(s)
  -------------------------------------------------------------------    -------------------
    V14                                               0.000     0.000 r  VCCINT_STABLE
                         net (fo=0)                   0.000     0.000    VCCINT_STABLE
    V14                  IBUF (Prop_ibuf_I_O)         1.042     1.042 r  VCCINT_STABLE_IBUF_inst/O
                         net (fo=11, routed)          1.436     2.478    VCCINT_STABLE_IBUF
    SLICE_X1Y3           LUT3 (Prop_lut3_I1_O)        0.152     2.630 r  RSTn_PERIPH_i_2/O
                         net (fo=2, routed)           0.557     3.187    RSTn_PERIPH_i_2_n_0
    SLICE_X1Y4           FDCE                                         r  RSTn_PERIPH_reg/D
  -------------------------------------------------------------------    -------------------

                         (clock clk rise edge)        0.000     0.000 r  <hidden>
    F4                                                0.000     0.000 r  CLK
                         net (fo=0)                   0.000     0.000    CLK
    F4                   IBUF (Prop_ibuf_I_O)         0.832     0.832 r  CLK_IBUF_inst/O
                         net (fo=1, routed)           1.862     2.694    CLK_IBUF
    BUFGCTRL_X0Y16       BUFG (Prop_bufg_I_O)         0.091     2.785 r  CLK_IBUF_BUFG_inst/O
                         net (fo=10, routed)          1.522     4.307    CLK_IBUF_BUFG
    SLICE_X1Y4           FDCE                                         r  RSTn_PERIPH_reg/C

Slack:                    inf
  Source:                 VCCINT_STABLE
                            (input port)
  Destination:            RSTn_COPROC_reg/D
                            (rising edge-triggered cell FDCE clocked by clk  {rise@0.000ns fall@5.000ns period=10.000ns})
  Path Group:             (none)
  Path Type:              Setup (Max at Slow Process Corner)
  Data Path Delay:        3.126ns  (logic 1.194ns (38.216%)  route 1.931ns (61.784%))
  Logic Levels:           2  (IBUF=1 LUT3=1)
  Clock Path Skew:        4.308ns (DCD - SCD + CPR)
    Destination Clock Delay (DCD):    4.308ns
    Source Clock Delay      (SCD):    0.000ns
    Clock Pessimism Removal (CPR):    0.000ns
  Clock Uncertainty:      0.025ns  ((TSJ^2 + TIJ^2)^1/2 + DJ) / 2 + PE
    Total System Jitter     (TSJ):    0.050ns
    Total Input Jitter      (TIJ):    0.000ns
    Discrete Jitter          (DJ):    0.000ns
    Phase Error              (PE):    0.000ns

    Location             Delay type                Incr(ns)  Path(ns)    Netlist Resource(s)
  -------------------------------------------------------------------    -------------------
    V14                                               0.000     0.000 r  VCCINT_STABLE
                         net (fo=0)                   0.000     0.000    VCCINT_STABLE
    V14                  IBUF (Prop_ibuf_I_O)         1.042     1.042 r  VCCINT_STABLE_IBUF_inst/O
                         net (fo=11, routed)          1.436     2.478    VCCINT_STABLE_IBUF
    SLICE_X1Y3           LUT3 (Prop_lut3_I1_O)        0.152     2.630 r  RSTn_PERIPH_i_2/O
                         net (fo=2, routed)           0.495     3.126    RSTn_PERIPH_i_2_n_0
    SLICE_X1Y2           FDCE                                         r  RSTn_COPROC_reg/D
  -------------------------------------------------------------------    -------------------

                         (clock clk rise edge)        0.000     0.000 r  <hidden>
    F4                                                0.000     0.000 r  CLK
                         net (fo=0)                   0.000     0.000    CLK
    F4                   IBUF (Prop_ibuf_I_O)         0.832     0.832 r  CLK_IBUF_inst/O
                         net (fo=1, routed)           1.862     2.694    CLK_IBUF
    BUFGCTRL_X0Y16       BUFG (Prop_bufg_I_O)         0.091     2.785 r  CLK_IBUF_BUFG_inst/O
                         net (fo=10, routed)          1.523     4.308    CLK_IBUF_BUFG
    SLICE_X1Y2           FDCE                                         r  RSTn_COPROC_reg/C

Slack:                    inf
  Source:                 VCCAUX_STABLE
                            (input port)
  Destination:            RSTn_COPROC_reg/CE
                            (rising edge-triggered cell FDCE clocked by clk  {rise@0.000ns fall@5.000ns period=10.000ns})
  Path Group:             (none)
  Path Type:              Setup (Max at Slow Process Corner)
  Data Path Delay:        3.069ns  (logic 1.168ns (38.054%)  route 1.901ns (61.946%))
  Logic Levels:           2  (IBUF=1 LUT4=1)
  Clock Path Skew:        4.308ns (DCD - SCD + CPR)
    Destination Clock Delay (DCD):    4.308ns
    Source Clock Delay      (SCD):    0.000ns
    Clock Pessimism Removal (CPR):    0.000ns
  Clock Uncertainty:      0.025ns  ((TSJ^2 + TIJ^2)^1/2 + DJ) / 2 + PE
    Total System Jitter     (TSJ):    0.050ns
    Total Input Jitter      (TIJ):    0.000ns
    Discrete Jitter          (DJ):    0.000ns
    Phase Error              (PE):    0.000ns

    Location             Delay type                Incr(ns)  Path(ns)    Netlist Resource(s)
  -------------------------------------------------------------------    -------------------
    T13                                               0.000     0.000 f  VCCAUX_STABLE
                         net (fo=0)                   0.000     0.000    VCCAUX_STABLE
    T13                  IBUF (Prop_ibuf_I_O)         1.044     1.044 f  VCCAUX_STABLE_IBUF_inst/O
                         net (fo=11, routed)          1.430     2.474    VCCAUX_STABLE_IBUF
    SLICE_X1Y3           LUT4 (Prop_lut4_I0_O)        0.124     2.598 r  RSTn_COPROC_i_1/O
                         net (fo=1, routed)           0.471     3.069    RSTn_COPROC_i_1_n_0
    SLICE_X1Y2           FDCE                                         r  RSTn_COPROC_reg/CE
  -------------------------------------------------------------------    -------------------

                         (clock clk rise edge)        0.000     0.000 r  <hidden>
    F4                                                0.000     0.000 r  CLK
                         net (fo=0)                   0.000     0.000    CLK
    F4                   IBUF (Prop_ibuf_I_O)         0.832     0.832 r  CLK_IBUF_inst/O
                         net (fo=1, routed)           1.862     2.694    CLK_IBUF
    BUFGCTRL_X0Y16       BUFG (Prop_bufg_I_O)         0.091     2.785 r  CLK_IBUF_BUFG_inst/O
                         net (fo=10, routed)          1.523     4.308    CLK_IBUF_BUFG
    SLICE_X1Y2           FDCE                                         r  RSTn_COPROC_reg/C

Slack:                    inf
  Source:                 VCCAUX_STABLE
                            (input port)
  Destination:            FSM_sequential_current_state_reg[0]/CE
                            (rising edge-triggered cell FDCE clocked by clk  {rise@0.000ns fall@5.000ns period=10.000ns})
  Path Group:             (none)
  Path Type:              Setup (Max at Slow Process Corner)
  Data Path Delay:        3.010ns  (logic 1.198ns (39.799%)  route 1.812ns (60.201%))
  Logic Levels:           2  (IBUF=1 LUT5=1)
  Clock Path Skew:        4.307ns (DCD - SCD + CPR)
    Destination Clock Delay (DCD):    4.307ns
    Source Clock Delay      (SCD):    0.000ns
    Clock Pessimism Removal (CPR):    0.000ns
  Clock Uncertainty:      0.025ns  ((TSJ^2 + TIJ^2)^1/2 + DJ) / 2 + PE
    Total System Jitter     (TSJ):    0.050ns
    Total Input Jitter      (TIJ):    0.000ns
    Discrete Jitter          (DJ):    0.000ns
    Phase Error              (PE):    0.000ns

    Location             Delay type                Incr(ns)  Path(ns)    Netlist Resource(s)
  -------------------------------------------------------------------    -------------------
    T13                                               0.000     0.000 f  VCCAUX_STABLE
                         net (fo=0)                   0.000     0.000    VCCAUX_STABLE
    T13                  IBUF (Prop_ibuf_I_O)         1.044     1.044 f  VCCAUX_STABLE_IBUF_inst/O
                         net (fo=11, routed)          1.430     2.474    VCCAUX_STABLE_IBUF
    SLICE_X1Y3           LUT5 (Prop_lut5_I3_O)        0.154     2.628 r  FSM_sequential_current_state[1]_i_1/O
                         net (fo=2, routed)           0.382     3.010    FSM_sequential_current_state[1]_i_1_n_0
    SLICE_X1Y3           FDCE                                         r  FSM_sequential_current_state_reg[0]/CE
  -------------------------------------------------------------------    -------------------

                         (clock clk rise edge)        0.000     0.000 r  <hidden>
    F4                                                0.000     0.000 r  CLK
                         net (fo=0)                   0.000     0.000    CLK
    F4                   IBUF (Prop_ibuf_I_O)         0.832     0.832 r  CLK_IBUF_inst/O
                         net (fo=1, routed)           1.862     2.694    CLK_IBUF
    BUFGCTRL_X0Y16       BUFG (Prop_bufg_I_O)         0.091     2.785 r  CLK_IBUF_BUFG_inst/O
                         net (fo=10, routed)          1.522     4.307    CLK_IBUF_BUFG
    SLICE_X1Y3           FDCE                                         r  FSM_sequential_current_state_reg[0]/C

Slack:                    inf
  Source:                 VCCAUX_STABLE
                            (input port)
  Destination:            FSM_sequential_current_state_reg[1]/CE
                            (rising edge-triggered cell FDCE clocked by clk  {rise@0.000ns fall@5.000ns period=10.000ns})
  Path Group:             (none)
  Path Type:              Setup (Max at Slow Process Corner)
  Data Path Delay:        3.010ns  (logic 1.198ns (39.799%)  route 1.812ns (60.201%))
  Logic Levels:           2  (IBUF=1 LUT5=1)
  Clock Path Skew:        4.307ns (DCD - SCD + CPR)
    Destination Clock Delay (DCD):    4.307ns
    Source Clock Delay      (SCD):    0.000ns
    Clock Pessimism Removal (CPR):    0.000ns
  Clock Uncertainty:      0.025ns  ((TSJ^2 + TIJ^2)^1/2 + DJ) / 2 + PE
    Total System Jitter     (TSJ):    0.050ns
    Total Input Jitter      (TIJ):    0.000ns
    Discrete Jitter          (DJ):    0.000ns
    Phase Error              (PE):    0.000ns

    Location             Delay type                Incr(ns)  Path(ns)    Netlist Resource(s)
  -------------------------------------------------------------------    -------------------
    T13                                               0.000     0.000 f  VCCAUX_STABLE
                         net (fo=0)                   0.000     0.000    VCCAUX_STABLE
    T13                  IBUF (Prop_ibuf_I_O)         1.044     1.044 f  VCCAUX_STABLE_IBUF_inst/O
                         net (fo=11, routed)          1.430     2.474    VCCAUX_STABLE_IBUF
    SLICE_X1Y3           LUT5 (Prop_lut5_I3_O)        0.154     2.628 r  FSM_sequential_current_state[1]_i_1/O
                         net (fo=2, routed)           0.382     3.010    FSM_sequential_current_state[1]_i_1_n_0
    SLICE_X1Y3           FDCE                                         r  FSM_sequential_current_state_reg[1]/CE
  -------------------------------------------------------------------    -------------------

                         (clock clk rise edge)        0.000     0.000 r  <hidden>
    F4                                                0.000     0.000 r  CLK
                         net (fo=0)                   0.000     0.000    CLK
    F4                   IBUF (Prop_ibuf_I_O)         0.832     0.832 r  CLK_IBUF_inst/O
                         net (fo=1, routed)           1.862     2.694    CLK_IBUF
    BUFGCTRL_X0Y16       BUFG (Prop_bufg_I_O)         0.091     2.785 r  CLK_IBUF_BUFG_inst/O
                         net (fo=10, routed)          1.522     4.307    CLK_IBUF_BUFG
    SLICE_X1Y3           FDCE                                         r  FSM_sequential_current_state_reg[1]/C





Min Delay Paths
--------------------------------------------------------------------------------------
Slack:                    inf
  Source:                 VCCINT_STABLE
                            (input port)
  Destination:            PWR_FAULT_FLAG_reg/D
                            (rising edge-triggered cell FDCE clocked by clk  {rise@0.000ns fall@5.000ns period=10.000ns})
  Path Group:             (none)
  Path Type:              Hold (Min at Fast Process Corner)
  Data Path Delay:        0.604ns  (logic 0.238ns (39.476%)  route 0.365ns (60.524%))
  Logic Levels:           2  (IBUF=1 LUT2=1)
  Clock Path Skew:        1.964ns (DCD - SCD - CPR)
    Destination Clock Delay (DCD):    1.964ns
    Source Clock Delay      (SCD):    0.000ns
    Clock Pessimism Removal (CPR):    -0.000ns

    Location             Delay type                Incr(ns)  Path(ns)    Netlist Resource(s)
  -------------------------------------------------------------------    -------------------
    V14                                               0.000     0.000 f  VCCINT_STABLE
                         net (fo=0)                   0.000     0.000    VCCINT_STABLE
    V14                  IBUF (Prop_ibuf_I_O)         0.193     0.193 f  VCCINT_STABLE_IBUF_inst/O
                         net (fo=11, routed)          0.365     0.559    VCCINT_STABLE_IBUF
    SLICE_X0Y4           LUT2 (Prop_lut2_I0_O)        0.045     0.604 r  PWR_FAULT_FLAG_i_2/O
                         net (fo=1, routed)           0.000     0.604    PWR_FAULT_FLAG_i_2_n_0
    SLICE_X0Y4           FDCE                                         r  PWR_FAULT_FLAG_reg/D
  -------------------------------------------------------------------    -------------------

                         (clock clk rise edge)        0.000     0.000 r  <hidden>
    F4                                                0.000     0.000 r  CLK
                         net (fo=0)                   0.000     0.000    CLK
    F4                   IBUF (Prop_ibuf_I_O)         0.383     0.383 r  CLK_IBUF_inst/O
                         net (fo=1, routed)           0.685     1.068    CLK_IBUF
    BUFGCTRL_X0Y16       BUFG (Prop_bufg_I_O)         0.029     1.097 r  CLK_IBUF_BUFG_inst/O
                         net (fo=10, routed)          0.868     1.964    CLK_IBUF_BUFG
    SLICE_X0Y4           FDCE                                         r  PWR_FAULT_FLAG_reg/C

Slack:                    inf
  Source:                 VCCAUX_STABLE
                            (input port)
  Destination:            FSM_sequential_current_state_reg[0]/D
                            (rising edge-triggered cell FDCE clocked by clk  {rise@0.000ns fall@5.000ns period=10.000ns})
  Path Group:             (none)
  Path Type:              Hold (Min at Fast Process Corner)
  Data Path Delay:        0.673ns  (logic 0.240ns (35.648%)  route 0.433ns (64.352%))
  Logic Levels:           2  (IBUF=1 LUT3=1)
  Clock Path Skew:        1.964ns (DCD - SCD - CPR)
    Destination Clock Delay (DCD):    1.964ns
    Source Clock Delay      (SCD):    0.000ns
    Clock Pessimism Removal (CPR):    -0.000ns

    Location             Delay type                Incr(ns)  Path(ns)    Netlist Resource(s)
  -------------------------------------------------------------------    -------------------
    T13                                               0.000     0.000 r  VCCAUX_STABLE
                         net (fo=0)                   0.000     0.000    VCCAUX_STABLE
    T13                  IBUF (Prop_ibuf_I_O)         0.195     0.195 r  VCCAUX_STABLE_IBUF_inst/O
                         net (fo=11, routed)          0.433     0.628    VCCAUX_STABLE_IBUF
    SLICE_X1Y3           LUT3 (Prop_lut3_I1_O)        0.045     0.673 r  FSM_sequential_current_state[0]_i_1/O
                         net (fo=1, routed)           0.000     0.673    FSM_sequential_current_state[0]_i_1_n_0
    SLICE_X1Y3           FDCE                                         r  FSM_sequential_current_state_reg[0]/D
  -------------------------------------------------------------------    -------------------

                         (clock clk rise edge)        0.000     0.000 r  <hidden>
    F4                                                0.000     0.000 r  CLK
                         net (fo=0)                   0.000     0.000    CLK
    F4                   IBUF (Prop_ibuf_I_O)         0.383     0.383 r  CLK_IBUF_inst/O
                         net (fo=1, routed)           0.685     1.068    CLK_IBUF
    BUFGCTRL_X0Y16       BUFG (Prop_bufg_I_O)         0.029     1.097 r  CLK_IBUF_BUFG_inst/O
                         net (fo=10, routed)          0.868     1.964    CLK_IBUF_BUFG
    SLICE_X1Y3           FDCE                                         r  FSM_sequential_current_state_reg[0]/C

Slack:                    inf
  Source:                 VCCAUX_STABLE
                            (input port)
  Destination:            FSM_sequential_current_state_reg[1]/D
                            (rising edge-triggered cell FDCE clocked by clk  {rise@0.000ns fall@5.000ns period=10.000ns})
  Path Group:             (none)
  Path Type:              Hold (Min at Fast Process Corner)
  Data Path Delay:        0.676ns  (logic 0.243ns (35.933%)  route 0.433ns (64.067%))
  Logic Levels:           2  (IBUF=1 LUT4=1)
  Clock Path Skew:        1.964ns (DCD - SCD - CPR)
    Destination Clock Delay (DCD):    1.964ns
    Source Clock Delay      (SCD):    0.000ns
    Clock Pessimism Removal (CPR):    -0.000ns

    Location             Delay type                Incr(ns)  Path(ns)    Netlist Resource(s)
  -------------------------------------------------------------------    -------------------
    T13                                               0.000     0.000 r  VCCAUX_STABLE
                         net (fo=0)                   0.000     0.000    VCCAUX_STABLE
    T13                  IBUF (Prop_ibuf_I_O)         0.195     0.195 r  VCCAUX_STABLE_IBUF_inst/O
                         net (fo=11, routed)          0.433     0.628    VCCAUX_STABLE_IBUF
    SLICE_X1Y3           LUT4 (Prop_lut4_I1_O)        0.048     0.676 r  FSM_sequential_current_state[1]_i_2/O
                         net (fo=1, routed)           0.000     0.676    FSM_sequential_current_state[1]_i_2_n_0
    SLICE_X1Y3           FDCE                                         r  FSM_sequential_current_state_reg[1]/D
  -------------------------------------------------------------------    -------------------

                         (clock clk rise edge)        0.000     0.000 r  <hidden>
    F4                                                0.000     0.000 r  CLK
                         net (fo=0)                   0.000     0.000    CLK
    F4                   IBUF (Prop_ibuf_I_O)         0.383     0.383 r  CLK_IBUF_inst/O
                         net (fo=1, routed)           0.685     1.068    CLK_IBUF
    BUFGCTRL_X0Y16       BUFG (Prop_bufg_I_O)         0.029     1.097 r  CLK_IBUF_BUFG_inst/O
                         net (fo=10, routed)          0.868     1.964    CLK_IBUF_BUFG
    SLICE_X1Y3           FDCE                                         r  FSM_sequential_current_state_reg[1]/C

Slack:                    inf
  Source:                 VCCINT_STABLE
                            (input port)
  Destination:            FSM_sequential_current_state_reg[0]/CE
                            (rising edge-triggered cell FDCE clocked by clk  {rise@0.000ns fall@5.000ns period=10.000ns})
  Path Group:             (none)
  Path Type:              Hold (Min at Fast Process Corner)
  Data Path Delay:        0.785ns  (logic 0.244ns (31.116%)  route 0.541ns (68.884%))
  Logic Levels:           2  (IBUF=1 LUT5=1)
  Clock Path Skew:        1.964ns (DCD - SCD - CPR)
    Destination Clock Delay (DCD):    1.964ns
    Source Clock Delay      (SCD):    0.000ns
    Clock Pessimism Removal (CPR):    -0.000ns

    Location             Delay type                Incr(ns)  Path(ns)    Netlist Resource(s)
  -------------------------------------------------------------------    -------------------
    V14                                               0.000     0.000 f  VCCINT_STABLE
                         net (fo=0)                   0.000     0.000    VCCINT_STABLE
    V14                  IBUF (Prop_ibuf_I_O)         0.193     0.193 f  VCCINT_STABLE_IBUF_inst/O
                         net (fo=11, routed)          0.422     0.615    VCCINT_STABLE_IBUF
    SLICE_X1Y3           LUT5 (Prop_lut5_I4_O)        0.051     0.666 r  FSM_sequential_current_state[1]_i_1/O
                         net (fo=2, routed)           0.119     0.785    FSM_sequential_current_state[1]_i_1_n_0
    SLICE_X1Y3           FDCE                                         r  FSM_sequential_current_state_reg[0]/CE
  -------------------------------------------------------------------    -------------------

                         (clock clk rise edge)        0.000     0.000 r  <hidden>
    F4                                                0.000     0.000 r  CLK
                         net (fo=0)                   0.000     0.000    CLK
    F4                   IBUF (Prop_ibuf_I_O)         0.383     0.383 r  CLK_IBUF_inst/O
                         net (fo=1, routed)           0.685     1.068    CLK_IBUF
    BUFGCTRL_X0Y16       BUFG (Prop_bufg_I_O)         0.029     1.097 r  CLK_IBUF_BUFG_inst/O
                         net (fo=10, routed)          0.868     1.964    CLK_IBUF_BUFG
    SLICE_X1Y3           FDCE                                         r  FSM_sequential_current_state_reg[0]/C

Slack:                    inf
  Source:                 VCCINT_STABLE
                            (input port)
  Destination:            FSM_sequential_current_state_reg[1]/CE
                            (rising edge-triggered cell FDCE clocked by clk  {rise@0.000ns fall@5.000ns period=10.000ns})
  Path Group:             (none)
  Path Type:              Hold (Min at Fast Process Corner)
  Data Path Delay:        0.785ns  (logic 0.244ns (31.116%)  route 0.541ns (68.884%))
  Logic Levels:           2  (IBUF=1 LUT5=1)
  Clock Path Skew:        1.964ns (DCD - SCD - CPR)
    Destination Clock Delay (DCD):    1.964ns
    Source Clock Delay      (SCD):    0.000ns
    Clock Pessimism Removal (CPR):    -0.000ns

    Location             Delay type                Incr(ns)  Path(ns)    Netlist Resource(s)
  -------------------------------------------------------------------    -------------------
    V14                                               0.000     0.000 f  VCCINT_STABLE
                         net (fo=0)                   0.000     0.000    VCCINT_STABLE
    V14                  IBUF (Prop_ibuf_I_O)         0.193     0.193 f  VCCINT_STABLE_IBUF_inst/O
                         net (fo=11, routed)          0.422     0.615    VCCINT_STABLE_IBUF
    SLICE_X1Y3           LUT5 (Prop_lut5_I4_O)        0.051     0.666 r  FSM_sequential_current_state[1]_i_1/O
                         net (fo=2, routed)           0.119     0.785    FSM_sequential_current_state[1]_i_1_n_0
    SLICE_X1Y3           FDCE                                         r  FSM_sequential_current_state_reg[1]/CE
  -------------------------------------------------------------------    -------------------

                         (clock clk rise edge)        0.000     0.000 r  <hidden>
    F4                                                0.000     0.000 r  CLK
                         net (fo=0)                   0.000     0.000    CLK
    F4                   IBUF (Prop_ibuf_I_O)         0.383     0.383 r  CLK_IBUF_inst/O
                         net (fo=1, routed)           0.685     1.068    CLK_IBUF
    BUFGCTRL_X0Y16       BUFG (Prop_bufg_I_O)         0.029     1.097 r  CLK_IBUF_BUFG_inst/O
                         net (fo=10, routed)          0.868     1.964    CLK_IBUF_BUFG
    SLICE_X1Y3           FDCE                                         r  FSM_sequential_current_state_reg[1]/C

Slack:                    inf
  Source:                 VCCAUX_STABLE
                            (input port)
  Destination:            RSTn_INTERCONN_reg/D
                            (rising edge-triggered cell FDCE clocked by clk  {rise@0.000ns fall@5.000ns period=10.000ns})
  Path Group:             (none)
  Path Type:              Hold (Min at Fast Process Corner)
  Data Path Delay:        0.792ns  (logic 0.240ns (30.285%)  route 0.552ns (69.715%))
  Logic Levels:           2  (IBUF=1 LUT3=1)
  Clock Path Skew:        1.965ns (DCD - SCD - CPR)
    Destination Clock Delay (DCD):    1.965ns
    Source Clock Delay      (SCD):    0.000ns
    Clock Pessimism Removal (CPR):    -0.000ns

    Location             Delay type                Incr(ns)  Path(ns)    Netlist Resource(s)
  -------------------------------------------------------------------    -------------------
    T13                                               0.000     0.000 r  VCCAUX_STABLE
                         net (fo=0)                   0.000     0.000    VCCAUX_STABLE
    T13                  IBUF (Prop_ibuf_I_O)         0.195     0.195 r  VCCAUX_STABLE_IBUF_inst/O
                         net (fo=11, routed)          0.552     0.747    VCCAUX_STABLE_IBUF
    SLICE_X0Y2           LUT3 (Prop_lut3_I1_O)        0.045     0.792 r  RSTn_INTERCONN_i_2/O
                         net (fo=1, routed)           0.000     0.792    RSTn_INTERCONN_i_2_n_0
    SLICE_X0Y2           FDCE                                         r  RSTn_INTERCONN_reg/D
  -------------------------------------------------------------------    -------------------

                         (clock clk rise edge)        0.000     0.000 r  <hidden>
    F4                                                0.000     0.000 r  CLK
                         net (fo=0)                   0.000     0.000    CLK
    F4                   IBUF (Prop_ibuf_I_O)         0.383     0.383 r  CLK_IBUF_inst/O
                         net (fo=1, routed)           0.685     1.068    CLK_IBUF
    BUFGCTRL_X0Y16       BUFG (Prop_bufg_I_O)         0.029     1.097 r  CLK_IBUF_BUFG_inst/O
                         net (fo=10, routed)          0.869     1.965    CLK_IBUF_BUFG
    SLICE_X0Y2           FDCE                                         r  RSTn_INTERCONN_reg/C

Slack:                    inf
  Source:                 VCCINT_STABLE
                            (input port)
  Destination:            RSTn_COPROC_reg/CE
                            (rising edge-triggered cell FDCE clocked by clk  {rise@0.000ns fall@5.000ns period=10.000ns})
  Path Group:             (none)
  Path Type:              Hold (Min at Fast Process Corner)
  Data Path Delay:        0.804ns  (logic 0.238ns (29.629%)  route 0.566ns (70.371%))
  Logic Levels:           2  (IBUF=1 LUT4=1)
  Clock Path Skew:        1.965ns (DCD - SCD - CPR)
    Destination Clock Delay (DCD):    1.965ns
    Source Clock Delay      (SCD):    0.000ns
    Clock Pessimism Removal (CPR):    -0.000ns

    Location             Delay type                Incr(ns)  Path(ns)    Netlist Resource(s)
  -------------------------------------------------------------------    -------------------
    V14                                               0.000     0.000 f  VCCINT_STABLE
                         net (fo=0)                   0.000     0.000    VCCINT_STABLE
    V14                  IBUF (Prop_ibuf_I_O)         0.193     0.193 f  VCCINT_STABLE_IBUF_inst/O
                         net (fo=11, routed)          0.422     0.615    VCCINT_STABLE_IBUF
    SLICE_X1Y3           LUT4 (Prop_lut4_I1_O)        0.045     0.660 r  RSTn_COPROC_i_1/O
                         net (fo=1, routed)           0.144     0.804    RSTn_COPROC_i_1_n_0
    SLICE_X1Y2           FDCE                                         r  RSTn_COPROC_reg/CE
  -------------------------------------------------------------------    -------------------

                         (clock clk rise edge)        0.000     0.000 r  <hidden>
    F4                                                0.000     0.000 r  CLK
                         net (fo=0)                   0.000     0.000    CLK
    F4                   IBUF (Prop_ibuf_I_O)         0.383     0.383 r  CLK_IBUF_inst/O
                         net (fo=1, routed)           0.685     1.068    CLK_IBUF
    BUFGCTRL_X0Y16       BUFG (Prop_bufg_I_O)         0.029     1.097 r  CLK_IBUF_BUFG_inst/O
                         net (fo=10, routed)          0.869     1.965    CLK_IBUF_BUFG
    SLICE_X1Y2           FDCE                                         r  RSTn_COPROC_reg/C

Slack:                    inf
  Source:                 VCCINT_STABLE
                            (input port)
  Destination:            RSTn_INTERCONN_reg/CE
                            (rising edge-triggered cell FDCE clocked by clk  {rise@0.000ns fall@5.000ns period=10.000ns})
  Path Group:             (none)
  Path Type:              Hold (Min at Fast Process Corner)
  Data Path Delay:        0.849ns  (logic 0.238ns (28.069%)  route 0.611ns (71.931%))
  Logic Levels:           2  (IBUF=1 LUT3=1)
  Clock Path Skew:        1.965ns (DCD - SCD - CPR)
    Destination Clock Delay (DCD):    1.965ns
    Source Clock Delay      (SCD):    0.000ns
    Clock Pessimism Removal (CPR):    -0.000ns

    Location             Delay type                Incr(ns)  Path(ns)    Netlist Resource(s)
  -------------------------------------------------------------------    -------------------
    V14                                               0.000     0.000 f  VCCINT_STABLE
                         net (fo=0)                   0.000     0.000    VCCINT_STABLE
    V14                  IBUF (Prop_ibuf_I_O)         0.193     0.193 f  VCCINT_STABLE_IBUF_inst/O
                         net (fo=11, routed)          0.500     0.694    VCCINT_STABLE_IBUF
    SLICE_X0Y3           LUT3 (Prop_lut3_I1_O)        0.045     0.739 r  RSTn_INTERCONN_i_1/O
                         net (fo=1, routed)           0.110     0.849    RSTn_INTERCONN_i_1_n_0
    SLICE_X0Y2           FDCE                                         r  RSTn_INTERCONN_reg/CE
  -------------------------------------------------------------------    -------------------

                         (clock clk rise edge)        0.000     0.000 r  <hidden>
    F4                                                0.000     0.000 r  CLK
                         net (fo=0)                   0.000     0.000    CLK
    F4                   IBUF (Prop_ibuf_I_O)         0.383     0.383 r  CLK_IBUF_inst/O
                         net (fo=1, routed)           0.685     1.068    CLK_IBUF
    BUFGCTRL_X0Y16       BUFG (Prop_bufg_I_O)         0.029     1.097 r  CLK_IBUF_BUFG_inst/O
                         net (fo=10, routed)          0.869     1.965    CLK_IBUF_BUFG
    SLICE_X0Y2           FDCE                                         r  RSTn_INTERCONN_reg/C

Slack:                    inf
  Source:                 VCCINT_STABLE
                            (input port)
  Destination:            RSTn_PERIPH_reg/CE
                            (rising edge-triggered cell FDCE clocked by clk  {rise@0.000ns fall@5.000ns period=10.000ns})
  Path Group:             (none)
  Path Type:              Hold (Min at Fast Process Corner)
  Data Path Delay:        0.850ns  (logic 0.237ns (27.927%)  route 0.612ns (72.073%))
  Logic Levels:           2  (IBUF=1 LUT3=1)
  Clock Path Skew:        1.964ns (DCD - SCD - CPR)
    Destination Clock Delay (DCD):    1.964ns
    Source Clock Delay      (SCD):    0.000ns
    Clock Pessimism Removal (CPR):    -0.000ns

    Location             Delay type                Incr(ns)  Path(ns)    Netlist Resource(s)
  -------------------------------------------------------------------    -------------------
    V14                                               0.000     0.000 f  VCCINT_STABLE
                         net (fo=0)                   0.000     0.000    VCCINT_STABLE
    V14                  IBUF (Prop_ibuf_I_O)         0.193     0.193 f  VCCINT_STABLE_IBUF_inst/O
                         net (fo=11, routed)          0.497     0.690    VCCINT_STABLE_IBUF
    SLICE_X1Y3           LUT3 (Prop_lut3_I0_O)        0.044     0.734 r  RSTn_PERIPH_i_1/O
                         net (fo=1, routed)           0.115     0.850    RSTn_PERIPH_i_1_n_0
    SLICE_X1Y4           FDCE                                         r  RSTn_PERIPH_reg/CE
  -------------------------------------------------------------------    -------------------

                         (clock clk rise edge)        0.000     0.000 r  <hidden>
    F4                                                0.000     0.000 r  CLK
                         net (fo=0)                   0.000     0.000    CLK
    F4                   IBUF (Prop_ibuf_I_O)         0.383     0.383 r  CLK_IBUF_inst/O
                         net (fo=1, routed)           0.685     1.068    CLK_IBUF
    BUFGCTRL_X0Y16       BUFG (Prop_bufg_I_O)         0.029     1.097 r  CLK_IBUF_BUFG_inst/O
                         net (fo=10, routed)          0.868     1.964    CLK_IBUF_BUFG
    SLICE_X1Y4           FDCE                                         r  RSTn_PERIPH_reg/C

Slack:                    inf
  Source:                 RESETn_PIN
                            (input port)
  Destination:            FSM_sequential_current_state_reg[0]/CLR
                            (removal check against rising-edge clock clk  {rise@0.000ns fall@5.000ns period=10.000ns})
  Path Group:             (none)
  Path Type:              Removal (Min at Fast Process Corner)
  Data Path Delay:        0.877ns  (logic 0.243ns (27.761%)  route 0.633ns (72.239%))
  Logic Levels:           2  (IBUF=1 LUT1=1)
  Clock Path Skew:        1.964ns (DCD - SCD - CPR)
    Destination Clock Delay (DCD):    1.964ns
    Source Clock Delay      (SCD):    0.000ns
    Clock Pessimism Removal (CPR):    -0.000ns

    Location             Delay type                Incr(ns)  Path(ns)    Netlist Resource(s)
  -------------------------------------------------------------------    -------------------
    T10                                               0.000     0.000 r  RESETn_PIN
                         net (fo=0)                   0.000     0.000    RESETn_PIN
    T10                  IBUF (Prop_ibuf_I_O)         0.198     0.198 r  RESETn_PIN_IBUF_inst/O
                         net (fo=1, routed)           0.452     0.651    RESETn_PIN_IBUF
    SLICE_X0Y2           LUT1 (Prop_lut1_I0_O)        0.045     0.696 f  FSM_sequential_current_state[1]_i_3/O
                         net (fo=10, routed)          0.181     0.877    FSM_sequential_current_state[1]_i_3_n_0
    SLICE_X1Y3           FDCE                                         f  FSM_sequential_current_state_reg[0]/CLR
  -------------------------------------------------------------------    -------------------

                         (clock clk rise edge)        0.000     0.000 r  <hidden>
    F4                                                0.000     0.000 r  CLK
                         net (fo=0)                   0.000     0.000    CLK
    F4                   IBUF (Prop_ibuf_I_O)         0.383     0.383 r  CLK_IBUF_inst/O
                         net (fo=1, routed)           0.685     1.068    CLK_IBUF
    BUFGCTRL_X0Y16       BUFG (Prop_bufg_I_O)         0.029     1.097 r  CLK_IBUF_BUFG_inst/O
                         net (fo=10, routed)          0.868     1.964    CLK_IBUF_BUFG
    SLICE_X1Y3           FDCE                                         r  FSM_sequential_current_state_reg[0]/C





