Copyright 1986-2022 Xilinx, Inc. All Rights Reserved. Copyright 2022-2026 Advanced Micro Devices, Inc. All Rights Reserved.
------------------------------------------------------------------------------------------------------------------------------------------------------------------------------------------------------------------------------------------
| Tool Version : Vivado v.2026.1 (win64) Build 6511674 Tue Jun 16 11:02:23 MDT 2026
| Date         : Wed Sep 30 22:52:12 2026
| Host         : PC1-2D running 64-bit major release  (build 9200)
| Command      : report_timing_summary -max_paths 10 -routable_nets -report_unconstrained -file reio_crypt_timing_summary_routed.rpt -pb reio_crypt_timing_summary_routed.pb -rpx reio_crypt_timing_summary_routed.rpx -warn_on_violation
| Design       : reio_crypt
| Device       : xa7a35t-csg324
| Speed File   : -1Q  PRODUCTION 1.16 2018-06-13
| Design State : Routed
------------------------------------------------------------------------------------------------------------------------------------------------------------------------------------------------------------------------------------------

Timing Summary Report

------------------------------------------------------------------------------------------------
| Timer Settings
| --------------
------------------------------------------------------------------------------------------------

  Enable Multi Corner Analysis               :  Yes
  Enable Pessimism Removal                   :  Yes
  Pessimism Removal Resolution               :  Nearest Common Node
  Enable Input Delay Default Clock           :  No
  Enable Preset / Clear Arcs                 :  No
  Disable Flight Delays                      :  No
  Ignore I/O Paths                           :  No
  Timing Early Launch at Borrowing Latches   :  No
  Borrow Time for Max Delay Exceptions       :  Yes
  Merge Timing Exceptions                    :  Yes
  Inter-SLR Compensation                     :  Conservative

  Corner  Analyze    Analyze    
  Name    Max Paths  Min Paths  
  ------  ---------  ---------  
  Slow    Yes        Yes        
  Fast    Yes        Yes        


------------------------------------------------------------------------------------------------
| Report Methodology
| ------------------
------------------------------------------------------------------------------------------------

Rule       Severity  Description                    Violations  
---------  --------  -----------------------------  ----------  
DPIR-1     Warning   Asynchronous driver check      134         
SYNTH-10   Warning   Wide multiplier                3           
TIMING-18  Warning   Missing input or output delay  68          

Note: This report is based on the most recent report_methodology run and may not be up-to-date. Run report_methodology on the current design for the latest report.



check_timing report

Table of Contents
-----------------
1. checking no_clock (0)
2. checking constant_clock (0)
3. checking pulse_width_clock (0)
4. checking unconstrained_internal_endpoints (0)
5. checking no_input_delay (35)
6. checking no_output_delay (33)
7. checking multiple_clock (0)
8. checking generated_clocks (0)
9. checking loops (0)
10. checking partial_input_delay (0)
11. checking partial_output_delay (0)
12. checking latch_loops (0)

1. checking no_clock (0)
------------------------
 There are 0 register/latch pins with no clock.


2. checking constant_clock (0)
------------------------------
 There are 0 register/latch pins with constant_clock.


3. checking pulse_width_clock (0)
---------------------------------
 There are 0 register/latch pins which need pulse_width check


4. checking unconstrained_internal_endpoints (0)
------------------------------------------------
 There are 0 pins that are not constrained for maximum delay.

 There are 0 pins that are not constrained for maximum delay due to constant clock.


5. checking no_input_delay (35)
-------------------------------
 There are 35 input ports with no input delay specified. (HIGH)

 There are 0 input ports with no input delay but user has a false path constraint.


6. checking no_output_delay (33)
--------------------------------
 There are 33 ports with no output delay specified. (HIGH)

 There are 0 ports with no output delay but user has a false path constraint

 There are 0 ports with no output delay but with a timing clock defined on it or propagating through it


7. checking multiple_clock (0)
------------------------------
 There are 0 register/latch pins with multiple clocks.


8. checking generated_clocks (0)
--------------------------------
 There are 0 generated clocks that are not connected to a clock source.


9. checking loops (0)
---------------------
 There are 0 combinational loops in the design.


10. checking partial_input_delay (0)
------------------------------------
 There are 0 input ports with partial input delay specified.


11. checking partial_output_delay (0)
-------------------------------------
 There are 0 ports with partial output delay specified.


12. checking latch_loops (0)
----------------------------
 There are 0 combinational latch loops in the design through latch input



------------------------------------------------------------------------------------------------
| Design Timing Summary
| ---------------------
------------------------------------------------------------------------------------------------

    WNS(ns)      TNS(ns)  TNS Failing Endpoints  TNS Total Endpoints      WHS(ns)      THS(ns)  THS Failing Endpoints  THS Total Endpoints     WPWS(ns)     TPWS(ns)  TPWS Failing Endpoints  TPWS Total Endpoints  
    -------      -------  ---------------------  -------------------      -------      -------  ---------------------  -------------------     --------     --------  ----------------------  --------------------  
      1.158        0.000                      0                  270        0.196        0.000                      0                  270        4.500        0.000                       0                   136  


All user specified timing constraints are met.


------------------------------------------------------------------------------------------------
| Clock Summary
| -------------
------------------------------------------------------------------------------------------------

Clock           Waveform(ns)       Period(ns)      Frequency(MHz)
-----           ------------       ----------      --------------
clk_sys_domain  {0.000 5.000}      10.000          100.000         


------------------------------------------------------------------------------------------------
| Intra Clock Table
| -----------------
------------------------------------------------------------------------------------------------

Clock               WNS(ns)      TNS(ns)  TNS Failing Endpoints  TNS Total Endpoints      WHS(ns)      THS(ns)  THS Failing Endpoints  THS Total Endpoints     WPWS(ns)     TPWS(ns)  TPWS Failing Endpoints  TPWS Total Endpoints  
-----               -------      -------  ---------------------  -------------------      -------      -------  ---------------------  -------------------     --------     --------  ----------------------  --------------------  
clk_sys_domain        1.158        0.000                      0                  270        0.196        0.000                      0                  270        4.500        0.000                       0                   136  


------------------------------------------------------------------------------------------------
| Inter Clock Table
| -----------------
------------------------------------------------------------------------------------------------

From Clock    To Clock          WNS(ns)      TNS(ns)  TNS Failing Endpoints  TNS Total Endpoints      WHS(ns)      THS(ns)  THS Failing Endpoints  THS Total Endpoints  
----------    --------          -------      -------  ---------------------  -------------------      -------      -------  ---------------------  -------------------  


------------------------------------------------------------------------------------------------
| Other Path Groups Table
| -----------------------
------------------------------------------------------------------------------------------------

Path Group    From Clock    To Clock          WNS(ns)      TNS(ns)  TNS Failing Endpoints  TNS Total Endpoints      WHS(ns)      THS(ns)  THS Failing Endpoints  THS Total Endpoints  
----------    ----------    --------          -------      -------  ---------------------  -------------------      -------      -------  ---------------------  -------------------  


------------------------------------------------------------------------------------------------
| User Ignored Path Table
| -----------------------
------------------------------------------------------------------------------------------------

Path Group    From Clock    To Clock    
----------    ----------    --------    


------------------------------------------------------------------------------------------------
| Unconstrained Path Table
| ------------------------
------------------------------------------------------------------------------------------------

Path Group      From Clock      To Clock      
----------      ----------      --------      
(none)          clk_sys_domain                  
(none)                          clk_sys_domain  


------------------------------------------------------------------------------------------------
| Timing Details
| --------------
------------------------------------------------------------------------------------------------


---------------------------------------------------------------------------------------------------
From Clock:  clk_sys_domain
  To Clock:  clk_sys_domain

Setup :            0  Failing Endpoints,  Worst Slack        1.158ns,  Total Violation        0.000ns
Hold  :            0  Failing Endpoints,  Worst Slack        0.196ns,  Total Violation        0.000ns
PW    :            0  Failing Endpoints,  Worst Slack        4.500ns,  Total Violation        0.000ns
---------------------------------------------------------------------------------------------------


Max Delay Paths
--------------------------------------------------------------------------------------
Slack (MET) :             1.158ns  (required time - arrival time)
  Source:                 pipeline_reg_reg[7]/C
                            (rising edge-triggered cell FDCE clocked by clk_sys_domain  {rise@0.000ns fall@5.000ns period=10.000ns})
  Destination:            mult_pipe_reg_reg[29]/D
                            (rising edge-triggered cell FDCE clocked by clk_sys_domain  {rise@0.000ns fall@5.000ns period=10.000ns})
  Path Group:             clk_sys_domain
  Path Type:              Setup (Max at Slow Process Corner)
  Requirement:            10.000ns  (clk_sys_domain rise@10.000ns - clk_sys_domain rise@0.000ns)
  Data Path Delay:        8.877ns  (logic 7.286ns (82.074%)  route 1.591ns (17.926%))
  Logic Levels:           7  (CARRY4=4 DSP48E1=2 LUT3=1)
  Clock Path Skew:        -0.038ns (DCD - SCD + CPR)
    Destination Clock Delay (DCD):    4.239ns = ( 14.239 - 10.000 ) 
    Source Clock Delay      (SCD):    4.677ns
    Clock Pessimism Removal (CPR):    0.400ns
  Clock Uncertainty:      0.035ns  ((TSJ^2 + TIJ^2)^1/2 + DJ) / 2 + PE
    Total System Jitter     (TSJ):    0.071ns
    Total Input Jitter      (TIJ):    0.000ns
    Discrete Jitter          (DJ):    0.000ns
    Phase Error              (PE):    0.000ns

    Location             Delay type                Incr(ns)  Path(ns)    Netlist Resource(s)
  -------------------------------------------------------------------    -------------------
                         (clock clk_sys_domain rise edge)
                                                      0.000     0.000 r  <hidden>
    N15                                               0.000     0.000 r  CLK
                         net (fo=0)                   0.000     0.000    CLK
    N15                  IBUF (Prop_ibuf_I_O)         1.040     1.040 r  CLK_IBUF_inst/O
                         net (fo=1, routed)           1.972     3.011    CLK_IBUF
    BUFGCTRL_X0Y0        BUFG (Prop_bufg_I_O)         0.096     3.107 r  CLK_IBUF_BUFG_inst/O
                         net (fo=135, routed)         1.569     4.677    CLK_IBUF_BUFG
    SLICE_X10Y44         FDCE                                         r  pipeline_reg_reg[7]/C
  -------------------------------------------------------------------    -------------------
    SLICE_X10Y44         FDCE (Prop_fdce_C_Q)         0.518     5.195 r  pipeline_reg_reg[7]/Q
                         net (fo=5, routed)           0.790     5.985    pipeline_reg[7]
    DSP48_X0Y17          DSP48E1 (Prop_dsp48e1_A[7]_PCOUT[47])
                                                      4.036    10.021 r  mult_pipe_reg0/PCOUT[47]
                         net (fo=1, routed)           0.002    10.023    mult_pipe_reg0_n_106
    DSP48_X0Y18          DSP48E1 (Prop_dsp48e1_PCIN[47]_P[0])
                                                      1.518    11.541 r  mult_pipe_reg0__0/P[0]
                         net (fo=1, routed)           0.799    12.340    mult_pipe_reg0__0_n_105
    SLICE_X12Y45         LUT3 (Prop_lut3_I2_O)        0.124    12.464 r  mult_pipe_reg[19]_i_7/O
                         net (fo=1, routed)           0.000    12.464    mult_pipe_reg[19]_i_7_n_0
    SLICE_X12Y45         CARRY4 (Prop_carry4_S[1]_CO[3])
                                                      0.533    12.997 r  mult_pipe_reg_reg[19]_i_1/CO[3]
                         net (fo=1, routed)           0.000    12.997    mult_pipe_reg_reg[19]_i_1_n_0
    SLICE_X12Y46         CARRY4 (Prop_carry4_CI_CO[3])
                                                      0.117    13.114 r  mult_pipe_reg_reg[23]_i_1/CO[3]
                         net (fo=1, routed)           0.000    13.114    mult_pipe_reg_reg[23]_i_1_n_0
    SLICE_X12Y47         CARRY4 (Prop_carry4_CI_CO[3])
                                                      0.117    13.231 r  mult_pipe_reg_reg[27]_i_1/CO[3]
                         net (fo=1, routed)           0.000    13.231    mult_pipe_reg_reg[27]_i_1_n_0
    SLICE_X12Y48         CARRY4 (Prop_carry4_CI_O[1])
                                                      0.323    13.554 r  mult_pipe_reg_reg[31]_i_2/O[1]
                         net (fo=1, routed)           0.000    13.554    mult_pipe_reg_reg[31]_i_2_n_6
    SLICE_X12Y48         FDCE                                         r  mult_pipe_reg_reg[29]/D
  -------------------------------------------------------------------    -------------------

                         (clock clk_sys_domain rise edge)
                                                     10.000    10.000 r  <hidden>
    N15                                               0.000    10.000 r  CLK
                         net (fo=0)                   0.000    10.000    CLK
    N15                  IBUF (Prop_ibuf_I_O)         0.828    10.828 r  CLK_IBUF_inst/O
                         net (fo=1, routed)           1.868    12.696    CLK_IBUF
    BUFGCTRL_X0Y0        BUFG (Prop_bufg_I_O)         0.091    12.787 r  CLK_IBUF_BUFG_inst/O
                         net (fo=135, routed)         1.451    14.239    CLK_IBUF_BUFG
    SLICE_X12Y48         FDCE                                         r  mult_pipe_reg_reg[29]/C
                         clock pessimism              0.400    14.639    <hidden>
                         clock uncertainty           -0.035    14.603    <hidden>
    SLICE_X12Y48         FDCE (Setup_fdce_C_D)        0.109    14.712    mult_pipe_reg_reg[29]
  -------------------------------------------------------------------
                         required time                         14.712    <hidden>
                         arrival time                         -13.554    <hidden>
  -------------------------------------------------------------------
                         slack                                  1.158    <hidden>

Slack (MET) :             1.166ns  (required time - arrival time)
  Source:                 pipeline_reg_reg[7]/C
                            (rising edge-triggered cell FDCE clocked by clk_sys_domain  {rise@0.000ns fall@5.000ns period=10.000ns})
  Destination:            mult_pipe_reg_reg[31]/D
                            (rising edge-triggered cell FDCE clocked by clk_sys_domain  {rise@0.000ns fall@5.000ns period=10.000ns})
  Path Group:             clk_sys_domain
  Path Type:              Setup (Max at Slow Process Corner)
  Requirement:            10.000ns  (clk_sys_domain rise@10.000ns - clk_sys_domain rise@0.000ns)
  Data Path Delay:        8.869ns  (logic 7.278ns (82.058%)  route 1.591ns (17.942%))
  Logic Levels:           7  (CARRY4=4 DSP48E1=2 LUT3=1)
  Clock Path Skew:        -0.038ns (DCD - SCD + CPR)
    Destination Clock Delay (DCD):    4.239ns = ( 14.239 - 10.000 ) 
    Source Clock Delay      (SCD):    4.677ns
    Clock Pessimism Removal (CPR):    0.400ns
  Clock Uncertainty:      0.035ns  ((TSJ^2 + TIJ^2)^1/2 + DJ) / 2 + PE
    Total System Jitter     (TSJ):    0.071ns
    Total Input Jitter      (TIJ):    0.000ns
    Discrete Jitter          (DJ):    0.000ns
    Phase Error              (PE):    0.000ns

    Location             Delay type                Incr(ns)  Path(ns)    Netlist Resource(s)
  -------------------------------------------------------------------    -------------------
                         (clock clk_sys_domain rise edge)
                                                      0.000     0.000 r  <hidden>
    N15                                               0.000     0.000 r  CLK
                         net (fo=0)                   0.000     0.000    CLK
    N15                  IBUF (Prop_ibuf_I_O)         1.040     1.040 r  CLK_IBUF_inst/O
                         net (fo=1, routed)           1.972     3.011    CLK_IBUF
    BUFGCTRL_X0Y0        BUFG (Prop_bufg_I_O)         0.096     3.107 r  CLK_IBUF_BUFG_inst/O
                         net (fo=135, routed)         1.569     4.677    CLK_IBUF_BUFG
    SLICE_X10Y44         FDCE                                         r  pipeline_reg_reg[7]/C
  -------------------------------------------------------------------    -------------------
    SLICE_X10Y44         FDCE (Prop_fdce_C_Q)         0.518     5.195 r  pipeline_reg_reg[7]/Q
                         net (fo=5, routed)           0.790     5.985    pipeline_reg[7]
    DSP48_X0Y17          DSP48E1 (Prop_dsp48e1_A[7]_PCOUT[47])
                                                      4.036    10.021 r  mult_pipe_reg0/PCOUT[47]
                         net (fo=1, routed)           0.002    10.023    mult_pipe_reg0_n_106
    DSP48_X0Y18          DSP48E1 (Prop_dsp48e1_PCIN[47]_P[0])
                                                      1.518    11.541 r  mult_pipe_reg0__0/P[0]
                         net (fo=1, routed)           0.799    12.340    mult_pipe_reg0__0_n_105
    SLICE_X12Y45         LUT3 (Prop_lut3_I2_O)        0.124    12.464 r  mult_pipe_reg[19]_i_7/O
                         net (fo=1, routed)           0.000    12.464    mult_pipe_reg[19]_i_7_n_0
    SLICE_X12Y45         CARRY4 (Prop_carry4_S[1]_CO[3])
                                                      0.533    12.997 r  mult_pipe_reg_reg[19]_i_1/CO[3]
                         net (fo=1, routed)           0.000    12.997    mult_pipe_reg_reg[19]_i_1_n_0
    SLICE_X12Y46         CARRY4 (Prop_carry4_CI_CO[3])
                                                      0.117    13.114 r  mult_pipe_reg_reg[23]_i_1/CO[3]
                         net (fo=1, routed)           0.000    13.114    mult_pipe_reg_reg[23]_i_1_n_0
    SLICE_X12Y47         CARRY4 (Prop_carry4_CI_CO[3])
                                                      0.117    13.231 r  mult_pipe_reg_reg[27]_i_1/CO[3]
                         net (fo=1, routed)           0.000    13.231    mult_pipe_reg_reg[27]_i_1_n_0
    SLICE_X12Y48         CARRY4 (Prop_carry4_CI_O[3])
                                                      0.315    13.546 r  mult_pipe_reg_reg[31]_i_2/O[3]
                         net (fo=1, routed)           0.000    13.546    mult_pipe_reg_reg[31]_i_2_n_4
    SLICE_X12Y48         FDCE                                         r  mult_pipe_reg_reg[31]/D
  -------------------------------------------------------------------    -------------------

                         (clock clk_sys_domain rise edge)
                                                     10.000    10.000 r  <hidden>
    N15                                               0.000    10.000 r  CLK
                         net (fo=0)                   0.000    10.000    CLK
    N15                  IBUF (Prop_ibuf_I_O)         0.828    10.828 r  CLK_IBUF_inst/O
                         net (fo=1, routed)           1.868    12.696    CLK_IBUF
    BUFGCTRL_X0Y0        BUFG (Prop_bufg_I_O)         0.091    12.787 r  CLK_IBUF_BUFG_inst/O
                         net (fo=135, routed)         1.451    14.239    CLK_IBUF_BUFG
    SLICE_X12Y48         FDCE                                         r  mult_pipe_reg_reg[31]/C
                         clock pessimism              0.400    14.639    <hidden>
                         clock uncertainty           -0.035    14.603    <hidden>
    SLICE_X12Y48         FDCE (Setup_fdce_C_D)        0.109    14.712    mult_pipe_reg_reg[31]
  -------------------------------------------------------------------
                         required time                         14.712    <hidden>
                         arrival time                         -13.546    <hidden>
  -------------------------------------------------------------------
                         slack                                  1.166    <hidden>

Slack (MET) :             1.242ns  (required time - arrival time)
  Source:                 pipeline_reg_reg[7]/C
                            (rising edge-triggered cell FDCE clocked by clk_sys_domain  {rise@0.000ns fall@5.000ns period=10.000ns})
  Destination:            mult_pipe_reg_reg[30]/D
                            (rising edge-triggered cell FDCE clocked by clk_sys_domain  {rise@0.000ns fall@5.000ns period=10.000ns})
  Path Group:             clk_sys_domain
  Path Type:              Setup (Max at Slow Process Corner)
  Requirement:            10.000ns  (clk_sys_domain rise@10.000ns - clk_sys_domain rise@0.000ns)
  Data Path Delay:        8.793ns  (logic 7.202ns (81.903%)  route 1.591ns (18.097%))
  Logic Levels:           7  (CARRY4=4 DSP48E1=2 LUT3=1)
  Clock Path Skew:        -0.038ns (DCD - SCD + CPR)
    Destination Clock Delay (DCD):    4.239ns = ( 14.239 - 10.000 ) 
    Source Clock Delay      (SCD):    4.677ns
    Clock Pessimism Removal (CPR):    0.400ns
  Clock Uncertainty:      0.035ns  ((TSJ^2 + TIJ^2)^1/2 + DJ) / 2 + PE
    Total System Jitter     (TSJ):    0.071ns
    Total Input Jitter      (TIJ):    0.000ns
    Discrete Jitter          (DJ):    0.000ns
    Phase Error              (PE):    0.000ns

    Location             Delay type                Incr(ns)  Path(ns)    Netlist Resource(s)
  -------------------------------------------------------------------    -------------------
                         (clock clk_sys_domain rise edge)
                                                      0.000     0.000 r  <hidden>
    N15                                               0.000     0.000 r  CLK
                         net (fo=0)                   0.000     0.000    CLK
    N15                  IBUF (Prop_ibuf_I_O)         1.040     1.040 r  CLK_IBUF_inst/O
                         net (fo=1, routed)           1.972     3.011    CLK_IBUF
    BUFGCTRL_X0Y0        BUFG (Prop_bufg_I_O)         0.096     3.107 r  CLK_IBUF_BUFG_inst/O
                         net (fo=135, routed)         1.569     4.677    CLK_IBUF_BUFG
    SLICE_X10Y44         FDCE                                         r  pipeline_reg_reg[7]/C
  -------------------------------------------------------------------    -------------------
    SLICE_X10Y44         FDCE (Prop_fdce_C_Q)         0.518     5.195 r  pipeline_reg_reg[7]/Q
                         net (fo=5, routed)           0.790     5.985    pipeline_reg[7]
    DSP48_X0Y17          DSP48E1 (Prop_dsp48e1_A[7]_PCOUT[47])
                                                      4.036    10.021 r  mult_pipe_reg0/PCOUT[47]
                         net (fo=1, routed)           0.002    10.023    mult_pipe_reg0_n_106
    DSP48_X0Y18          DSP48E1 (Prop_dsp48e1_PCIN[47]_P[0])
                                                      1.518    11.541 r  mult_pipe_reg0__0/P[0]
                         net (fo=1, routed)           0.799    12.340    mult_pipe_reg0__0_n_105
    SLICE_X12Y45         LUT3 (Prop_lut3_I2_O)        0.124    12.464 r  mult_pipe_reg[19]_i_7/O
                         net (fo=1, routed)           0.000    12.464    mult_pipe_reg[19]_i_7_n_0
    SLICE_X12Y45         CARRY4 (Prop_carry4_S[1]_CO[3])
                                                      0.533    12.997 r  mult_pipe_reg_reg[19]_i_1/CO[3]
                         net (fo=1, routed)           0.000    12.997    mult_pipe_reg_reg[19]_i_1_n_0
    SLICE_X12Y46         CARRY4 (Prop_carry4_CI_CO[3])
                                                      0.117    13.114 r  mult_pipe_reg_reg[23]_i_1/CO[3]
                         net (fo=1, routed)           0.000    13.114    mult_pipe_reg_reg[23]_i_1_n_0
    SLICE_X12Y47         CARRY4 (Prop_carry4_CI_CO[3])
                                                      0.117    13.231 r  mult_pipe_reg_reg[27]_i_1/CO[3]
                         net (fo=1, routed)           0.000    13.231    mult_pipe_reg_reg[27]_i_1_n_0
    SLICE_X12Y48         CARRY4 (Prop_carry4_CI_O[2])
                                                      0.239    13.470 r  mult_pipe_reg_reg[31]_i_2/O[2]
                         net (fo=1, routed)           0.000    13.470    mult_pipe_reg_reg[31]_i_2_n_5
    SLICE_X12Y48         FDCE                                         r  mult_pipe_reg_reg[30]/D
  -------------------------------------------------------------------    -------------------

                         (clock clk_sys_domain rise edge)
                                                     10.000    10.000 r  <hidden>
    N15                                               0.000    10.000 r  CLK
                         net (fo=0)                   0.000    10.000    CLK
    N15                  IBUF (Prop_ibuf_I_O)         0.828    10.828 r  CLK_IBUF_inst/O
                         net (fo=1, routed)           1.868    12.696    CLK_IBUF
    BUFGCTRL_X0Y0        BUFG (Prop_bufg_I_O)         0.091    12.787 r  CLK_IBUF_BUFG_inst/O
                         net (fo=135, routed)         1.451    14.239    CLK_IBUF_BUFG
    SLICE_X12Y48         FDCE                                         r  mult_pipe_reg_reg[30]/C
                         clock pessimism              0.400    14.639    <hidden>
                         clock uncertainty           -0.035    14.603    <hidden>
    SLICE_X12Y48         FDCE (Setup_fdce_C_D)        0.109    14.712    mult_pipe_reg_reg[30]
  -------------------------------------------------------------------
                         required time                         14.712    <hidden>
                         arrival time                         -13.470    <hidden>
  -------------------------------------------------------------------
                         slack                                  1.242    <hidden>

Slack (MET) :             1.262ns  (required time - arrival time)
  Source:                 pipeline_reg_reg[7]/C
                            (rising edge-triggered cell FDCE clocked by clk_sys_domain  {rise@0.000ns fall@5.000ns period=10.000ns})
  Destination:            mult_pipe_reg_reg[28]/D
                            (rising edge-triggered cell FDCE clocked by clk_sys_domain  {rise@0.000ns fall@5.000ns period=10.000ns})
  Path Group:             clk_sys_domain
  Path Type:              Setup (Max at Slow Process Corner)
  Requirement:            10.000ns  (clk_sys_domain rise@10.000ns - clk_sys_domain rise@0.000ns)
  Data Path Delay:        8.773ns  (logic 7.182ns (81.862%)  route 1.591ns (18.138%))
  Logic Levels:           7  (CARRY4=4 DSP48E1=2 LUT3=1)
  Clock Path Skew:        -0.038ns (DCD - SCD + CPR)
    Destination Clock Delay (DCD):    4.239ns = ( 14.239 - 10.000 ) 
    Source Clock Delay      (SCD):    4.677ns
    Clock Pessimism Removal (CPR):    0.400ns
  Clock Uncertainty:      0.035ns  ((TSJ^2 + TIJ^2)^1/2 + DJ) / 2 + PE
    Total System Jitter     (TSJ):    0.071ns
    Total Input Jitter      (TIJ):    0.000ns
    Discrete Jitter          (DJ):    0.000ns
    Phase Error              (PE):    0.000ns

    Location             Delay type                Incr(ns)  Path(ns)    Netlist Resource(s)
  -------------------------------------------------------------------    -------------------
                         (clock clk_sys_domain rise edge)
                                                      0.000     0.000 r  <hidden>
    N15                                               0.000     0.000 r  CLK
                         net (fo=0)                   0.000     0.000    CLK
    N15                  IBUF (Prop_ibuf_I_O)         1.040     1.040 r  CLK_IBUF_inst/O
                         net (fo=1, routed)           1.972     3.011    CLK_IBUF
    BUFGCTRL_X0Y0        BUFG (Prop_bufg_I_O)         0.096     3.107 r  CLK_IBUF_BUFG_inst/O
                         net (fo=135, routed)         1.569     4.677    CLK_IBUF_BUFG
    SLICE_X10Y44         FDCE                                         r  pipeline_reg_reg[7]/C
  -------------------------------------------------------------------    -------------------
    SLICE_X10Y44         FDCE (Prop_fdce_C_Q)         0.518     5.195 r  pipeline_reg_reg[7]/Q
                         net (fo=5, routed)           0.790     5.985    pipeline_reg[7]
    DSP48_X0Y17          DSP48E1 (Prop_dsp48e1_A[7]_PCOUT[47])
                                                      4.036    10.021 r  mult_pipe_reg0/PCOUT[47]
                         net (fo=1, routed)           0.002    10.023    mult_pipe_reg0_n_106
    DSP48_X0Y18          DSP48E1 (Prop_dsp48e1_PCIN[47]_P[0])
                                                      1.518    11.541 r  mult_pipe_reg0__0/P[0]
                         net (fo=1, routed)           0.799    12.340    mult_pipe_reg0__0_n_105
    SLICE_X12Y45         LUT3 (Prop_lut3_I2_O)        0.124    12.464 r  mult_pipe_reg[19]_i_7/O
                         net (fo=1, routed)           0.000    12.464    mult_pipe_reg[19]_i_7_n_0
    SLICE_X12Y45         CARRY4 (Prop_carry4_S[1]_CO[3])
                                                      0.533    12.997 r  mult_pipe_reg_reg[19]_i_1/CO[3]
                         net (fo=1, routed)           0.000    12.997    mult_pipe_reg_reg[19]_i_1_n_0
    SLICE_X12Y46         CARRY4 (Prop_carry4_CI_CO[3])
                                                      0.117    13.114 r  mult_pipe_reg_reg[23]_i_1/CO[3]
                         net (fo=1, routed)           0.000    13.114    mult_pipe_reg_reg[23]_i_1_n_0
    SLICE_X12Y47         CARRY4 (Prop_carry4_CI_CO[3])
                                                      0.117    13.231 r  mult_pipe_reg_reg[27]_i_1/CO[3]
                         net (fo=1, routed)           0.000    13.231    mult_pipe_reg_reg[27]_i_1_n_0
    SLICE_X12Y48         CARRY4 (Prop_carry4_CI_O[0])
                                                      0.219    13.450 r  mult_pipe_reg_reg[31]_i_2/O[0]
                         net (fo=1, routed)           0.000    13.450    mult_pipe_reg_reg[31]_i_2_n_7
    SLICE_X12Y48         FDCE                                         r  mult_pipe_reg_reg[28]/D
  -------------------------------------------------------------------    -------------------

                         (clock clk_sys_domain rise edge)
                                                     10.000    10.000 r  <hidden>
    N15                                               0.000    10.000 r  CLK
                         net (fo=0)                   0.000    10.000    CLK
    N15                  IBUF (Prop_ibuf_I_O)         0.828    10.828 r  CLK_IBUF_inst/O
                         net (fo=1, routed)           1.868    12.696    CLK_IBUF
    BUFGCTRL_X0Y0        BUFG (Prop_bufg_I_O)         0.091    12.787 r  CLK_IBUF_BUFG_inst/O
                         net (fo=135, routed)         1.451    14.239    CLK_IBUF_BUFG
    SLICE_X12Y48         FDCE                                         r  mult_pipe_reg_reg[28]/C
                         clock pessimism              0.400    14.639    <hidden>
                         clock uncertainty           -0.035    14.603    <hidden>
    SLICE_X12Y48         FDCE (Setup_fdce_C_D)        0.109    14.712    mult_pipe_reg_reg[28]
  -------------------------------------------------------------------
                         required time                         14.712    <hidden>
                         arrival time                         -13.450    <hidden>
  -------------------------------------------------------------------
                         slack                                  1.262    <hidden>

Slack (MET) :             1.275ns  (required time - arrival time)
  Source:                 pipeline_reg_reg[7]/C
                            (rising edge-triggered cell FDCE clocked by clk_sys_domain  {rise@0.000ns fall@5.000ns period=10.000ns})
  Destination:            mult_pipe_reg_reg[25]/D
                            (rising edge-triggered cell FDCE clocked by clk_sys_domain  {rise@0.000ns fall@5.000ns period=10.000ns})
  Path Group:             clk_sys_domain
  Path Type:              Setup (Max at Slow Process Corner)
  Requirement:            10.000ns  (clk_sys_domain rise@10.000ns - clk_sys_domain rise@0.000ns)
  Data Path Delay:        8.760ns  (logic 7.169ns (81.835%)  route 1.591ns (18.165%))
  Logic Levels:           6  (CARRY4=3 DSP48E1=2 LUT3=1)
  Clock Path Skew:        -0.038ns (DCD - SCD + CPR)
    Destination Clock Delay (DCD):    4.239ns = ( 14.239 - 10.000 ) 
    Source Clock Delay      (SCD):    4.677ns
    Clock Pessimism Removal (CPR):    0.400ns
  Clock Uncertainty:      0.035ns  ((TSJ^2 + TIJ^2)^1/2 + DJ) / 2 + PE
    Total System Jitter     (TSJ):    0.071ns
    Total Input Jitter      (TIJ):    0.000ns
    Discrete Jitter          (DJ):    0.000ns
    Phase Error              (PE):    0.000ns

    Location             Delay type                Incr(ns)  Path(ns)    Netlist Resource(s)
  -------------------------------------------------------------------    -------------------
                         (clock clk_sys_domain rise edge)
                                                      0.000     0.000 r  <hidden>
    N15                                               0.000     0.000 r  CLK
                         net (fo=0)                   0.000     0.000    CLK
    N15                  IBUF (Prop_ibuf_I_O)         1.040     1.040 r  CLK_IBUF_inst/O
                         net (fo=1, routed)           1.972     3.011    CLK_IBUF
    BUFGCTRL_X0Y0        BUFG (Prop_bufg_I_O)         0.096     3.107 r  CLK_IBUF_BUFG_inst/O
                         net (fo=135, routed)         1.569     4.677    CLK_IBUF_BUFG
    SLICE_X10Y44         FDCE                                         r  pipeline_reg_reg[7]/C
  -------------------------------------------------------------------    -------------------
    SLICE_X10Y44         FDCE (Prop_fdce_C_Q)         0.518     5.195 r  pipeline_reg_reg[7]/Q
                         net (fo=5, routed)           0.790     5.985    pipeline_reg[7]
    DSP48_X0Y17          DSP48E1 (Prop_dsp48e1_A[7]_PCOUT[47])
                                                      4.036    10.021 r  mult_pipe_reg0/PCOUT[47]
                         net (fo=1, routed)           0.002    10.023    mult_pipe_reg0_n_106
    DSP48_X0Y18          DSP48E1 (Prop_dsp48e1_PCIN[47]_P[0])
                                                      1.518    11.541 r  mult_pipe_reg0__0/P[0]
                         net (fo=1, routed)           0.799    12.340    mult_pipe_reg0__0_n_105
    SLICE_X12Y45         LUT3 (Prop_lut3_I2_O)        0.124    12.464 r  mult_pipe_reg[19]_i_7/O
                         net (fo=1, routed)           0.000    12.464    mult_pipe_reg[19]_i_7_n_0
    SLICE_X12Y45         CARRY4 (Prop_carry4_S[1]_CO[3])
                                                      0.533    12.997 r  mult_pipe_reg_reg[19]_i_1/CO[3]
                         net (fo=1, routed)           0.000    12.997    mult_pipe_reg_reg[19]_i_1_n_0
    SLICE_X12Y46         CARRY4 (Prop_carry4_CI_CO[3])
                                                      0.117    13.114 r  mult_pipe_reg_reg[23]_i_1/CO[3]
                         net (fo=1, routed)           0.000    13.114    mult_pipe_reg_reg[23]_i_1_n_0
    SLICE_X12Y47         CARRY4 (Prop_carry4_CI_O[1])
                                                      0.323    13.437 r  mult_pipe_reg_reg[27]_i_1/O[1]
                         net (fo=1, routed)           0.000    13.437    mult_pipe_reg_reg[27]_i_1_n_6
    SLICE_X12Y47         FDCE                                         r  mult_pipe_reg_reg[25]/D
  -------------------------------------------------------------------    -------------------

                         (clock clk_sys_domain rise edge)
                                                     10.000    10.000 r  <hidden>
    N15                                               0.000    10.000 r  CLK
                         net (fo=0)                   0.000    10.000    CLK
    N15                  IBUF (Prop_ibuf_I_O)         0.828    10.828 r  CLK_IBUF_inst/O
                         net (fo=1, routed)           1.868    12.696    CLK_IBUF
    BUFGCTRL_X0Y0        BUFG (Prop_bufg_I_O)         0.091    12.787 r  CLK_IBUF_BUFG_inst/O
                         net (fo=135, routed)         1.451    14.239    CLK_IBUF_BUFG
    SLICE_X12Y47         FDCE                                         r  mult_pipe_reg_reg[25]/C
                         clock pessimism              0.400    14.639    <hidden>
                         clock uncertainty           -0.035    14.603    <hidden>
    SLICE_X12Y47         FDCE (Setup_fdce_C_D)        0.109    14.712    mult_pipe_reg_reg[25]
  -------------------------------------------------------------------
                         required time                         14.712    <hidden>
                         arrival time                         -13.437    <hidden>
  -------------------------------------------------------------------
                         slack                                  1.275    <hidden>

Slack (MET) :             1.283ns  (required time - arrival time)
  Source:                 pipeline_reg_reg[7]/C
                            (rising edge-triggered cell FDCE clocked by clk_sys_domain  {rise@0.000ns fall@5.000ns period=10.000ns})
  Destination:            mult_pipe_reg_reg[27]/D
                            (rising edge-triggered cell FDCE clocked by clk_sys_domain  {rise@0.000ns fall@5.000ns period=10.000ns})
  Path Group:             clk_sys_domain
  Path Type:              Setup (Max at Slow Process Corner)
  Requirement:            10.000ns  (clk_sys_domain rise@10.000ns - clk_sys_domain rise@0.000ns)
  Data Path Delay:        8.752ns  (logic 7.161ns (81.818%)  route 1.591ns (18.182%))
  Logic Levels:           6  (CARRY4=3 DSP48E1=2 LUT3=1)
  Clock Path Skew:        -0.038ns (DCD - SCD + CPR)
    Destination Clock Delay (DCD):    4.239ns = ( 14.239 - 10.000 ) 
    Source Clock Delay      (SCD):    4.677ns
    Clock Pessimism Removal (CPR):    0.400ns
  Clock Uncertainty:      0.035ns  ((TSJ^2 + TIJ^2)^1/2 + DJ) / 2 + PE
    Total System Jitter     (TSJ):    0.071ns
    Total Input Jitter      (TIJ):    0.000ns
    Discrete Jitter          (DJ):    0.000ns
    Phase Error              (PE):    0.000ns

    Location             Delay type                Incr(ns)  Path(ns)    Netlist Resource(s)
  -------------------------------------------------------------------    -------------------
                         (clock clk_sys_domain rise edge)
                                                      0.000     0.000 r  <hidden>
    N15                                               0.000     0.000 r  CLK
                         net (fo=0)                   0.000     0.000    CLK
    N15                  IBUF (Prop_ibuf_I_O)         1.040     1.040 r  CLK_IBUF_inst/O
                         net (fo=1, routed)           1.972     3.011    CLK_IBUF
    BUFGCTRL_X0Y0        BUFG (Prop_bufg_I_O)         0.096     3.107 r  CLK_IBUF_BUFG_inst/O
                         net (fo=135, routed)         1.569     4.677    CLK_IBUF_BUFG
    SLICE_X10Y44         FDCE                                         r  pipeline_reg_reg[7]/C
  -------------------------------------------------------------------    -------------------
    SLICE_X10Y44         FDCE (Prop_fdce_C_Q)         0.518     5.195 r  pipeline_reg_reg[7]/Q
                         net (fo=5, routed)           0.790     5.985    pipeline_reg[7]
    DSP48_X0Y17          DSP48E1 (Prop_dsp48e1_A[7]_PCOUT[47])
                                                      4.036    10.021 r  mult_pipe_reg0/PCOUT[47]
                         net (fo=1, routed)           0.002    10.023    mult_pipe_reg0_n_106
    DSP48_X0Y18          DSP48E1 (Prop_dsp48e1_PCIN[47]_P[0])
                                                      1.518    11.541 r  mult_pipe_reg0__0/P[0]
                         net (fo=1, routed)           0.799    12.340    mult_pipe_reg0__0_n_105
    SLICE_X12Y45         LUT3 (Prop_lut3_I2_O)        0.124    12.464 r  mult_pipe_reg[19]_i_7/O
                         net (fo=1, routed)           0.000    12.464    mult_pipe_reg[19]_i_7_n_0
    SLICE_X12Y45         CARRY4 (Prop_carry4_S[1]_CO[3])
                                                      0.533    12.997 r  mult_pipe_reg_reg[19]_i_1/CO[3]
                         net (fo=1, routed)           0.000    12.997    mult_pipe_reg_reg[19]_i_1_n_0
    SLICE_X12Y46         CARRY4 (Prop_carry4_CI_CO[3])
                                                      0.117    13.114 r  mult_pipe_reg_reg[23]_i_1/CO[3]
                         net (fo=1, routed)           0.000    13.114    mult_pipe_reg_reg[23]_i_1_n_0
    SLICE_X12Y47         CARRY4 (Prop_carry4_CI_O[3])
                                                      0.315    13.429 r  mult_pipe_reg_reg[27]_i_1/O[3]
                         net (fo=1, routed)           0.000    13.429    mult_pipe_reg_reg[27]_i_1_n_4
    SLICE_X12Y47         FDCE                                         r  mult_pipe_reg_reg[27]/D
  -------------------------------------------------------------------    -------------------

                         (clock clk_sys_domain rise edge)
                                                     10.000    10.000 r  <hidden>
    N15                                               0.000    10.000 r  CLK
                         net (fo=0)                   0.000    10.000    CLK
    N15                  IBUF (Prop_ibuf_I_O)         0.828    10.828 r  CLK_IBUF_inst/O
                         net (fo=1, routed)           1.868    12.696    CLK_IBUF
    BUFGCTRL_X0Y0        BUFG (Prop_bufg_I_O)         0.091    12.787 r  CLK_IBUF_BUFG_inst/O
                         net (fo=135, routed)         1.451    14.239    CLK_IBUF_BUFG
    SLICE_X12Y47         FDCE                                         r  mult_pipe_reg_reg[27]/C
                         clock pessimism              0.400    14.639    <hidden>
                         clock uncertainty           -0.035    14.603    <hidden>
    SLICE_X12Y47         FDCE (Setup_fdce_C_D)        0.109    14.712    mult_pipe_reg_reg[27]
  -------------------------------------------------------------------
                         required time                         14.712    <hidden>
                         arrival time                         -13.429    <hidden>
  -------------------------------------------------------------------
                         slack                                  1.283    <hidden>

Slack (MET) :             1.359ns  (required time - arrival time)
  Source:                 pipeline_reg_reg[7]/C
                            (rising edge-triggered cell FDCE clocked by clk_sys_domain  {rise@0.000ns fall@5.000ns period=10.000ns})
  Destination:            mult_pipe_reg_reg[26]/D
                            (rising edge-triggered cell FDCE clocked by clk_sys_domain  {rise@0.000ns fall@5.000ns period=10.000ns})
  Path Group:             clk_sys_domain
  Path Type:              Setup (Max at Slow Process Corner)
  Requirement:            10.000ns  (clk_sys_domain rise@10.000ns - clk_sys_domain rise@0.000ns)
  Data Path Delay:        8.676ns  (logic 7.085ns (81.659%)  route 1.591ns (18.341%))
  Logic Levels:           6  (CARRY4=3 DSP48E1=2 LUT3=1)
  Clock Path Skew:        -0.038ns (DCD - SCD + CPR)
    Destination Clock Delay (DCD):    4.239ns = ( 14.239 - 10.000 ) 
    Source Clock Delay      (SCD):    4.677ns
    Clock Pessimism Removal (CPR):    0.400ns
  Clock Uncertainty:      0.035ns  ((TSJ^2 + TIJ^2)^1/2 + DJ) / 2 + PE
    Total System Jitter     (TSJ):    0.071ns
    Total Input Jitter      (TIJ):    0.000ns
    Discrete Jitter          (DJ):    0.000ns
    Phase Error              (PE):    0.000ns

    Location             Delay type                Incr(ns)  Path(ns)    Netlist Resource(s)
  -------------------------------------------------------------------    -------------------
                         (clock clk_sys_domain rise edge)
                                                      0.000     0.000 r  <hidden>
    N15                                               0.000     0.000 r  CLK
                         net (fo=0)                   0.000     0.000    CLK
    N15                  IBUF (Prop_ibuf_I_O)         1.040     1.040 r  CLK_IBUF_inst/O
                         net (fo=1, routed)           1.972     3.011    CLK_IBUF
    BUFGCTRL_X0Y0        BUFG (Prop_bufg_I_O)         0.096     3.107 r  CLK_IBUF_BUFG_inst/O
                         net (fo=135, routed)         1.569     4.677    CLK_IBUF_BUFG
    SLICE_X10Y44         FDCE                                         r  pipeline_reg_reg[7]/C
  -------------------------------------------------------------------    -------------------
    SLICE_X10Y44         FDCE (Prop_fdce_C_Q)         0.518     5.195 r  pipeline_reg_reg[7]/Q
                         net (fo=5, routed)           0.790     5.985    pipeline_reg[7]
    DSP48_X0Y17          DSP48E1 (Prop_dsp48e1_A[7]_PCOUT[47])
                                                      4.036    10.021 r  mult_pipe_reg0/PCOUT[47]
                         net (fo=1, routed)           0.002    10.023    mult_pipe_reg0_n_106
    DSP48_X0Y18          DSP48E1 (Prop_dsp48e1_PCIN[47]_P[0])
                                                      1.518    11.541 r  mult_pipe_reg0__0/P[0]
                         net (fo=1, routed)           0.799    12.340    mult_pipe_reg0__0_n_105
    SLICE_X12Y45         LUT3 (Prop_lut3_I2_O)        0.124    12.464 r  mult_pipe_reg[19]_i_7/O
                         net (fo=1, routed)           0.000    12.464    mult_pipe_reg[19]_i_7_n_0
    SLICE_X12Y45         CARRY4 (Prop_carry4_S[1]_CO[3])
                                                      0.533    12.997 r  mult_pipe_reg_reg[19]_i_1/CO[3]
                         net (fo=1, routed)           0.000    12.997    mult_pipe_reg_reg[19]_i_1_n_0
    SLICE_X12Y46         CARRY4 (Prop_carry4_CI_CO[3])
                                                      0.117    13.114 r  mult_pipe_reg_reg[23]_i_1/CO[3]
                         net (fo=1, routed)           0.000    13.114    mult_pipe_reg_reg[23]_i_1_n_0
    SLICE_X12Y47         CARRY4 (Prop_carry4_CI_O[2])
                                                      0.239    13.353 r  mult_pipe_reg_reg[27]_i_1/O[2]
                         net (fo=1, routed)           0.000    13.353    mult_pipe_reg_reg[27]_i_1_n_5
    SLICE_X12Y47         FDCE                                         r  mult_pipe_reg_reg[26]/D
  -------------------------------------------------------------------    -------------------

                         (clock clk_sys_domain rise edge)
                                                     10.000    10.000 r  <hidden>
    N15                                               0.000    10.000 r  CLK
                         net (fo=0)                   0.000    10.000    CLK
    N15                  IBUF (Prop_ibuf_I_O)         0.828    10.828 r  CLK_IBUF_inst/O
                         net (fo=1, routed)           1.868    12.696    CLK_IBUF
    BUFGCTRL_X0Y0        BUFG (Prop_bufg_I_O)         0.091    12.787 r  CLK_IBUF_BUFG_inst/O
                         net (fo=135, routed)         1.451    14.239    CLK_IBUF_BUFG
    SLICE_X12Y47         FDCE                                         r  mult_pipe_reg_reg[26]/C
                         clock pessimism              0.400    14.639    <hidden>
                         clock uncertainty           -0.035    14.603    <hidden>
    SLICE_X12Y47         FDCE (Setup_fdce_C_D)        0.109    14.712    mult_pipe_reg_reg[26]
  -------------------------------------------------------------------
                         required time                         14.712    <hidden>
                         arrival time                         -13.353    <hidden>
  -------------------------------------------------------------------
                         slack                                  1.359    <hidden>

Slack (MET) :             1.379ns  (required time - arrival time)
  Source:                 pipeline_reg_reg[7]/C
                            (rising edge-triggered cell FDCE clocked by clk_sys_domain  {rise@0.000ns fall@5.000ns period=10.000ns})
  Destination:            mult_pipe_reg_reg[24]/D
                            (rising edge-triggered cell FDCE clocked by clk_sys_domain  {rise@0.000ns fall@5.000ns period=10.000ns})
  Path Group:             clk_sys_domain
  Path Type:              Setup (Max at Slow Process Corner)
  Requirement:            10.000ns  (clk_sys_domain rise@10.000ns - clk_sys_domain rise@0.000ns)
  Data Path Delay:        8.656ns  (logic 7.065ns (81.617%)  route 1.591ns (18.383%))
  Logic Levels:           6  (CARRY4=3 DSP48E1=2 LUT3=1)
  Clock Path Skew:        -0.038ns (DCD - SCD + CPR)
    Destination Clock Delay (DCD):    4.239ns = ( 14.239 - 10.000 ) 
    Source Clock Delay      (SCD):    4.677ns
    Clock Pessimism Removal (CPR):    0.400ns
  Clock Uncertainty:      0.035ns  ((TSJ^2 + TIJ^2)^1/2 + DJ) / 2 + PE
    Total System Jitter     (TSJ):    0.071ns
    Total Input Jitter      (TIJ):    0.000ns
    Discrete Jitter          (DJ):    0.000ns
    Phase Error              (PE):    0.000ns

    Location             Delay type                Incr(ns)  Path(ns)    Netlist Resource(s)
  -------------------------------------------------------------------    -------------------
                         (clock clk_sys_domain rise edge)
                                                      0.000     0.000 r  <hidden>
    N15                                               0.000     0.000 r  CLK
                         net (fo=0)                   0.000     0.000    CLK
    N15                  IBUF (Prop_ibuf_I_O)         1.040     1.040 r  CLK_IBUF_inst/O
                         net (fo=1, routed)           1.972     3.011    CLK_IBUF
    BUFGCTRL_X0Y0        BUFG (Prop_bufg_I_O)         0.096     3.107 r  CLK_IBUF_BUFG_inst/O
                         net (fo=135, routed)         1.569     4.677    CLK_IBUF_BUFG
    SLICE_X10Y44         FDCE                                         r  pipeline_reg_reg[7]/C
  -------------------------------------------------------------------    -------------------
    SLICE_X10Y44         FDCE (Prop_fdce_C_Q)         0.518     5.195 r  pipeline_reg_reg[7]/Q
                         net (fo=5, routed)           0.790     5.985    pipeline_reg[7]
    DSP48_X0Y17          DSP48E1 (Prop_dsp48e1_A[7]_PCOUT[47])
                                                      4.036    10.021 r  mult_pipe_reg0/PCOUT[47]
                         net (fo=1, routed)           0.002    10.023    mult_pipe_reg0_n_106
    DSP48_X0Y18          DSP48E1 (Prop_dsp48e1_PCIN[47]_P[0])
                                                      1.518    11.541 r  mult_pipe_reg0__0/P[0]
                         net (fo=1, routed)           0.799    12.340    mult_pipe_reg0__0_n_105
    SLICE_X12Y45         LUT3 (Prop_lut3_I2_O)        0.124    12.464 r  mult_pipe_reg[19]_i_7/O
                         net (fo=1, routed)           0.000    12.464    mult_pipe_reg[19]_i_7_n_0
    SLICE_X12Y45         CARRY4 (Prop_carry4_S[1]_CO[3])
                                                      0.533    12.997 r  mult_pipe_reg_reg[19]_i_1/CO[3]
                         net (fo=1, routed)           0.000    12.997    mult_pipe_reg_reg[19]_i_1_n_0
    SLICE_X12Y46         CARRY4 (Prop_carry4_CI_CO[3])
                                                      0.117    13.114 r  mult_pipe_reg_reg[23]_i_1/CO[3]
                         net (fo=1, routed)           0.000    13.114    mult_pipe_reg_reg[23]_i_1_n_0
    SLICE_X12Y47         CARRY4 (Prop_carry4_CI_O[0])
                                                      0.219    13.333 r  mult_pipe_reg_reg[27]_i_1/O[0]
                         net (fo=1, routed)           0.000    13.333    mult_pipe_reg_reg[27]_i_1_n_7
    SLICE_X12Y47         FDCE                                         r  mult_pipe_reg_reg[24]/D
  -------------------------------------------------------------------    -------------------

                         (clock clk_sys_domain rise edge)
                                                     10.000    10.000 r  <hidden>
    N15                                               0.000    10.000 r  CLK
                         net (fo=0)                   0.000    10.000    CLK
    N15                  IBUF (Prop_ibuf_I_O)         0.828    10.828 r  CLK_IBUF_inst/O
                         net (fo=1, routed)           1.868    12.696    CLK_IBUF
    BUFGCTRL_X0Y0        BUFG (Prop_bufg_I_O)         0.091    12.787 r  CLK_IBUF_BUFG_inst/O
                         net (fo=135, routed)         1.451    14.239    CLK_IBUF_BUFG
    SLICE_X12Y47         FDCE                                         r  mult_pipe_reg_reg[24]/C
                         clock pessimism              0.400    14.639    <hidden>
                         clock uncertainty           -0.035    14.603    <hidden>
    SLICE_X12Y47         FDCE (Setup_fdce_C_D)        0.109    14.712    mult_pipe_reg_reg[24]
  -------------------------------------------------------------------
                         required time                         14.712    <hidden>
                         arrival time                         -13.333    <hidden>
  -------------------------------------------------------------------
                         slack                                  1.379    <hidden>

Slack (MET) :             1.391ns  (required time - arrival time)
  Source:                 pipeline_reg_reg[7]/C
                            (rising edge-triggered cell FDCE clocked by clk_sys_domain  {rise@0.000ns fall@5.000ns period=10.000ns})
  Destination:            mult_pipe_reg_reg[21]/D
                            (rising edge-triggered cell FDCE clocked by clk_sys_domain  {rise@0.000ns fall@5.000ns period=10.000ns})
  Path Group:             clk_sys_domain
  Path Type:              Setup (Max at Slow Process Corner)
  Requirement:            10.000ns  (clk_sys_domain rise@10.000ns - clk_sys_domain rise@0.000ns)
  Data Path Delay:        8.643ns  (logic 7.052ns (81.589%)  route 1.591ns (18.411%))
  Logic Levels:           5  (CARRY4=2 DSP48E1=2 LUT3=1)
  Clock Path Skew:        -0.039ns (DCD - SCD + CPR)
    Destination Clock Delay (DCD):    4.238ns = ( 14.238 - 10.000 ) 
    Source Clock Delay      (SCD):    4.677ns
    Clock Pessimism Removal (CPR):    0.400ns
  Clock Uncertainty:      0.035ns  ((TSJ^2 + TIJ^2)^1/2 + DJ) / 2 + PE
    Total System Jitter     (TSJ):    0.071ns
    Total Input Jitter      (TIJ):    0.000ns
    Discrete Jitter          (DJ):    0.000ns
    Phase Error              (PE):    0.000ns

    Location             Delay type                Incr(ns)  Path(ns)    Netlist Resource(s)
  -------------------------------------------------------------------    -------------------
                         (clock clk_sys_domain rise edge)
                                                      0.000     0.000 r  <hidden>
    N15                                               0.000     0.000 r  CLK
                         net (fo=0)                   0.000     0.000    CLK
    N15                  IBUF (Prop_ibuf_I_O)         1.040     1.040 r  CLK_IBUF_inst/O
                         net (fo=1, routed)           1.972     3.011    CLK_IBUF
    BUFGCTRL_X0Y0        BUFG (Prop_bufg_I_O)         0.096     3.107 r  CLK_IBUF_BUFG_inst/O
                         net (fo=135, routed)         1.569     4.677    CLK_IBUF_BUFG
    SLICE_X10Y44         FDCE                                         r  pipeline_reg_reg[7]/C
  -------------------------------------------------------------------    -------------------
    SLICE_X10Y44         FDCE (Prop_fdce_C_Q)         0.518     5.195 r  pipeline_reg_reg[7]/Q
                         net (fo=5, routed)           0.790     5.985    pipeline_reg[7]
    DSP48_X0Y17          DSP48E1 (Prop_dsp48e1_A[7]_PCOUT[47])
                                                      4.036    10.021 r  mult_pipe_reg0/PCOUT[47]
                         net (fo=1, routed)           0.002    10.023    mult_pipe_reg0_n_106
    DSP48_X0Y18          DSP48E1 (Prop_dsp48e1_PCIN[47]_P[0])
                                                      1.518    11.541 r  mult_pipe_reg0__0/P[0]
                         net (fo=1, routed)           0.799    12.340    mult_pipe_reg0__0_n_105
    SLICE_X12Y45         LUT3 (Prop_lut3_I2_O)        0.124    12.464 r  mult_pipe_reg[19]_i_7/O
                         net (fo=1, routed)           0.000    12.464    mult_pipe_reg[19]_i_7_n_0
    SLICE_X12Y45         CARRY4 (Prop_carry4_S[1]_CO[3])
                                                      0.533    12.997 r  mult_pipe_reg_reg[19]_i_1/CO[3]
                         net (fo=1, routed)           0.000    12.997    mult_pipe_reg_reg[19]_i_1_n_0
    SLICE_X12Y46         CARRY4 (Prop_carry4_CI_O[1])
                                                      0.323    13.320 r  mult_pipe_reg_reg[23]_i_1/O[1]
                         net (fo=1, routed)           0.000    13.320    mult_pipe_reg_reg[23]_i_1_n_6
    SLICE_X12Y46         FDCE                                         r  mult_pipe_reg_reg[21]/D
  -------------------------------------------------------------------    -------------------

                         (clock clk_sys_domain rise edge)
                                                     10.000    10.000 r  <hidden>
    N15                                               0.000    10.000 r  CLK
                         net (fo=0)                   0.000    10.000    CLK
    N15                  IBUF (Prop_ibuf_I_O)         0.828    10.828 r  CLK_IBUF_inst/O
                         net (fo=1, routed)           1.868    12.696    CLK_IBUF
    BUFGCTRL_X0Y0        BUFG (Prop_bufg_I_O)         0.091    12.787 r  CLK_IBUF_BUFG_inst/O
                         net (fo=135, routed)         1.450    14.238    CLK_IBUF_BUFG
    SLICE_X12Y46         FDCE                                         r  mult_pipe_reg_reg[21]/C
                         clock pessimism              0.400    14.638    <hidden>
                         clock uncertainty           -0.035    14.602    <hidden>
    SLICE_X12Y46         FDCE (Setup_fdce_C_D)        0.109    14.711    mult_pipe_reg_reg[21]
  -------------------------------------------------------------------
                         required time                         14.711    <hidden>
                         arrival time                         -13.320    <hidden>
  -------------------------------------------------------------------
                         slack                                  1.391    <hidden>

Slack (MET) :             1.399ns  (required time - arrival time)
  Source:                 pipeline_reg_reg[7]/C
                            (rising edge-triggered cell FDCE clocked by clk_sys_domain  {rise@0.000ns fall@5.000ns period=10.000ns})
  Destination:            mult_pipe_reg_reg[23]/D
                            (rising edge-triggered cell FDCE clocked by clk_sys_domain  {rise@0.000ns fall@5.000ns period=10.000ns})
  Path Group:             clk_sys_domain
  Path Type:              Setup (Max at Slow Process Corner)
  Requirement:            10.000ns  (clk_sys_domain rise@10.000ns - clk_sys_domain rise@0.000ns)
  Data Path Delay:        8.635ns  (logic 7.044ns (81.572%)  route 1.591ns (18.428%))
  Logic Levels:           5  (CARRY4=2 DSP48E1=2 LUT3=1)
  Clock Path Skew:        -0.039ns (DCD - SCD + CPR)
    Destination Clock Delay (DCD):    4.238ns = ( 14.238 - 10.000 ) 
    Source Clock Delay      (SCD):    4.677ns
    Clock Pessimism Removal (CPR):    0.400ns
  Clock Uncertainty:      0.035ns  ((TSJ^2 + TIJ^2)^1/2 + DJ) / 2 + PE
    Total System Jitter     (TSJ):    0.071ns
    Total Input Jitter      (TIJ):    0.000ns
    Discrete Jitter          (DJ):    0.000ns
    Phase Error              (PE):    0.000ns

    Location             Delay type                Incr(ns)  Path(ns)    Netlist Resource(s)
  -------------------------------------------------------------------    -------------------
                         (clock clk_sys_domain rise edge)
                                                      0.000     0.000 r  <hidden>
    N15                                               0.000     0.000 r  CLK
                         net (fo=0)                   0.000     0.000    CLK
    N15                  IBUF (Prop_ibuf_I_O)         1.040     1.040 r  CLK_IBUF_inst/O
                         net (fo=1, routed)           1.972     3.011    CLK_IBUF
    BUFGCTRL_X0Y0        BUFG (Prop_bufg_I_O)         0.096     3.107 r  CLK_IBUF_BUFG_inst/O
                         net (fo=135, routed)         1.569     4.677    CLK_IBUF_BUFG
    SLICE_X10Y44         FDCE                                         r  pipeline_reg_reg[7]/C
  -------------------------------------------------------------------    -------------------
    SLICE_X10Y44         FDCE (Prop_fdce_C_Q)         0.518     5.195 r  pipeline_reg_reg[7]/Q
                         net (fo=5, routed)           0.790     5.985    pipeline_reg[7]
    DSP48_X0Y17          DSP48E1 (Prop_dsp48e1_A[7]_PCOUT[47])
                                                      4.036    10.021 r  mult_pipe_reg0/PCOUT[47]
                         net (fo=1, routed)           0.002    10.023    mult_pipe_reg0_n_106
    DSP48_X0Y18          DSP48E1 (Prop_dsp48e1_PCIN[47]_P[0])
                                                      1.518    11.541 r  mult_pipe_reg0__0/P[0]
                         net (fo=1, routed)           0.799    12.340    mult_pipe_reg0__0_n_105
    SLICE_X12Y45         LUT3 (Prop_lut3_I2_O)        0.124    12.464 r  mult_pipe_reg[19]_i_7/O
                         net (fo=1, routed)           0.000    12.464    mult_pipe_reg[19]_i_7_n_0
    SLICE_X12Y45         CARRY4 (Prop_carry4_S[1]_CO[3])
                                                      0.533    12.997 r  mult_pipe_reg_reg[19]_i_1/CO[3]
                         net (fo=1, routed)           0.000    12.997    mult_pipe_reg_reg[19]_i_1_n_0
    SLICE_X12Y46         CARRY4 (Prop_carry4_CI_O[3])
                                                      0.315    13.312 r  mult_pipe_reg_reg[23]_i_1/O[3]
                         net (fo=1, routed)           0.000    13.312    mult_pipe_reg_reg[23]_i_1_n_4
    SLICE_X12Y46         FDCE                                         r  mult_pipe_reg_reg[23]/D
  -------------------------------------------------------------------    -------------------

                         (clock clk_sys_domain rise edge)
                                                     10.000    10.000 r  <hidden>
    N15                                               0.000    10.000 r  CLK
                         net (fo=0)                   0.000    10.000    CLK
    N15                  IBUF (Prop_ibuf_I_O)         0.828    10.828 r  CLK_IBUF_inst/O
                         net (fo=1, routed)           1.868    12.696    CLK_IBUF
    BUFGCTRL_X0Y0        BUFG (Prop_bufg_I_O)         0.091    12.787 r  CLK_IBUF_BUFG_inst/O
                         net (fo=135, routed)         1.450    14.238    CLK_IBUF_BUFG
    SLICE_X12Y46         FDCE                                         r  mult_pipe_reg_reg[23]/C
                         clock pessimism              0.400    14.638    <hidden>
                         clock uncertainty           -0.035    14.602    <hidden>
    SLICE_X12Y46         FDCE (Setup_fdce_C_D)        0.109    14.711    mult_pipe_reg_reg[23]
  -------------------------------------------------------------------
                         required time                         14.711    <hidden>
                         arrival time                         -13.312    <hidden>
  -------------------------------------------------------------------
                         slack                                  1.399    <hidden>





Min Delay Paths
--------------------------------------------------------------------------------------
Slack (MET) :             0.196ns  (arrival time - required time)
  Source:                 mult_pipe_reg_reg[10]/C
                            (rising edge-triggered cell FDCE clocked by clk_sys_domain  {rise@0.000ns fall@5.000ns period=10.000ns})
  Destination:            mult_reg_reg[10]/D
                            (rising edge-triggered cell FDCE clocked by clk_sys_domain  {rise@0.000ns fall@5.000ns period=10.000ns})
  Path Group:             clk_sys_domain
  Path Type:              Hold (Min at Fast Process Corner)
  Requirement:            0.000ns  (clk_sys_domain rise@0.000ns - clk_sys_domain rise@0.000ns)
  Data Path Delay:        0.353ns  (logic 0.186ns (52.674%)  route 0.167ns (47.326%))
  Logic Levels:           1  (LUT2=1)
  Clock Path Skew:        0.036ns (DCD - SCD - CPR)
    Destination Clock Delay (DCD):    1.933ns
    Source Clock Delay      (SCD):    1.416ns
    Clock Pessimism Removal (CPR):    0.480ns

    Location             Delay type                Incr(ns)  Path(ns)    Netlist Resource(s)
  -------------------------------------------------------------------    -------------------
                         (clock clk_sys_domain rise edge)
                                                      0.000     0.000 r  <hidden>
    N15                                               0.000     0.000 r  CLK
                         net (fo=0)                   0.000     0.000    CLK
    N15                  IBUF (Prop_ibuf_I_O)         0.191     0.191 r  CLK_IBUF_inst/O
                         net (fo=1, routed)           0.634     0.825    CLK_IBUF
    BUFGCTRL_X0Y0        BUFG (Prop_bufg_I_O)         0.026     0.851 r  CLK_IBUF_BUFG_inst/O
                         net (fo=135, routed)         0.566     1.416    CLK_IBUF_BUFG
    SLICE_X11Y43         FDCE                                         r  mult_pipe_reg_reg[10]/C
  -------------------------------------------------------------------    -------------------
    SLICE_X11Y43         FDCE (Prop_fdce_C_Q)         0.141     1.557 r  mult_pipe_reg_reg[10]/Q
                         net (fo=1, routed)           0.167     1.725    mult_pipe_reg_reg_n_0_[10]
    SLICE_X12Y43         LUT2 (Prop_lut2_I0_O)        0.045     1.770 r  mult_reg[10]_i_1/O
                         net (fo=1, routed)           0.000     1.770    p_0_in[10]
    SLICE_X12Y43         FDCE                                         r  mult_reg_reg[10]/D
  -------------------------------------------------------------------    -------------------

                         (clock clk_sys_domain rise edge)
                                                      0.000     0.000 r  <hidden>
    N15                                               0.000     0.000 r  CLK
                         net (fo=0)                   0.000     0.000    CLK
    N15                  IBUF (Prop_ibuf_I_O)         0.380     0.380 r  CLK_IBUF_inst/O
                         net (fo=1, routed)           0.689     1.068    CLK_IBUF
    BUFGCTRL_X0Y0        BUFG (Prop_bufg_I_O)         0.029     1.097 r  CLK_IBUF_BUFG_inst/O
                         net (fo=135, routed)         0.836     1.933    CLK_IBUF_BUFG
    SLICE_X12Y43         FDCE                                         r  mult_reg_reg[10]/C
                         clock pessimism             -0.480     1.452    <hidden>
    SLICE_X12Y43         FDCE (Hold_fdce_C_D)         0.121     1.573    mult_reg_reg[10]
  -------------------------------------------------------------------
                         required time                         -1.573    <hidden>
                         arrival time                           1.770    <hidden>
  -------------------------------------------------------------------
                         slack                                  0.196    <hidden>

Slack (MET) :             0.209ns  (arrival time - required time)
  Source:                 mult_pipe_reg_reg[5]/C
                            (rising edge-triggered cell FDCE clocked by clk_sys_domain  {rise@0.000ns fall@5.000ns period=10.000ns})
  Destination:            mult_reg_reg[5]/D
                            (rising edge-triggered cell FDCE clocked by clk_sys_domain  {rise@0.000ns fall@5.000ns period=10.000ns})
  Path Group:             clk_sys_domain
  Path Type:              Hold (Min at Fast Process Corner)
  Requirement:            0.000ns  (clk_sys_domain rise@0.000ns - clk_sys_domain rise@0.000ns)
  Data Path Delay:        0.316ns  (logic 0.230ns (72.892%)  route 0.086ns (27.108%))
  Logic Levels:           1  (LUT2=1)
  Clock Path Skew:        0.000ns (DCD - SCD - CPR)
    Destination Clock Delay (DCD):    1.933ns
    Source Clock Delay      (SCD):    1.416ns
    Clock Pessimism Removal (CPR):    0.516ns

    Location             Delay type                Incr(ns)  Path(ns)    Netlist Resource(s)
  -------------------------------------------------------------------    -------------------
                         (clock clk_sys_domain rise edge)
                                                      0.000     0.000 r  <hidden>
    N15                                               0.000     0.000 r  CLK
                         net (fo=0)                   0.000     0.000    CLK
    N15                  IBUF (Prop_ibuf_I_O)         0.191     0.191 r  CLK_IBUF_inst/O
                         net (fo=1, routed)           0.634     0.825    CLK_IBUF
    BUFGCTRL_X0Y0        BUFG (Prop_bufg_I_O)         0.026     0.851 r  CLK_IBUF_BUFG_inst/O
                         net (fo=135, routed)         0.566     1.416    CLK_IBUF_BUFG
    SLICE_X13Y44         FDCE                                         r  mult_pipe_reg_reg[5]/C
  -------------------------------------------------------------------    -------------------
    SLICE_X13Y44         FDCE (Prop_fdce_C_Q)         0.128     1.544 r  mult_pipe_reg_reg[5]/Q
                         net (fo=1, routed)           0.086     1.630    mult_pipe_reg_reg_n_0_[5]
    SLICE_X13Y44         LUT2 (Prop_lut2_I0_O)        0.102     1.732 r  mult_reg[5]_i_1/O
                         net (fo=1, routed)           0.000     1.732    p_0_in[5]
    SLICE_X13Y44         FDCE                                         r  mult_reg_reg[5]/D
  -------------------------------------------------------------------    -------------------

                         (clock clk_sys_domain rise edge)
                                                      0.000     0.000 r  <hidden>
    N15                                               0.000     0.000 r  CLK
                         net (fo=0)                   0.000     0.000    CLK
    N15                  IBUF (Prop_ibuf_I_O)         0.380     0.380 r  CLK_IBUF_inst/O
                         net (fo=1, routed)           0.689     1.068    CLK_IBUF
    BUFGCTRL_X0Y0        BUFG (Prop_bufg_I_O)         0.029     1.097 r  CLK_IBUF_BUFG_inst/O
                         net (fo=135, routed)         0.836     1.933    CLK_IBUF_BUFG
    SLICE_X13Y44         FDCE                                         r  mult_reg_reg[5]/C
                         clock pessimism             -0.516     1.416    <hidden>
    SLICE_X13Y44         FDCE (Hold_fdce_C_D)         0.107     1.523    mult_reg_reg[5]
  -------------------------------------------------------------------
                         required time                         -1.523    <hidden>
                         arrival time                           1.732    <hidden>
  -------------------------------------------------------------------
                         slack                                  0.209    <hidden>

Slack (MET) :             0.230ns  (arrival time - required time)
  Source:                 mult_pipe_reg_reg[0]/C
                            (rising edge-triggered cell FDCE clocked by clk_sys_domain  {rise@0.000ns fall@5.000ns period=10.000ns})
  Destination:            mult_reg_reg[0]/D
                            (rising edge-triggered cell FDCE clocked by clk_sys_domain  {rise@0.000ns fall@5.000ns period=10.000ns})
  Path Group:             clk_sys_domain
  Path Type:              Hold (Min at Fast Process Corner)
  Requirement:            0.000ns  (clk_sys_domain rise@0.000ns - clk_sys_domain rise@0.000ns)
  Data Path Delay:        0.322ns  (logic 0.186ns (57.733%)  route 0.136ns (42.267%))
  Logic Levels:           1  (LUT2=1)
  Clock Path Skew:        0.000ns (DCD - SCD - CPR)
    Destination Clock Delay (DCD):    1.933ns
    Source Clock Delay      (SCD):    1.416ns
    Clock Pessimism Removal (CPR):    0.516ns

    Location             Delay type                Incr(ns)  Path(ns)    Netlist Resource(s)
  -------------------------------------------------------------------    -------------------
                         (clock clk_sys_domain rise edge)
                                                      0.000     0.000 r  <hidden>
    N15                                               0.000     0.000 r  CLK
                         net (fo=0)                   0.000     0.000    CLK
    N15                  IBUF (Prop_ibuf_I_O)         0.191     0.191 r  CLK_IBUF_inst/O
                         net (fo=1, routed)           0.634     0.825    CLK_IBUF
    BUFGCTRL_X0Y0        BUFG (Prop_bufg_I_O)         0.026     0.851 r  CLK_IBUF_BUFG_inst/O
                         net (fo=135, routed)         0.566     1.416    CLK_IBUF_BUFG
    SLICE_X13Y44         FDCE                                         r  mult_pipe_reg_reg[0]/C
  -------------------------------------------------------------------    -------------------
    SLICE_X13Y44         FDCE (Prop_fdce_C_Q)         0.141     1.557 r  mult_pipe_reg_reg[0]/Q
                         net (fo=1, routed)           0.136     1.694    mult_pipe_reg_reg_n_0_[0]
    SLICE_X13Y44         LUT2 (Prop_lut2_I0_O)        0.045     1.739 r  mult_reg[0]_i_1/O
                         net (fo=1, routed)           0.000     1.739    p_0_in[0]
    SLICE_X13Y44         FDCE                                         r  mult_reg_reg[0]/D
  -------------------------------------------------------------------    -------------------

                         (clock clk_sys_domain rise edge)
                                                      0.000     0.000 r  <hidden>
    N15                                               0.000     0.000 r  CLK
                         net (fo=0)                   0.000     0.000    CLK
    N15                  IBUF (Prop_ibuf_I_O)         0.380     0.380 r  CLK_IBUF_inst/O
                         net (fo=1, routed)           0.689     1.068    CLK_IBUF
    BUFGCTRL_X0Y0        BUFG (Prop_bufg_I_O)         0.029     1.097 r  CLK_IBUF_BUFG_inst/O
                         net (fo=135, routed)         0.836     1.933    CLK_IBUF_BUFG
    SLICE_X13Y44         FDCE                                         r  mult_reg_reg[0]/C
                         clock pessimism             -0.516     1.416    <hidden>
    SLICE_X13Y44         FDCE (Hold_fdce_C_D)         0.092     1.508    mult_reg_reg[0]
  -------------------------------------------------------------------
                         required time                         -1.508    <hidden>
                         arrival time                           1.739    <hidden>
  -------------------------------------------------------------------
                         slack                                  0.230    <hidden>

Slack (MET) :             0.246ns  (arrival time - required time)
  Source:                 mult_pipe_reg_reg[2]/C
                            (rising edge-triggered cell FDCE clocked by clk_sys_domain  {rise@0.000ns fall@5.000ns period=10.000ns})
  Destination:            mult_reg_reg[2]/D
                            (rising edge-triggered cell FDCE clocked by clk_sys_domain  {rise@0.000ns fall@5.000ns period=10.000ns})
  Path Group:             clk_sys_domain
  Path Type:              Hold (Min at Fast Process Corner)
  Requirement:            0.000ns  (clk_sys_domain rise@0.000ns - clk_sys_domain rise@0.000ns)
  Data Path Delay:        0.380ns  (logic 0.186ns (48.934%)  route 0.194ns (51.066%))
  Logic Levels:           1  (LUT2=1)
  Clock Path Skew:        0.013ns (DCD - SCD - CPR)
    Destination Clock Delay (DCD):    1.933ns
    Source Clock Delay      (SCD):    1.416ns
    Clock Pessimism Removal (CPR):    0.503ns

    Location             Delay type                Incr(ns)  Path(ns)    Netlist Resource(s)
  -------------------------------------------------------------------    -------------------
                         (clock clk_sys_domain rise edge)
                                                      0.000     0.000 r  <hidden>
    N15                                               0.000     0.000 r  CLK
                         net (fo=0)                   0.000     0.000    CLK
    N15                  IBUF (Prop_ibuf_I_O)         0.191     0.191 r  CLK_IBUF_inst/O
                         net (fo=1, routed)           0.634     0.825    CLK_IBUF
    BUFGCTRL_X0Y0        BUFG (Prop_bufg_I_O)         0.026     0.851 r  CLK_IBUF_BUFG_inst/O
                         net (fo=135, routed)         0.566     1.416    CLK_IBUF_BUFG
    SLICE_X13Y43         FDCE                                         r  mult_pipe_reg_reg[2]/C
  -------------------------------------------------------------------    -------------------
    SLICE_X13Y43         FDCE (Prop_fdce_C_Q)         0.141     1.557 r  mult_pipe_reg_reg[2]/Q
                         net (fo=1, routed)           0.194     1.752    mult_pipe_reg_reg_n_0_[2]
    SLICE_X12Y43         LUT2 (Prop_lut2_I0_O)        0.045     1.797 r  mult_reg[2]_i_1/O
                         net (fo=1, routed)           0.000     1.797    p_0_in[2]
    SLICE_X12Y43         FDCE                                         r  mult_reg_reg[2]/D
  -------------------------------------------------------------------    -------------------

                         (clock clk_sys_domain rise edge)
                                                      0.000     0.000 r  <hidden>
    N15                                               0.000     0.000 r  CLK
                         net (fo=0)                   0.000     0.000    CLK
    N15                  IBUF (Prop_ibuf_I_O)         0.380     0.380 r  CLK_IBUF_inst/O
                         net (fo=1, routed)           0.689     1.068    CLK_IBUF
    BUFGCTRL_X0Y0        BUFG (Prop_bufg_I_O)         0.029     1.097 r  CLK_IBUF_BUFG_inst/O
                         net (fo=135, routed)         0.836     1.933    CLK_IBUF_BUFG
    SLICE_X12Y43         FDCE                                         r  mult_reg_reg[2]/C
                         clock pessimism             -0.503     1.429    <hidden>
    SLICE_X12Y43         FDCE (Hold_fdce_C_D)         0.121     1.550    mult_reg_reg[2]
  -------------------------------------------------------------------
                         required time                         -1.550    <hidden>
                         arrival time                           1.797    <hidden>
  -------------------------------------------------------------------
                         slack                                  0.246    <hidden>

Slack (MET) :             0.259ns  (arrival time - required time)
  Source:                 mult_pipe_reg_reg[24]/C
                            (rising edge-triggered cell FDCE clocked by clk_sys_domain  {rise@0.000ns fall@5.000ns period=10.000ns})
  Destination:            mult_reg_reg[24]/D
                            (rising edge-triggered cell FDCE clocked by clk_sys_domain  {rise@0.000ns fall@5.000ns period=10.000ns})
  Path Group:             clk_sys_domain
  Path Type:              Hold (Min at Fast Process Corner)
  Requirement:            0.000ns  (clk_sys_domain rise@0.000ns - clk_sys_domain rise@0.000ns)
  Data Path Delay:        0.395ns  (logic 0.209ns (52.888%)  route 0.186ns (47.112%))
  Logic Levels:           1  (LUT2=1)
  Clock Path Skew:        0.016ns (DCD - SCD - CPR)
    Destination Clock Delay (DCD):    1.934ns
    Source Clock Delay      (SCD):    1.417ns
    Clock Pessimism Removal (CPR):    0.500ns

    Location             Delay type                Incr(ns)  Path(ns)    Netlist Resource(s)
  -------------------------------------------------------------------    -------------------
                         (clock clk_sys_domain rise edge)
                                                      0.000     0.000 r  <hidden>
    N15                                               0.000     0.000 r  CLK
                         net (fo=0)                   0.000     0.000    CLK
    N15                  IBUF (Prop_ibuf_I_O)         0.191     0.191 r  CLK_IBUF_inst/O
                         net (fo=1, routed)           0.634     0.825    CLK_IBUF
    BUFGCTRL_X0Y0        BUFG (Prop_bufg_I_O)         0.026     0.851 r  CLK_IBUF_BUFG_inst/O
                         net (fo=135, routed)         0.567     1.417    CLK_IBUF_BUFG
    SLICE_X12Y47         FDCE                                         r  mult_pipe_reg_reg[24]/C
  -------------------------------------------------------------------    -------------------
    SLICE_X12Y47         FDCE (Prop_fdce_C_Q)         0.164     1.581 r  mult_pipe_reg_reg[24]/Q
                         net (fo=1, routed)           0.186     1.768    mult_pipe_reg_reg_n_0_[24]
    SLICE_X14Y47         LUT2 (Prop_lut2_I0_O)        0.045     1.813 r  mult_reg[24]_i_1/O
                         net (fo=1, routed)           0.000     1.813    p_0_in[24]
    SLICE_X14Y47         FDCE                                         r  mult_reg_reg[24]/D
  -------------------------------------------------------------------    -------------------

                         (clock clk_sys_domain rise edge)
                                                      0.000     0.000 r  <hidden>
    N15                                               0.000     0.000 r  CLK
                         net (fo=0)                   0.000     0.000    CLK
    N15                  IBUF (Prop_ibuf_I_O)         0.380     0.380 r  CLK_IBUF_inst/O
                         net (fo=1, routed)           0.689     1.068    CLK_IBUF
    BUFGCTRL_X0Y0        BUFG (Prop_bufg_I_O)         0.029     1.097 r  CLK_IBUF_BUFG_inst/O
                         net (fo=135, routed)         0.837     1.934    CLK_IBUF_BUFG
    SLICE_X14Y47         FDCE                                         r  mult_reg_reg[24]/C
                         clock pessimism             -0.500     1.433    <hidden>
    SLICE_X14Y47         FDCE (Hold_fdce_C_D)         0.120     1.553    mult_reg_reg[24]
  -------------------------------------------------------------------
                         required time                         -1.553    <hidden>
                         arrival time                           1.813    <hidden>
  -------------------------------------------------------------------
                         slack                                  0.259    <hidden>

Slack (MET) :             0.268ns  (arrival time - required time)
  Source:                 mult_pipe_reg_reg[25]/C
                            (rising edge-triggered cell FDCE clocked by clk_sys_domain  {rise@0.000ns fall@5.000ns period=10.000ns})
  Destination:            mult_reg_reg[25]/D
                            (rising edge-triggered cell FDCE clocked by clk_sys_domain  {rise@0.000ns fall@5.000ns period=10.000ns})
  Path Group:             clk_sys_domain
  Path Type:              Hold (Min at Fast Process Corner)
  Requirement:            0.000ns  (clk_sys_domain rise@0.000ns - clk_sys_domain rise@0.000ns)
  Data Path Delay:        0.415ns  (logic 0.207ns (49.859%)  route 0.208ns (50.141%))
  Logic Levels:           1  (LUT2=1)
  Clock Path Skew:        0.016ns (DCD - SCD - CPR)
    Destination Clock Delay (DCD):    1.934ns
    Source Clock Delay      (SCD):    1.417ns
    Clock Pessimism Removal (CPR):    0.500ns

    Location             Delay type                Incr(ns)  Path(ns)    Netlist Resource(s)
  -------------------------------------------------------------------    -------------------
                         (clock clk_sys_domain rise edge)
                                                      0.000     0.000 r  <hidden>
    N15                                               0.000     0.000 r  CLK
                         net (fo=0)                   0.000     0.000    CLK
    N15                  IBUF (Prop_ibuf_I_O)         0.191     0.191 r  CLK_IBUF_inst/O
                         net (fo=1, routed)           0.634     0.825    CLK_IBUF
    BUFGCTRL_X0Y0        BUFG (Prop_bufg_I_O)         0.026     0.851 r  CLK_IBUF_BUFG_inst/O
                         net (fo=135, routed)         0.567     1.417    CLK_IBUF_BUFG
    SLICE_X12Y47         FDCE                                         r  mult_pipe_reg_reg[25]/C
  -------------------------------------------------------------------    -------------------
    SLICE_X12Y47         FDCE (Prop_fdce_C_Q)         0.164     1.581 r  mult_pipe_reg_reg[25]/Q
                         net (fo=1, routed)           0.208     1.790    mult_pipe_reg_reg_n_0_[25]
    SLICE_X14Y47         LUT2 (Prop_lut2_I0_O)        0.043     1.833 r  mult_reg[25]_i_1/O
                         net (fo=1, routed)           0.000     1.833    p_0_in[25]
    SLICE_X14Y47         FDCE                                         r  mult_reg_reg[25]/D
  -------------------------------------------------------------------    -------------------

                         (clock clk_sys_domain rise edge)
                                                      0.000     0.000 r  <hidden>
    N15                                               0.000     0.000 r  CLK
                         net (fo=0)                   0.000     0.000    CLK
    N15                  IBUF (Prop_ibuf_I_O)         0.380     0.380 r  CLK_IBUF_inst/O
                         net (fo=1, routed)           0.689     1.068    CLK_IBUF
    BUFGCTRL_X0Y0        BUFG (Prop_bufg_I_O)         0.029     1.097 r  CLK_IBUF_BUFG_inst/O
                         net (fo=135, routed)         0.837     1.934    CLK_IBUF_BUFG
    SLICE_X14Y47         FDCE                                         r  mult_reg_reg[25]/C
                         clock pessimism             -0.500     1.433    <hidden>
    SLICE_X14Y47         FDCE (Hold_fdce_C_D)         0.131     1.564    mult_reg_reg[25]
  -------------------------------------------------------------------
                         required time                         -1.564    <hidden>
                         arrival time                           1.833    <hidden>
  -------------------------------------------------------------------
                         slack                                  0.268    <hidden>

Slack (MET) :             0.277ns  (arrival time - required time)
  Source:                 mult_pipe_reg_reg[3]/C
                            (rising edge-triggered cell FDCE clocked by clk_sys_domain  {rise@0.000ns fall@5.000ns period=10.000ns})
  Destination:            mult_reg_reg[3]/D
                            (rising edge-triggered cell FDCE clocked by clk_sys_domain  {rise@0.000ns fall@5.000ns period=10.000ns})
  Path Group:             clk_sys_domain
  Path Type:              Hold (Min at Fast Process Corner)
  Requirement:            0.000ns  (clk_sys_domain rise@0.000ns - clk_sys_domain rise@0.000ns)
  Data Path Delay:        0.421ns  (logic 0.228ns (54.104%)  route 0.193ns (45.896%))
  Logic Levels:           1  (LUT2=1)
  Clock Path Skew:        0.013ns (DCD - SCD - CPR)
    Destination Clock Delay (DCD):    1.933ns
    Source Clock Delay      (SCD):    1.416ns
    Clock Pessimism Removal (CPR):    0.503ns

    Location             Delay type                Incr(ns)  Path(ns)    Netlist Resource(s)
  -------------------------------------------------------------------    -------------------
                         (clock clk_sys_domain rise edge)
                                                      0.000     0.000 r  <hidden>
    N15                                               0.000     0.000 r  CLK
                         net (fo=0)                   0.000     0.000    CLK
    N15                  IBUF (Prop_ibuf_I_O)         0.191     0.191 r  CLK_IBUF_inst/O
                         net (fo=1, routed)           0.634     0.825    CLK_IBUF
    BUFGCTRL_X0Y0        BUFG (Prop_bufg_I_O)         0.026     0.851 r  CLK_IBUF_BUFG_inst/O
                         net (fo=135, routed)         0.566     1.416    CLK_IBUF_BUFG
    SLICE_X13Y43         FDCE                                         r  mult_pipe_reg_reg[3]/C
  -------------------------------------------------------------------    -------------------
    SLICE_X13Y43         FDCE (Prop_fdce_C_Q)         0.128     1.544 r  mult_pipe_reg_reg[3]/Q
                         net (fo=1, routed)           0.193     1.738    mult_pipe_reg_reg_n_0_[3]
    SLICE_X12Y43         LUT2 (Prop_lut2_I0_O)        0.100     1.838 r  mult_reg[3]_i_1/O
                         net (fo=1, routed)           0.000     1.838    p_0_in[3]
    SLICE_X12Y43         FDCE                                         r  mult_reg_reg[3]/D
  -------------------------------------------------------------------    -------------------

                         (clock clk_sys_domain rise edge)
                                                      0.000     0.000 r  <hidden>
    N15                                               0.000     0.000 r  CLK
                         net (fo=0)                   0.000     0.000    CLK
    N15                  IBUF (Prop_ibuf_I_O)         0.380     0.380 r  CLK_IBUF_inst/O
                         net (fo=1, routed)           0.689     1.068    CLK_IBUF
    BUFGCTRL_X0Y0        BUFG (Prop_bufg_I_O)         0.029     1.097 r  CLK_IBUF_BUFG_inst/O
                         net (fo=135, routed)         0.836     1.933    CLK_IBUF_BUFG
    SLICE_X12Y43         FDCE                                         r  mult_reg_reg[3]/C
                         clock pessimism             -0.503     1.429    <hidden>
    SLICE_X12Y43         FDCE (Hold_fdce_C_D)         0.131     1.560    mult_reg_reg[3]
  -------------------------------------------------------------------
                         required time                         -1.560    <hidden>
                         arrival time                           1.838    <hidden>
  -------------------------------------------------------------------
                         slack                                  0.277    <hidden>

Slack (MET) :             0.279ns  (arrival time - required time)
  Source:                 mult_pipe_reg_reg[21]/C
                            (rising edge-triggered cell FDCE clocked by clk_sys_domain  {rise@0.000ns fall@5.000ns period=10.000ns})
  Destination:            mult_reg_reg[21]/D
                            (rising edge-triggered cell FDCE clocked by clk_sys_domain  {rise@0.000ns fall@5.000ns period=10.000ns})
  Path Group:             clk_sys_domain
  Path Type:              Hold (Min at Fast Process Corner)
  Requirement:            0.000ns  (clk_sys_domain rise@0.000ns - clk_sys_domain rise@0.000ns)
  Data Path Delay:        0.402ns  (logic 0.208ns (51.719%)  route 0.194ns (48.281%))
  Logic Levels:           1  (LUT2=1)
  Clock Path Skew:        0.016ns (DCD - SCD - CPR)
    Destination Clock Delay (DCD):    1.933ns
    Source Clock Delay      (SCD):    1.416ns
    Clock Pessimism Removal (CPR):    0.500ns

    Location             Delay type                Incr(ns)  Path(ns)    Netlist Resource(s)
  -------------------------------------------------------------------    -------------------
                         (clock clk_sys_domain rise edge)
                                                      0.000     0.000 r  <hidden>
    N15                                               0.000     0.000 r  CLK
                         net (fo=0)                   0.000     0.000    CLK
    N15                  IBUF (Prop_ibuf_I_O)         0.191     0.191 r  CLK_IBUF_inst/O
                         net (fo=1, routed)           0.634     0.825    CLK_IBUF
    BUFGCTRL_X0Y0        BUFG (Prop_bufg_I_O)         0.026     0.851 r  CLK_IBUF_BUFG_inst/O
                         net (fo=135, routed)         0.566     1.416    CLK_IBUF_BUFG
    SLICE_X12Y46         FDCE                                         r  mult_pipe_reg_reg[21]/C
  -------------------------------------------------------------------    -------------------
    SLICE_X12Y46         FDCE (Prop_fdce_C_Q)         0.164     1.580 r  mult_pipe_reg_reg[21]/Q
                         net (fo=1, routed)           0.194     1.775    mult_pipe_reg_reg_n_0_[21]
    SLICE_X13Y45         LUT2 (Prop_lut2_I0_O)        0.044     1.819 r  mult_reg[21]_i_1/O
                         net (fo=1, routed)           0.000     1.819    p_0_in[21]
    SLICE_X13Y45         FDCE                                         r  mult_reg_reg[21]/D
  -------------------------------------------------------------------    -------------------

                         (clock clk_sys_domain rise edge)
                                                      0.000     0.000 r  <hidden>
    N15                                               0.000     0.000 r  CLK
                         net (fo=0)                   0.000     0.000    CLK
    N15                  IBUF (Prop_ibuf_I_O)         0.380     0.380 r  CLK_IBUF_inst/O
                         net (fo=1, routed)           0.689     1.068    CLK_IBUF
    BUFGCTRL_X0Y0        BUFG (Prop_bufg_I_O)         0.029     1.097 r  CLK_IBUF_BUFG_inst/O
                         net (fo=135, routed)         0.836     1.933    CLK_IBUF_BUFG
    SLICE_X13Y45         FDCE                                         r  mult_reg_reg[21]/C
                         clock pessimism             -0.500     1.432    <hidden>
    SLICE_X13Y45         FDCE (Hold_fdce_C_D)         0.107     1.539    mult_reg_reg[21]
  -------------------------------------------------------------------
                         required time                         -1.539    <hidden>
                         arrival time                           1.819    <hidden>
  -------------------------------------------------------------------
                         slack                                  0.279    <hidden>

Slack (MET) :             0.291ns  (arrival time - required time)
  Source:                 mult_pipe_reg_reg[4]/C
                            (rising edge-triggered cell FDCE clocked by clk_sys_domain  {rise@0.000ns fall@5.000ns period=10.000ns})
  Destination:            mult_reg_reg[4]/D
                            (rising edge-triggered cell FDCE clocked by clk_sys_domain  {rise@0.000ns fall@5.000ns period=10.000ns})
  Path Group:             clk_sys_domain
  Path Type:              Hold (Min at Fast Process Corner)
  Requirement:            0.000ns  (clk_sys_domain rise@0.000ns - clk_sys_domain rise@0.000ns)
  Data Path Delay:        0.383ns  (logic 0.186ns (48.516%)  route 0.197ns (51.484%))
  Logic Levels:           1  (LUT2=1)
  Clock Path Skew:        0.000ns (DCD - SCD - CPR)
    Destination Clock Delay (DCD):    1.933ns
    Source Clock Delay      (SCD):    1.416ns
    Clock Pessimism Removal (CPR):    0.516ns

    Location             Delay type                Incr(ns)  Path(ns)    Netlist Resource(s)
  -------------------------------------------------------------------    -------------------
                         (clock clk_sys_domain rise edge)
                                                      0.000     0.000 r  <hidden>
    N15                                               0.000     0.000 r  CLK
                         net (fo=0)                   0.000     0.000    CLK
    N15                  IBUF (Prop_ibuf_I_O)         0.191     0.191 r  CLK_IBUF_inst/O
                         net (fo=1, routed)           0.634     0.825    CLK_IBUF
    BUFGCTRL_X0Y0        BUFG (Prop_bufg_I_O)         0.026     0.851 r  CLK_IBUF_BUFG_inst/O
                         net (fo=135, routed)         0.566     1.416    CLK_IBUF_BUFG
    SLICE_X13Y44         FDCE                                         r  mult_pipe_reg_reg[4]/C
  -------------------------------------------------------------------    -------------------
    SLICE_X13Y44         FDCE (Prop_fdce_C_Q)         0.141     1.557 r  mult_pipe_reg_reg[4]/Q
                         net (fo=1, routed)           0.197     1.755    mult_pipe_reg_reg_n_0_[4]
    SLICE_X13Y44         LUT2 (Prop_lut2_I0_O)        0.045     1.800 r  mult_reg[4]_i_1/O
                         net (fo=1, routed)           0.000     1.800    p_0_in[4]
    SLICE_X13Y44         FDCE                                         r  mult_reg_reg[4]/D
  -------------------------------------------------------------------    -------------------

                         (clock clk_sys_domain rise edge)
                                                      0.000     0.000 r  <hidden>
    N15                                               0.000     0.000 r  CLK
                         net (fo=0)                   0.000     0.000    CLK
    N15                  IBUF (Prop_ibuf_I_O)         0.380     0.380 r  CLK_IBUF_inst/O
                         net (fo=1, routed)           0.689     1.068    CLK_IBUF
    BUFGCTRL_X0Y0        BUFG (Prop_bufg_I_O)         0.029     1.097 r  CLK_IBUF_BUFG_inst/O
                         net (fo=135, routed)         0.836     1.933    CLK_IBUF_BUFG
    SLICE_X13Y44         FDCE                                         r  mult_reg_reg[4]/C
                         clock pessimism             -0.516     1.416    <hidden>
    SLICE_X13Y44         FDCE (Hold_fdce_C_D)         0.092     1.508    mult_reg_reg[4]
  -------------------------------------------------------------------
                         required time                         -1.508    <hidden>
                         arrival time                           1.800    <hidden>
  -------------------------------------------------------------------
                         slack                                  0.291    <hidden>

Slack (MET) :             0.296ns  (arrival time - required time)
  Source:                 mult_pipe_reg_reg[31]/C
                            (rising edge-triggered cell FDCE clocked by clk_sys_domain  {rise@0.000ns fall@5.000ns period=10.000ns})
  Destination:            mult_reg_reg[31]/D
                            (rising edge-triggered cell FDCE clocked by clk_sys_domain  {rise@0.000ns fall@5.000ns period=10.000ns})
  Path Group:             clk_sys_domain
  Path Type:              Hold (Min at Fast Process Corner)
  Requirement:            0.000ns  (clk_sys_domain rise@0.000ns - clk_sys_domain rise@0.000ns)
  Data Path Delay:        0.419ns  (logic 0.206ns (49.144%)  route 0.213ns (50.856%))
  Logic Levels:           1  (LUT2=1)
  Clock Path Skew:        0.016ns (DCD - SCD - CPR)
    Destination Clock Delay (DCD):    1.934ns
    Source Clock Delay      (SCD):    1.417ns
    Clock Pessimism Removal (CPR):    0.500ns

    Location             Delay type                Incr(ns)  Path(ns)    Netlist Resource(s)
  -------------------------------------------------------------------    -------------------
                         (clock clk_sys_domain rise edge)
                                                      0.000     0.000 r  <hidden>
    N15                                               0.000     0.000 r  CLK
                         net (fo=0)                   0.000     0.000    CLK
    N15                  IBUF (Prop_ibuf_I_O)         0.191     0.191 r  CLK_IBUF_inst/O
                         net (fo=1, routed)           0.634     0.825    CLK_IBUF
    BUFGCTRL_X0Y0        BUFG (Prop_bufg_I_O)         0.026     0.851 r  CLK_IBUF_BUFG_inst/O
                         net (fo=135, routed)         0.567     1.417    CLK_IBUF_BUFG
    SLICE_X12Y48         FDCE                                         r  mult_pipe_reg_reg[31]/C
  -------------------------------------------------------------------    -------------------
    SLICE_X12Y48         FDCE (Prop_fdce_C_Q)         0.164     1.581 r  mult_pipe_reg_reg[31]/Q
                         net (fo=1, routed)           0.213     1.795    mult_pipe_reg_reg_n_0_[31]
    SLICE_X13Y47         LUT2 (Prop_lut2_I0_O)        0.042     1.837 r  mult_reg[31]_i_1/O
                         net (fo=1, routed)           0.000     1.837    p_0_in[31]
    SLICE_X13Y47         FDCE                                         r  mult_reg_reg[31]/D
  -------------------------------------------------------------------    -------------------

                         (clock clk_sys_domain rise edge)
                                                      0.000     0.000 r  <hidden>
    N15                                               0.000     0.000 r  CLK
                         net (fo=0)                   0.000     0.000    CLK
    N15                  IBUF (Prop_ibuf_I_O)         0.380     0.380 r  CLK_IBUF_inst/O
                         net (fo=1, routed)           0.689     1.068    CLK_IBUF
    BUFGCTRL_X0Y0        BUFG (Prop_bufg_I_O)         0.029     1.097 r  CLK_IBUF_BUFG_inst/O
                         net (fo=135, routed)         0.837     1.934    CLK_IBUF_BUFG
    SLICE_X13Y47         FDCE                                         r  mult_reg_reg[31]/C
                         clock pessimism             -0.500     1.433    <hidden>
    SLICE_X13Y47         FDCE (Hold_fdce_C_D)         0.107     1.540    mult_reg_reg[31]
  -------------------------------------------------------------------
                         required time                         -1.540    <hidden>
                         arrival time                           1.837    <hidden>
  -------------------------------------------------------------------
                         slack                                  0.296    <hidden>





Pulse Width Checks
--------------------------------------------------------------------------------------
Clock Name:         clk_sys_domain
Waveform(ns):       { 0.000 5.000 }
Period(ns):         10.000
Sources:            { CLK }

Check Type        Corner  Lib Pin  Reference Pin  Required(ns)  Actual(ns)  Slack(ns)  Location       Pin
Min Period        n/a     BUFG/I   n/a            2.155         10.000      7.845      BUFGCTRL_X0Y0  CLK_IBUF_BUFG_inst/I
Min Period        n/a     FDCE/C   n/a            1.000         10.000      9.000      SLICE_X14Y48   FSM_sequential_current_state_reg[0]/C
Min Period        n/a     FDCE/C   n/a            1.000         10.000      9.000      SLICE_X14Y48   FSM_sequential_current_state_reg[1]/C
Min Period        n/a     FDCE/C   n/a            1.000         10.000      9.000      SLICE_X11Y48   ZKP_HASH_OUT_reg[0]/C
Min Period        n/a     FDCE/C   n/a            1.000         10.000      9.000      SLICE_X8Y48    ZKP_HASH_OUT_reg[10]/C
Min Period        n/a     FDCE/C   n/a            1.000         10.000      9.000      SLICE_X8Y49    ZKP_HASH_OUT_reg[11]/C
Min Period        n/a     FDCE/C   n/a            1.000         10.000      9.000      SLICE_X8Y48    ZKP_HASH_OUT_reg[12]/C
Min Period        n/a     FDCE/C   n/a            1.000         10.000      9.000      SLICE_X10Y48   ZKP_HASH_OUT_reg[13]/C
Min Period        n/a     FDCE/C   n/a            1.000         10.000      9.000      SLICE_X8Y48    ZKP_HASH_OUT_reg[14]/C
Min Period        n/a     FDCE/C   n/a            1.000         10.000      9.000      SLICE_X10Y48   ZKP_HASH_OUT_reg[15]/C
Low Pulse Width   Slow    FDCE/C   n/a            0.500         5.000       4.500      SLICE_X14Y48   FSM_sequential_current_state_reg[0]/C
Low Pulse Width   Fast    FDCE/C   n/a            0.500         5.000       4.500      SLICE_X14Y48   FSM_sequential_current_state_reg[0]/C
Low Pulse Width   Slow    FDCE/C   n/a            0.500         5.000       4.500      SLICE_X14Y48   FSM_sequential_current_state_reg[1]/C
Low Pulse Width   Fast    FDCE/C   n/a            0.500         5.000       4.500      SLICE_X14Y48   FSM_sequential_current_state_reg[1]/C
Low Pulse Width   Slow    FDCE/C   n/a            0.500         5.000       4.500      SLICE_X11Y48   ZKP_HASH_OUT_reg[0]/C
Low Pulse Width   Fast    FDCE/C   n/a            0.500         5.000       4.500      SLICE_X11Y48   ZKP_HASH_OUT_reg[0]/C
Low Pulse Width   Slow    FDCE/C   n/a            0.500         5.000       4.500      SLICE_X8Y48    ZKP_HASH_OUT_reg[10]/C
Low Pulse Width   Fast    FDCE/C   n/a            0.500         5.000       4.500      SLICE_X8Y48    ZKP_HASH_OUT_reg[10]/C
Low Pulse Width   Slow    FDCE/C   n/a            0.500         5.000       4.500      SLICE_X8Y49    ZKP_HASH_OUT_reg[11]/C
Low Pulse Width   Fast    FDCE/C   n/a            0.500         5.000       4.500      SLICE_X8Y49    ZKP_HASH_OUT_reg[11]/C
High Pulse Width  Slow    FDCE/C   n/a            0.500         5.000       4.500      SLICE_X14Y48   FSM_sequential_current_state_reg[0]/C
High Pulse Width  Fast    FDCE/C   n/a            0.500         5.000       4.500      SLICE_X14Y48   FSM_sequential_current_state_reg[0]/C
High Pulse Width  Slow    FDCE/C   n/a            0.500         5.000       4.500      SLICE_X14Y48   FSM_sequential_current_state_reg[1]/C
High Pulse Width  Fast    FDCE/C   n/a            0.500         5.000       4.500      SLICE_X14Y48   FSM_sequential_current_state_reg[1]/C
High Pulse Width  Slow    FDCE/C   n/a            0.500         5.000       4.500      SLICE_X11Y48   ZKP_HASH_OUT_reg[0]/C
High Pulse Width  Fast    FDCE/C   n/a            0.500         5.000       4.500      SLICE_X11Y48   ZKP_HASH_OUT_reg[0]/C
High Pulse Width  Slow    FDCE/C   n/a            0.500         5.000       4.500      SLICE_X8Y48    ZKP_HASH_OUT_reg[10]/C
High Pulse Width  Fast    FDCE/C   n/a            0.500         5.000       4.500      SLICE_X8Y48    ZKP_HASH_OUT_reg[10]/C
High Pulse Width  Slow    FDCE/C   n/a            0.500         5.000       4.500      SLICE_X8Y49    ZKP_HASH_OUT_reg[11]/C
High Pulse Width  Fast    FDCE/C   n/a            0.500         5.000       4.500      SLICE_X8Y49    ZKP_HASH_OUT_reg[11]/C



--------------------------------------------------------------------------------------
Path Group:  (none)
From Clock:  clk_sys_domain
  To Clock:  

Max Delay            33 Endpoints
Min Delay            33 Endpoints
--------------------------------------------------------------------------------------


Max Delay Paths
--------------------------------------------------------------------------------------
Slack:                    inf
  Source:                 ZKP_HASH_OUT_reg[31]/C
                            (rising edge-triggered cell FDCE clocked by clk_sys_domain  {rise@0.000ns fall@5.000ns period=10.000ns})
  Destination:            ZKP_HASH_OUT[31]
                            (output port)
  Path Group:             (none)
  Path Type:              Max at Slow Process Corner
  Data Path Delay:        6.305ns  (logic 3.323ns (52.706%)  route 2.982ns (47.294%))
  Logic Levels:           1  (OBUF=1)
  Clock Uncertainty:      0.025ns  ((TSJ^2 + TIJ^2)^1/2 + DJ) / 2 + PE
    Total System Jitter     (TSJ):    0.050ns
    Total Input Jitter      (TIJ):    0.000ns
    Discrete Jitter          (DJ):    0.000ns
    Phase Error              (PE):    0.000ns

    Location             Delay type                Incr(ns)  Path(ns)    Netlist Resource(s)
  -------------------------------------------------------------------    -------------------
                         (clock clk_sys_domain rise edge)
                                                      0.000     0.000 r  <hidden>
    N15                                               0.000     0.000 r  CLK
                         net (fo=0)                   0.000     0.000    CLK
    N15                  IBUF (Prop_ibuf_I_O)         1.040     1.040 r  CLK_IBUF_inst/O
                         net (fo=1, routed)           1.972     3.011    CLK_IBUF
    BUFGCTRL_X0Y0        BUFG (Prop_bufg_I_O)         0.096     3.107 r  CLK_IBUF_BUFG_inst/O
                         net (fo=135, routed)         1.570     4.678    CLK_IBUF_BUFG
    SLICE_X10Y48         FDCE                                         r  ZKP_HASH_OUT_reg[31]/C
  -------------------------------------------------------------------    -------------------
    SLICE_X10Y48         FDCE (Prop_fdce_C_Q)         0.478     5.156 r  ZKP_HASH_OUT_reg[31]/Q
                         net (fo=1, routed)           2.982     8.138    ZKP_HASH_OUT_OBUF[31]
    A14                  OBUF (Prop_obuf_I_O)         2.845    10.983 r  ZKP_HASH_OUT_OBUF[31]_inst/O
                         net (fo=0)                   0.000    10.983    ZKP_HASH_OUT[31]
    A14                                                               r  ZKP_HASH_OUT[31]
  -------------------------------------------------------------------    -------------------

Slack:                    inf
  Source:                 ZKP_HASH_OUT_reg[27]/C
                            (rising edge-triggered cell FDCE clocked by clk_sys_domain  {rise@0.000ns fall@5.000ns period=10.000ns})
  Destination:            ZKP_HASH_OUT[27]
                            (output port)
  Path Group:             (none)
  Path Type:              Max at Slow Process Corner
  Data Path Delay:        6.123ns  (logic 3.314ns (54.120%)  route 2.809ns (45.880%))
  Logic Levels:           1  (OBUF=1)
  Clock Uncertainty:      0.025ns  ((TSJ^2 + TIJ^2)^1/2 + DJ) / 2 + PE
    Total System Jitter     (TSJ):    0.050ns
    Total Input Jitter      (TIJ):    0.000ns
    Discrete Jitter          (DJ):    0.000ns
    Phase Error              (PE):    0.000ns

    Location             Delay type                Incr(ns)  Path(ns)    Netlist Resource(s)
  -------------------------------------------------------------------    -------------------
                         (clock clk_sys_domain rise edge)
                                                      0.000     0.000 r  <hidden>
    N15                                               0.000     0.000 r  CLK
                         net (fo=0)                   0.000     0.000    CLK
    N15                  IBUF (Prop_ibuf_I_O)         1.040     1.040 r  CLK_IBUF_inst/O
                         net (fo=1, routed)           1.972     3.011    CLK_IBUF
    BUFGCTRL_X0Y0        BUFG (Prop_bufg_I_O)         0.096     3.107 r  CLK_IBUF_BUFG_inst/O
                         net (fo=135, routed)         1.570     4.678    CLK_IBUF_BUFG
    SLICE_X8Y49          FDCE                                         r  ZKP_HASH_OUT_reg[27]/C
  -------------------------------------------------------------------    -------------------
    SLICE_X8Y49          FDCE (Prop_fdce_C_Q)         0.478     5.156 r  ZKP_HASH_OUT_reg[27]/Q
                         net (fo=1, routed)           2.809     7.965    ZKP_HASH_OUT_OBUF[27]
    E16                  OBUF (Prop_obuf_I_O)         2.836    10.800 r  ZKP_HASH_OUT_OBUF[27]_inst/O
                         net (fo=0)                   0.000    10.800    ZKP_HASH_OUT[27]
    E16                                                               r  ZKP_HASH_OUT[27]
  -------------------------------------------------------------------    -------------------

Slack:                    inf
  Source:                 ZKP_HASH_OUT_reg[23]/C
                            (rising edge-triggered cell FDCE clocked by clk_sys_domain  {rise@0.000ns fall@5.000ns period=10.000ns})
  Destination:            ZKP_HASH_OUT[23]
                            (output port)
  Path Group:             (none)
  Path Type:              Max at Slow Process Corner
  Data Path Delay:        6.088ns  (logic 3.221ns (52.911%)  route 2.867ns (47.089%))
  Logic Levels:           1  (OBUF=1)
  Clock Uncertainty:      0.025ns  ((TSJ^2 + TIJ^2)^1/2 + DJ) / 2 + PE
    Total System Jitter     (TSJ):    0.050ns
    Total Input Jitter      (TIJ):    0.000ns
    Discrete Jitter          (DJ):    0.000ns
    Phase Error              (PE):    0.000ns

    Location             Delay type                Incr(ns)  Path(ns)    Netlist Resource(s)
  -------------------------------------------------------------------    -------------------
                         (clock clk_sys_domain rise edge)
                                                      0.000     0.000 r  <hidden>
    N15                                               0.000     0.000 r  CLK
                         net (fo=0)                   0.000     0.000    CLK
    N15                  IBUF (Prop_ibuf_I_O)         1.040     1.040 r  CLK_IBUF_inst/O
                         net (fo=1, routed)           1.972     3.011    CLK_IBUF
    BUFGCTRL_X0Y0        BUFG (Prop_bufg_I_O)         0.096     3.107 r  CLK_IBUF_BUFG_inst/O
                         net (fo=135, routed)         1.570     4.678    CLK_IBUF_BUFG
    SLICE_X11Y48         FDCE                                         r  ZKP_HASH_OUT_reg[23]/C
  -------------------------------------------------------------------    -------------------
    SLICE_X11Y48         FDCE (Prop_fdce_C_Q)         0.419     5.097 r  ZKP_HASH_OUT_reg[23]/Q
                         net (fo=1, routed)           2.867     7.964    ZKP_HASH_OUT_OBUF[23]
    G16                  OBUF (Prop_obuf_I_O)         2.802    10.766 r  ZKP_HASH_OUT_OBUF[23]_inst/O
                         net (fo=0)                   0.000    10.766    ZKP_HASH_OUT[23]
    G16                                                               r  ZKP_HASH_OUT[23]
  -------------------------------------------------------------------    -------------------

Slack:                    inf
  Source:                 ZKP_HASH_OUT_reg[24]/C
                            (rising edge-triggered cell FDCE clocked by clk_sys_domain  {rise@0.000ns fall@5.000ns period=10.000ns})
  Destination:            ZKP_HASH_OUT[24]
                            (output port)
  Path Group:             (none)
  Path Type:              Max at Slow Process Corner
  Data Path Delay:        6.057ns  (logic 3.145ns (51.931%)  route 2.912ns (48.069%))
  Logic Levels:           1  (OBUF=1)
  Clock Uncertainty:      0.025ns  ((TSJ^2 + TIJ^2)^1/2 + DJ) / 2 + PE
    Total System Jitter     (TSJ):    0.050ns
    Total Input Jitter      (TIJ):    0.000ns
    Discrete Jitter          (DJ):    0.000ns
    Phase Error              (PE):    0.000ns

    Location             Delay type                Incr(ns)  Path(ns)    Netlist Resource(s)
  -------------------------------------------------------------------    -------------------
                         (clock clk_sys_domain rise edge)
                                                      0.000     0.000 r  <hidden>
    N15                                               0.000     0.000 r  CLK
                         net (fo=0)                   0.000     0.000    CLK
    N15                  IBUF (Prop_ibuf_I_O)         1.040     1.040 r  CLK_IBUF_inst/O
                         net (fo=1, routed)           1.972     3.011    CLK_IBUF
    BUFGCTRL_X0Y0        BUFG (Prop_bufg_I_O)         0.096     3.107 r  CLK_IBUF_BUFG_inst/O
                         net (fo=135, routed)         1.570     4.678    CLK_IBUF_BUFG
    SLICE_X10Y48         FDCE                                         r  ZKP_HASH_OUT_reg[24]/C
  -------------------------------------------------------------------    -------------------
    SLICE_X10Y48         FDCE (Prop_fdce_C_Q)         0.518     5.196 r  ZKP_HASH_OUT_reg[24]/Q
                         net (fo=1, routed)           2.912     8.107    ZKP_HASH_OUT_OBUF[24]
    H16                  OBUF (Prop_obuf_I_O)         2.627    10.735 r  ZKP_HASH_OUT_OBUF[24]_inst/O
                         net (fo=0)                   0.000    10.735    ZKP_HASH_OUT[24]
    H16                                                               r  ZKP_HASH_OUT[24]
  -------------------------------------------------------------------    -------------------

Slack:                    inf
  Source:                 ZKP_HASH_OUT_reg[30]/C
                            (rising edge-triggered cell FDCE clocked by clk_sys_domain  {rise@0.000ns fall@5.000ns period=10.000ns})
  Destination:            ZKP_HASH_OUT[30]
                            (output port)
  Path Group:             (none)
  Path Type:              Max at Slow Process Corner
  Data Path Delay:        6.045ns  (logic 3.308ns (54.733%)  route 2.736ns (45.267%))
  Logic Levels:           1  (OBUF=1)
  Clock Uncertainty:      0.025ns  ((TSJ^2 + TIJ^2)^1/2 + DJ) / 2 + PE
    Total System Jitter     (TSJ):    0.050ns
    Total Input Jitter      (TIJ):    0.000ns
    Discrete Jitter          (DJ):    0.000ns
    Phase Error              (PE):    0.000ns

    Location             Delay type                Incr(ns)  Path(ns)    Netlist Resource(s)
  -------------------------------------------------------------------    -------------------
                         (clock clk_sys_domain rise edge)
                                                      0.000     0.000 r  <hidden>
    N15                                               0.000     0.000 r  CLK
                         net (fo=0)                   0.000     0.000    CLK
    N15                  IBUF (Prop_ibuf_I_O)         1.040     1.040 r  CLK_IBUF_inst/O
                         net (fo=1, routed)           1.972     3.011    CLK_IBUF
    BUFGCTRL_X0Y0        BUFG (Prop_bufg_I_O)         0.096     3.107 r  CLK_IBUF_BUFG_inst/O
                         net (fo=135, routed)         1.570     4.678    CLK_IBUF_BUFG
    SLICE_X8Y48          FDCE                                         r  ZKP_HASH_OUT_reg[30]/C
  -------------------------------------------------------------------    -------------------
    SLICE_X8Y48          FDCE (Prop_fdce_C_Q)         0.478     5.156 r  ZKP_HASH_OUT_reg[30]/Q
                         net (fo=1, routed)           2.736     7.892    ZKP_HASH_OUT_OBUF[30]
    B18                  OBUF (Prop_obuf_I_O)         2.830    10.723 r  ZKP_HASH_OUT_OBUF[30]_inst/O
                         net (fo=0)                   0.000    10.723    ZKP_HASH_OUT[30]
    B18                                                               r  ZKP_HASH_OUT[30]
  -------------------------------------------------------------------    -------------------

Slack:                    inf
  Source:                 ZKP_HASH_OUT_reg[19]/C
                            (rising edge-triggered cell FDCE clocked by clk_sys_domain  {rise@0.000ns fall@5.000ns period=10.000ns})
  Destination:            ZKP_HASH_OUT[19]
                            (output port)
  Path Group:             (none)
  Path Type:              Max at Slow Process Corner
  Data Path Delay:        6.040ns  (logic 3.285ns (54.391%)  route 2.755ns (45.609%))
  Logic Levels:           1  (OBUF=1)
  Clock Uncertainty:      0.025ns  ((TSJ^2 + TIJ^2)^1/2 + DJ) / 2 + PE
    Total System Jitter     (TSJ):    0.050ns
    Total Input Jitter      (TIJ):    0.000ns
    Discrete Jitter          (DJ):    0.000ns
    Phase Error              (PE):    0.000ns

    Location             Delay type                Incr(ns)  Path(ns)    Netlist Resource(s)
  -------------------------------------------------------------------    -------------------
                         (clock clk_sys_domain rise edge)
                                                      0.000     0.000 r  <hidden>
    N15                                               0.000     0.000 r  CLK
                         net (fo=0)                   0.000     0.000    CLK
    N15                  IBUF (Prop_ibuf_I_O)         1.040     1.040 r  CLK_IBUF_inst/O
                         net (fo=1, routed)           1.972     3.011    CLK_IBUF
    BUFGCTRL_X0Y0        BUFG (Prop_bufg_I_O)         0.096     3.107 r  CLK_IBUF_BUFG_inst/O
                         net (fo=135, routed)         1.570     4.678    CLK_IBUF_BUFG
    SLICE_X10Y48         FDCE                                         r  ZKP_HASH_OUT_reg[19]/C
  -------------------------------------------------------------------    -------------------
    SLICE_X10Y48         FDCE (Prop_fdce_C_Q)         0.478     5.156 r  ZKP_HASH_OUT_reg[19]/Q
                         net (fo=1, routed)           2.755     7.910    ZKP_HASH_OUT_OBUF[19]
    G14                  OBUF (Prop_obuf_I_O)         2.807    10.718 r  ZKP_HASH_OUT_OBUF[19]_inst/O
                         net (fo=0)                   0.000    10.718    ZKP_HASH_OUT[19]
    G14                                                               r  ZKP_HASH_OUT[19]
  -------------------------------------------------------------------    -------------------

Slack:                    inf
  Source:                 ZKP_HASH_OUT_reg[28]/C
                            (rising edge-triggered cell FDCE clocked by clk_sys_domain  {rise@0.000ns fall@5.000ns period=10.000ns})
  Destination:            ZKP_HASH_OUT[28]
                            (output port)
  Path Group:             (none)
  Path Type:              Max at Slow Process Corner
  Data Path Delay:        6.034ns  (logic 3.175ns (52.614%)  route 2.859ns (47.386%))
  Logic Levels:           1  (OBUF=1)
  Clock Uncertainty:      0.025ns  ((TSJ^2 + TIJ^2)^1/2 + DJ) / 2 + PE
    Total System Jitter     (TSJ):    0.050ns
    Total Input Jitter      (TIJ):    0.000ns
    Discrete Jitter          (DJ):    0.000ns
    Phase Error              (PE):    0.000ns

    Location             Delay type                Incr(ns)  Path(ns)    Netlist Resource(s)
  -------------------------------------------------------------------    -------------------
                         (clock clk_sys_domain rise edge)
                                                      0.000     0.000 r  <hidden>
    N15                                               0.000     0.000 r  CLK
                         net (fo=0)                   0.000     0.000    CLK
    N15                  IBUF (Prop_ibuf_I_O)         1.040     1.040 r  CLK_IBUF_inst/O
                         net (fo=1, routed)           1.972     3.011    CLK_IBUF
    BUFGCTRL_X0Y0        BUFG (Prop_bufg_I_O)         0.096     3.107 r  CLK_IBUF_BUFG_inst/O
                         net (fo=135, routed)         1.570     4.678    CLK_IBUF_BUFG
    SLICE_X8Y48          FDCE                                         r  ZKP_HASH_OUT_reg[28]/C
  -------------------------------------------------------------------    -------------------
    SLICE_X8Y48          FDCE (Prop_fdce_C_Q)         0.518     5.196 r  ZKP_HASH_OUT_reg[28]/Q
                         net (fo=1, routed)           2.859     8.055    ZKP_HASH_OUT_OBUF[28]
    E15                  OBUF (Prop_obuf_I_O)         2.657    10.711 r  ZKP_HASH_OUT_OBUF[28]_inst/O
                         net (fo=0)                   0.000    10.711    ZKP_HASH_OUT[28]
    E15                                                               r  ZKP_HASH_OUT[28]
  -------------------------------------------------------------------    -------------------

Slack:                    inf
  Source:                 ZKP_HASH_OUT_reg[26]/C
                            (rising edge-triggered cell FDCE clocked by clk_sys_domain  {rise@0.000ns fall@5.000ns period=10.000ns})
  Destination:            ZKP_HASH_OUT[26]
                            (output port)
  Path Group:             (none)
  Path Type:              Max at Slow Process Corner
  Data Path Delay:        6.006ns  (logic 3.306ns (55.054%)  route 2.699ns (44.946%))
  Logic Levels:           1  (OBUF=1)
  Clock Uncertainty:      0.025ns  ((TSJ^2 + TIJ^2)^1/2 + DJ) / 2 + PE
    Total System Jitter     (TSJ):    0.050ns
    Total Input Jitter      (TIJ):    0.000ns
    Discrete Jitter          (DJ):    0.000ns
    Phase Error              (PE):    0.000ns

    Location             Delay type                Incr(ns)  Path(ns)    Netlist Resource(s)
  -------------------------------------------------------------------    -------------------
                         (clock clk_sys_domain rise edge)
                                                      0.000     0.000 r  <hidden>
    N15                                               0.000     0.000 r  CLK
                         net (fo=0)                   0.000     0.000    CLK
    N15                  IBUF (Prop_ibuf_I_O)         1.040     1.040 r  CLK_IBUF_inst/O
                         net (fo=1, routed)           1.972     3.011    CLK_IBUF
    BUFGCTRL_X0Y0        BUFG (Prop_bufg_I_O)         0.096     3.107 r  CLK_IBUF_BUFG_inst/O
                         net (fo=135, routed)         1.570     4.678    CLK_IBUF_BUFG
    SLICE_X10Y48         FDCE                                         r  ZKP_HASH_OUT_reg[26]/C
  -------------------------------------------------------------------    -------------------
    SLICE_X10Y48         FDCE (Prop_fdce_C_Q)         0.478     5.156 r  ZKP_HASH_OUT_reg[26]/Q
                         net (fo=1, routed)           2.699     7.855    ZKP_HASH_OUT_OBUF[26]
    D15                  OBUF (Prop_obuf_I_O)         2.828    10.683 r  ZKP_HASH_OUT_OBUF[26]_inst/O
                         net (fo=0)                   0.000    10.683    ZKP_HASH_OUT[26]
    D15                                                               r  ZKP_HASH_OUT[26]
  -------------------------------------------------------------------    -------------------

Slack:                    inf
  Source:                 ZKP_HASH_OUT_reg[22]/C
                            (rising edge-triggered cell FDCE clocked by clk_sys_domain  {rise@0.000ns fall@5.000ns period=10.000ns})
  Destination:            ZKP_HASH_OUT[22]
                            (output port)
  Path Group:             (none)
  Path Type:              Max at Slow Process Corner
  Data Path Delay:        5.979ns  (logic 3.222ns (53.888%)  route 2.757ns (46.112%))
  Logic Levels:           1  (OBUF=1)
  Clock Uncertainty:      0.025ns  ((TSJ^2 + TIJ^2)^1/2 + DJ) / 2 + PE
    Total System Jitter     (TSJ):    0.050ns
    Total Input Jitter      (TIJ):    0.000ns
    Discrete Jitter          (DJ):    0.000ns
    Phase Error              (PE):    0.000ns

    Location             Delay type                Incr(ns)  Path(ns)    Netlist Resource(s)
  -------------------------------------------------------------------    -------------------
                         (clock clk_sys_domain rise edge)
                                                      0.000     0.000 r  <hidden>
    N15                                               0.000     0.000 r  CLK
                         net (fo=0)                   0.000     0.000    CLK
    N15                  IBUF (Prop_ibuf_I_O)         1.040     1.040 r  CLK_IBUF_inst/O
                         net (fo=1, routed)           1.972     3.011    CLK_IBUF
    BUFGCTRL_X0Y0        BUFG (Prop_bufg_I_O)         0.096     3.107 r  CLK_IBUF_BUFG_inst/O
                         net (fo=135, routed)         1.570     4.678    CLK_IBUF_BUFG
    SLICE_X11Y48         FDCE                                         r  ZKP_HASH_OUT_reg[22]/C
  -------------------------------------------------------------------    -------------------
    SLICE_X11Y48         FDCE (Prop_fdce_C_Q)         0.419     5.097 r  ZKP_HASH_OUT_reg[22]/Q
                         net (fo=1, routed)           2.757     7.854    ZKP_HASH_OUT_OBUF[22]
    F15                  OBUF (Prop_obuf_I_O)         2.803    10.657 r  ZKP_HASH_OUT_OBUF[22]_inst/O
                         net (fo=0)                   0.000    10.657    ZKP_HASH_OUT[22]
    F15                                                               r  ZKP_HASH_OUT[22]
  -------------------------------------------------------------------    -------------------

Slack:                    inf
  Source:                 ZKP_HASH_OUT_reg[25]/C
                            (rising edge-triggered cell FDCE clocked by clk_sys_domain  {rise@0.000ns fall@5.000ns period=10.000ns})
  Destination:            ZKP_HASH_OUT[25]
                            (output port)
  Path Group:             (none)
  Path Type:              Max at Slow Process Corner
  Data Path Delay:        5.953ns  (logic 3.174ns (53.319%)  route 2.779ns (46.681%))
  Logic Levels:           1  (OBUF=1)
  Clock Uncertainty:      0.025ns  ((TSJ^2 + TIJ^2)^1/2 + DJ) / 2 + PE
    Total System Jitter     (TSJ):    0.050ns
    Total Input Jitter      (TIJ):    0.000ns
    Discrete Jitter          (DJ):    0.000ns
    Phase Error              (PE):    0.000ns

    Location             Delay type                Incr(ns)  Path(ns)    Netlist Resource(s)
  -------------------------------------------------------------------    -------------------
                         (clock clk_sys_domain rise edge)
                                                      0.000     0.000 r  <hidden>
    N15                                               0.000     0.000 r  CLK
                         net (fo=0)                   0.000     0.000    CLK
    N15                  IBUF (Prop_ibuf_I_O)         1.040     1.040 r  CLK_IBUF_inst/O
                         net (fo=1, routed)           1.972     3.011    CLK_IBUF
    BUFGCTRL_X0Y0        BUFG (Prop_bufg_I_O)         0.096     3.107 r  CLK_IBUF_BUFG_inst/O
                         net (fo=135, routed)         1.570     4.678    CLK_IBUF_BUFG
    SLICE_X8Y49          FDCE                                         r  ZKP_HASH_OUT_reg[25]/C
  -------------------------------------------------------------------    -------------------
    SLICE_X8Y49          FDCE (Prop_fdce_C_Q)         0.518     5.196 r  ZKP_HASH_OUT_reg[25]/Q
                         net (fo=1, routed)           2.779     7.974    ZKP_HASH_OUT_OBUF[25]
    C15                  OBUF (Prop_obuf_I_O)         2.656    10.630 r  ZKP_HASH_OUT_OBUF[25]_inst/O
                         net (fo=0)                   0.000    10.630    ZKP_HASH_OUT[25]
    C15                                                               r  ZKP_HASH_OUT[25]
  -------------------------------------------------------------------    -------------------





Min Delay Paths
--------------------------------------------------------------------------------------
Slack:                    inf
  Source:                 ZKP_HASH_OUT_reg[0]/C
                            (rising edge-triggered cell FDCE clocked by clk_sys_domain  {rise@0.000ns fall@5.000ns period=10.000ns})
  Destination:            ZKP_HASH_OUT[0]
                            (output port)
  Path Group:             (none)
  Path Type:              Min at Fast Process Corner
  Data Path Delay:        1.802ns  (logic 1.257ns (69.734%)  route 0.545ns (30.266%))
  Logic Levels:           1  (OBUF=1)
  Clock Uncertainty:      0.025ns  ((TSJ^2 + TIJ^2)^1/2 + DJ) / 2 + PE
    Total System Jitter     (TSJ):    0.050ns
    Total Input Jitter      (TIJ):    0.000ns
    Discrete Jitter          (DJ):    0.000ns
    Phase Error              (PE):    0.000ns

    Location             Delay type                Incr(ns)  Path(ns)    Netlist Resource(s)
  -------------------------------------------------------------------    -------------------
                         (clock clk_sys_domain rise edge)
                                                      0.000     0.000 r  <hidden>
    N15                                               0.000     0.000 r  CLK
                         net (fo=0)                   0.000     0.000    CLK
    N15                  IBUF (Prop_ibuf_I_O)         0.191     0.191 r  CLK_IBUF_inst/O
                         net (fo=1, routed)           0.634     0.825    CLK_IBUF
    BUFGCTRL_X0Y0        BUFG (Prop_bufg_I_O)         0.026     0.851 r  CLK_IBUF_BUFG_inst/O
                         net (fo=135, routed)         0.567     1.417    CLK_IBUF_BUFG
    SLICE_X11Y48         FDCE                                         r  ZKP_HASH_OUT_reg[0]/C
  -------------------------------------------------------------------    -------------------
    SLICE_X11Y48         FDCE (Prop_fdce_C_Q)         0.141     1.558 r  ZKP_HASH_OUT_reg[0]/Q
                         net (fo=1, routed)           0.545     2.104    ZKP_HASH_OUT_OBUF[0]
    K16                  OBUF (Prop_obuf_I_O)         1.116     3.220 r  ZKP_HASH_OUT_OBUF[0]_inst/O
                         net (fo=0)                   0.000     3.220    ZKP_HASH_OUT[0]
    K16                                                               r  ZKP_HASH_OUT[0]
  -------------------------------------------------------------------    -------------------

Slack:                    inf
  Source:                 ZKP_HASH_OUT_reg[1]/C
                            (rising edge-triggered cell FDCE clocked by clk_sys_domain  {rise@0.000ns fall@5.000ns period=10.000ns})
  Destination:            ZKP_HASH_OUT[1]
                            (output port)
  Path Group:             (none)
  Path Type:              Min at Fast Process Corner
  Data Path Delay:        1.813ns  (logic 1.319ns (72.766%)  route 0.494ns (27.234%))
  Logic Levels:           1  (OBUF=1)
  Clock Uncertainty:      0.025ns  ((TSJ^2 + TIJ^2)^1/2 + DJ) / 2 + PE
    Total System Jitter     (TSJ):    0.050ns
    Total Input Jitter      (TIJ):    0.000ns
    Discrete Jitter          (DJ):    0.000ns
    Phase Error              (PE):    0.000ns

    Location             Delay type                Incr(ns)  Path(ns)    Netlist Resource(s)
  -------------------------------------------------------------------    -------------------
                         (clock clk_sys_domain rise edge)
                                                      0.000     0.000 r  <hidden>
    N15                                               0.000     0.000 r  CLK
                         net (fo=0)                   0.000     0.000    CLK
    N15                  IBUF (Prop_ibuf_I_O)         0.191     0.191 r  CLK_IBUF_inst/O
                         net (fo=1, routed)           0.634     0.825    CLK_IBUF
    BUFGCTRL_X0Y0        BUFG (Prop_bufg_I_O)         0.026     0.851 r  CLK_IBUF_BUFG_inst/O
                         net (fo=135, routed)         0.567     1.417    CLK_IBUF_BUFG
    SLICE_X10Y49         FDCE                                         r  ZKP_HASH_OUT_reg[1]/C
  -------------------------------------------------------------------    -------------------
    SLICE_X10Y49         FDCE (Prop_fdce_C_Q)         0.164     1.581 r  ZKP_HASH_OUT_reg[1]/Q
                         net (fo=1, routed)           0.494     2.075    ZKP_HASH_OUT_OBUF[1]
    J15                  OBUF (Prop_obuf_I_O)         1.155     3.231 r  ZKP_HASH_OUT_OBUF[1]_inst/O
                         net (fo=0)                   0.000     3.231    ZKP_HASH_OUT[1]
    J15                                                               r  ZKP_HASH_OUT[1]
  -------------------------------------------------------------------    -------------------

Slack:                    inf
  Source:                 ZKP_HASH_OUT_reg[4]/C
                            (rising edge-triggered cell FDCE clocked by clk_sys_domain  {rise@0.000ns fall@5.000ns period=10.000ns})
  Destination:            ZKP_HASH_OUT[4]
                            (output port)
  Path Group:             (none)
  Path Type:              Min at Fast Process Corner
  Data Path Delay:        1.860ns  (logic 1.297ns (69.757%)  route 0.562ns (30.243%))
  Logic Levels:           1  (OBUF=1)
  Clock Uncertainty:      0.025ns  ((TSJ^2 + TIJ^2)^1/2 + DJ) / 2 + PE
    Total System Jitter     (TSJ):    0.050ns
    Total Input Jitter      (TIJ):    0.000ns
    Discrete Jitter          (DJ):    0.000ns
    Phase Error              (PE):    0.000ns

    Location             Delay type                Incr(ns)  Path(ns)    Netlist Resource(s)
  -------------------------------------------------------------------    -------------------
                         (clock clk_sys_domain rise edge)
                                                      0.000     0.000 r  <hidden>
    N15                                               0.000     0.000 r  CLK
                         net (fo=0)                   0.000     0.000    CLK
    N15                  IBUF (Prop_ibuf_I_O)         0.191     0.191 r  CLK_IBUF_inst/O
                         net (fo=1, routed)           0.634     0.825    CLK_IBUF
    BUFGCTRL_X0Y0        BUFG (Prop_bufg_I_O)         0.026     0.851 r  CLK_IBUF_BUFG_inst/O
                         net (fo=135, routed)         0.567     1.417    CLK_IBUF_BUFG
    SLICE_X9Y48          FDCE                                         r  ZKP_HASH_OUT_reg[4]/C
  -------------------------------------------------------------------    -------------------
    SLICE_X9Y48          FDCE (Prop_fdce_C_Q)         0.141     1.558 r  ZKP_HASH_OUT_reg[4]/Q
                         net (fo=1, routed)           0.562     2.121    ZKP_HASH_OUT_OBUF[4]
    J17                  OBUF (Prop_obuf_I_O)         1.156     3.277 r  ZKP_HASH_OUT_OBUF[4]_inst/O
                         net (fo=0)                   0.000     3.277    ZKP_HASH_OUT[4]
    J17                                                               r  ZKP_HASH_OUT[4]
  -------------------------------------------------------------------    -------------------

Slack:                    inf
  Source:                 ZKP_HASH_OUT_reg[5]/C
                            (rising edge-triggered cell FDCE clocked by clk_sys_domain  {rise@0.000ns fall@5.000ns period=10.000ns})
  Destination:            ZKP_HASH_OUT[5]
                            (output port)
  Path Group:             (none)
  Path Type:              Min at Fast Process Corner
  Data Path Delay:        1.881ns  (logic 1.325ns (70.431%)  route 0.556ns (29.569%))
  Logic Levels:           1  (OBUF=1)
  Clock Uncertainty:      0.025ns  ((TSJ^2 + TIJ^2)^1/2 + DJ) / 2 + PE
    Total System Jitter     (TSJ):    0.050ns
    Total Input Jitter      (TIJ):    0.000ns
    Discrete Jitter          (DJ):    0.000ns
    Phase Error              (PE):    0.000ns

    Location             Delay type                Incr(ns)  Path(ns)    Netlist Resource(s)
  -------------------------------------------------------------------    -------------------
                         (clock clk_sys_domain rise edge)
                                                      0.000     0.000 r  <hidden>
    N15                                               0.000     0.000 r  CLK
                         net (fo=0)                   0.000     0.000    CLK
    N15                  IBUF (Prop_ibuf_I_O)         0.191     0.191 r  CLK_IBUF_inst/O
                         net (fo=1, routed)           0.634     0.825    CLK_IBUF
    BUFGCTRL_X0Y0        BUFG (Prop_bufg_I_O)         0.026     0.851 r  CLK_IBUF_BUFG_inst/O
                         net (fo=135, routed)         0.567     1.417    CLK_IBUF_BUFG
    SLICE_X8Y48          FDCE                                         r  ZKP_HASH_OUT_reg[5]/C
  -------------------------------------------------------------------    -------------------
    SLICE_X8Y48          FDCE (Prop_fdce_C_Q)         0.164     1.581 r  ZKP_HASH_OUT_reg[5]/Q
                         net (fo=1, routed)           0.556     2.138    ZKP_HASH_OUT_OBUF[5]
    F18                  OBUF (Prop_obuf_I_O)         1.161     3.298 r  ZKP_HASH_OUT_OBUF[5]_inst/O
                         net (fo=0)                   0.000     3.298    ZKP_HASH_OUT[5]
    F18                                                               r  ZKP_HASH_OUT[5]
  -------------------------------------------------------------------    -------------------

Slack:                    inf
  Source:                 ZKP_HASH_OUT_reg[2]/C
                            (rising edge-triggered cell FDCE clocked by clk_sys_domain  {rise@0.000ns fall@5.000ns period=10.000ns})
  Destination:            ZKP_HASH_OUT[2]
                            (output port)
  Path Group:             (none)
  Path Type:              Min at Fast Process Corner
  Data Path Delay:        1.899ns  (logic 1.335ns (70.304%)  route 0.564ns (29.696%))
  Logic Levels:           1  (OBUF=1)
  Clock Uncertainty:      0.025ns  ((TSJ^2 + TIJ^2)^1/2 + DJ) / 2 + PE
    Total System Jitter     (TSJ):    0.050ns
    Total Input Jitter      (TIJ):    0.000ns
    Discrete Jitter          (DJ):    0.000ns
    Phase Error              (PE):    0.000ns

    Location             Delay type                Incr(ns)  Path(ns)    Netlist Resource(s)
  -------------------------------------------------------------------    -------------------
                         (clock clk_sys_domain rise edge)
                                                      0.000     0.000 r  <hidden>
    N15                                               0.000     0.000 r  CLK
                         net (fo=0)                   0.000     0.000    CLK
    N15                  IBUF (Prop_ibuf_I_O)         0.191     0.191 r  CLK_IBUF_inst/O
                         net (fo=1, routed)           0.634     0.825    CLK_IBUF
    BUFGCTRL_X0Y0        BUFG (Prop_bufg_I_O)         0.026     0.851 r  CLK_IBUF_BUFG_inst/O
                         net (fo=135, routed)         0.567     1.417    CLK_IBUF_BUFG
    SLICE_X11Y48         FDCE                                         r  ZKP_HASH_OUT_reg[2]/C
  -------------------------------------------------------------------    -------------------
    SLICE_X11Y48         FDCE (Prop_fdce_C_Q)         0.128     1.545 r  ZKP_HASH_OUT_reg[2]/Q
                         net (fo=1, routed)           0.564     2.109    ZKP_HASH_OUT_OBUF[2]
    K15                  OBUF (Prop_obuf_I_O)         1.207     3.316 r  ZKP_HASH_OUT_OBUF[2]_inst/O
                         net (fo=0)                   0.000     3.316    ZKP_HASH_OUT[2]
    K15                                                               r  ZKP_HASH_OUT[2]
  -------------------------------------------------------------------    -------------------

Slack:                    inf
  Source:                 ZKP_HASH_OUT_reg[6]/C
                            (rising edge-triggered cell FDCE clocked by clk_sys_domain  {rise@0.000ns fall@5.000ns period=10.000ns})
  Destination:            ZKP_HASH_OUT[6]
                            (output port)
  Path Group:             (none)
  Path Type:              Min at Fast Process Corner
  Data Path Delay:        1.922ns  (logic 1.344ns (69.934%)  route 0.578ns (30.066%))
  Logic Levels:           1  (OBUF=1)
  Clock Uncertainty:      0.025ns  ((TSJ^2 + TIJ^2)^1/2 + DJ) / 2 + PE
    Total System Jitter     (TSJ):    0.050ns
    Total Input Jitter      (TIJ):    0.000ns
    Discrete Jitter          (DJ):    0.000ns
    Phase Error              (PE):    0.000ns

    Location             Delay type                Incr(ns)  Path(ns)    Netlist Resource(s)
  -------------------------------------------------------------------    -------------------
                         (clock clk_sys_domain rise edge)
                                                      0.000     0.000 r  <hidden>
    N15                                               0.000     0.000 r  CLK
                         net (fo=0)                   0.000     0.000    CLK
    N15                  IBUF (Prop_ibuf_I_O)         0.191     0.191 r  CLK_IBUF_inst/O
                         net (fo=1, routed)           0.634     0.825    CLK_IBUF
    BUFGCTRL_X0Y0        BUFG (Prop_bufg_I_O)         0.026     0.851 r  CLK_IBUF_BUFG_inst/O
                         net (fo=135, routed)         0.567     1.417    CLK_IBUF_BUFG
    SLICE_X9Y48          FDCE                                         r  ZKP_HASH_OUT_reg[6]/C
  -------------------------------------------------------------------    -------------------
    SLICE_X9Y48          FDCE (Prop_fdce_C_Q)         0.128     1.545 r  ZKP_HASH_OUT_reg[6]/Q
                         net (fo=1, routed)           0.578     2.123    ZKP_HASH_OUT_OBUF[6]
    G18                  OBUF (Prop_obuf_I_O)         1.216     3.339 r  ZKP_HASH_OUT_OBUF[6]_inst/O
                         net (fo=0)                   0.000     3.339    ZKP_HASH_OUT[6]
    G18                                                               r  ZKP_HASH_OUT[6]
  -------------------------------------------------------------------    -------------------

Slack:                    inf
  Source:                 ZKP_HASH_OUT_reg[11]/C
                            (rising edge-triggered cell FDCE clocked by clk_sys_domain  {rise@0.000ns fall@5.000ns period=10.000ns})
  Destination:            ZKP_HASH_OUT[11]
                            (output port)
  Path Group:             (none)
  Path Type:              Min at Fast Process Corner
  Data Path Delay:        1.924ns  (logic 1.320ns (68.584%)  route 0.605ns (31.416%))
  Logic Levels:           1  (OBUF=1)
  Clock Uncertainty:      0.025ns  ((TSJ^2 + TIJ^2)^1/2 + DJ) / 2 + PE
    Total System Jitter     (TSJ):    0.050ns
    Total Input Jitter      (TIJ):    0.000ns
    Discrete Jitter          (DJ):    0.000ns
    Phase Error              (PE):    0.000ns

    Location             Delay type                Incr(ns)  Path(ns)    Netlist Resource(s)
  -------------------------------------------------------------------    -------------------
                         (clock clk_sys_domain rise edge)
                                                      0.000     0.000 r  <hidden>
    N15                                               0.000     0.000 r  CLK
                         net (fo=0)                   0.000     0.000    CLK
    N15                  IBUF (Prop_ibuf_I_O)         0.191     0.191 r  CLK_IBUF_inst/O
                         net (fo=1, routed)           0.634     0.825    CLK_IBUF
    BUFGCTRL_X0Y0        BUFG (Prop_bufg_I_O)         0.026     0.851 r  CLK_IBUF_BUFG_inst/O
                         net (fo=135, routed)         0.567     1.417    CLK_IBUF_BUFG
    SLICE_X8Y49          FDCE                                         r  ZKP_HASH_OUT_reg[11]/C
  -------------------------------------------------------------------    -------------------
    SLICE_X8Y49          FDCE (Prop_fdce_C_Q)         0.164     1.581 r  ZKP_HASH_OUT_reg[11]/Q
                         net (fo=1, routed)           0.605     2.186    ZKP_HASH_OUT_OBUF[11]
    H15                  OBUF (Prop_obuf_I_O)         1.156     3.342 r  ZKP_HASH_OUT_OBUF[11]_inst/O
                         net (fo=0)                   0.000     3.342    ZKP_HASH_OUT[11]
    H15                                                               r  ZKP_HASH_OUT[11]
  -------------------------------------------------------------------    -------------------

Slack:                    inf
  Source:                 ZKP_HASH_OUT_reg[3]/C
                            (rising edge-triggered cell FDCE clocked by clk_sys_domain  {rise@0.000ns fall@5.000ns period=10.000ns})
  Destination:            ZKP_HASH_OUT[3]
                            (output port)
  Path Group:             (none)
  Path Type:              Min at Fast Process Corner
  Data Path Delay:        1.936ns  (logic 1.367ns (70.601%)  route 0.569ns (29.399%))
  Logic Levels:           1  (OBUF=1)
  Clock Uncertainty:      0.025ns  ((TSJ^2 + TIJ^2)^1/2 + DJ) / 2 + PE
    Total System Jitter     (TSJ):    0.050ns
    Total Input Jitter      (TIJ):    0.000ns
    Discrete Jitter          (DJ):    0.000ns
    Phase Error              (PE):    0.000ns

    Location             Delay type                Incr(ns)  Path(ns)    Netlist Resource(s)
  -------------------------------------------------------------------    -------------------
                         (clock clk_sys_domain rise edge)
                                                      0.000     0.000 r  <hidden>
    N15                                               0.000     0.000 r  CLK
                         net (fo=0)                   0.000     0.000    CLK
    N15                  IBUF (Prop_ibuf_I_O)         0.191     0.191 r  CLK_IBUF_inst/O
                         net (fo=1, routed)           0.634     0.825    CLK_IBUF
    BUFGCTRL_X0Y0        BUFG (Prop_bufg_I_O)         0.026     0.851 r  CLK_IBUF_BUFG_inst/O
                         net (fo=135, routed)         0.567     1.417    CLK_IBUF_BUFG
    SLICE_X10Y49         FDCE                                         r  ZKP_HASH_OUT_reg[3]/C
  -------------------------------------------------------------------    -------------------
    SLICE_X10Y49         FDCE (Prop_fdce_C_Q)         0.148     1.565 r  ZKP_HASH_OUT_reg[3]/Q
                         net (fo=1, routed)           0.569     2.135    ZKP_HASH_OUT_OBUF[3]
    J18                  OBUF (Prop_obuf_I_O)         1.219     3.354 r  ZKP_HASH_OUT_OBUF[3]_inst/O
                         net (fo=0)                   0.000     3.354    ZKP_HASH_OUT[3]
    J18                                                               r  ZKP_HASH_OUT[3]
  -------------------------------------------------------------------    -------------------

Slack:                    inf
  Source:                 ZKP_HASH_OUT_reg[10]/C
                            (rising edge-triggered cell FDCE clocked by clk_sys_domain  {rise@0.000ns fall@5.000ns period=10.000ns})
  Destination:            ZKP_HASH_OUT[10]
                            (output port)
  Path Group:             (none)
  Path Type:              Min at Fast Process Corner
  Data Path Delay:        1.951ns  (logic 1.347ns (69.017%)  route 0.605ns (30.983%))
  Logic Levels:           1  (OBUF=1)
  Clock Uncertainty:      0.025ns  ((TSJ^2 + TIJ^2)^1/2 + DJ) / 2 + PE
    Total System Jitter     (TSJ):    0.050ns
    Total Input Jitter      (TIJ):    0.000ns
    Discrete Jitter          (DJ):    0.000ns
    Phase Error              (PE):    0.000ns

    Location             Delay type                Incr(ns)  Path(ns)    Netlist Resource(s)
  -------------------------------------------------------------------    -------------------
                         (clock clk_sys_domain rise edge)
                                                      0.000     0.000 r  <hidden>
    N15                                               0.000     0.000 r  CLK
                         net (fo=0)                   0.000     0.000    CLK
    N15                  IBUF (Prop_ibuf_I_O)         0.191     0.191 r  CLK_IBUF_inst/O
                         net (fo=1, routed)           0.634     0.825    CLK_IBUF
    BUFGCTRL_X0Y0        BUFG (Prop_bufg_I_O)         0.026     0.851 r  CLK_IBUF_BUFG_inst/O
                         net (fo=135, routed)         0.567     1.417    CLK_IBUF_BUFG
    SLICE_X8Y48          FDCE                                         r  ZKP_HASH_OUT_reg[10]/C
  -------------------------------------------------------------------    -------------------
    SLICE_X8Y48          FDCE (Prop_fdce_C_Q)         0.164     1.581 r  ZKP_HASH_OUT_reg[10]/Q
                         net (fo=1, routed)           0.605     2.186    ZKP_HASH_OUT_OBUF[10]
    C16                  OBUF (Prop_obuf_I_O)         1.183     3.369 r  ZKP_HASH_OUT_OBUF[10]_inst/O
                         net (fo=0)                   0.000     3.369    ZKP_HASH_OUT[10]
    C16                                                               r  ZKP_HASH_OUT[10]
  -------------------------------------------------------------------    -------------------

Slack:                    inf
  Source:                 ZKP_HASH_OUT_reg[7]/C
                            (rising edge-triggered cell FDCE clocked by clk_sys_domain  {rise@0.000ns fall@5.000ns period=10.000ns})
  Destination:            ZKP_HASH_OUT[7]
                            (output port)
  Path Group:             (none)
  Path Type:              Min at Fast Process Corner
  Data Path Delay:        1.955ns  (logic 1.368ns (69.990%)  route 0.587ns (30.010%))
  Logic Levels:           1  (OBUF=1)
  Clock Uncertainty:      0.025ns  ((TSJ^2 + TIJ^2)^1/2 + DJ) / 2 + PE
    Total System Jitter     (TSJ):    0.050ns
    Total Input Jitter      (TIJ):    0.000ns
    Discrete Jitter          (DJ):    0.000ns
    Phase Error              (PE):    0.000ns

    Location             Delay type                Incr(ns)  Path(ns)    Netlist Resource(s)
  -------------------------------------------------------------------    -------------------
                         (clock clk_sys_domain rise edge)
                                                      0.000     0.000 r  <hidden>
    N15                                               0.000     0.000 r  CLK
                         net (fo=0)                   0.000     0.000    CLK
    N15                  IBUF (Prop_ibuf_I_O)         0.191     0.191 r  CLK_IBUF_inst/O
                         net (fo=1, routed)           0.634     0.825    CLK_IBUF
    BUFGCTRL_X0Y0        BUFG (Prop_bufg_I_O)         0.026     0.851 r  CLK_IBUF_BUFG_inst/O
                         net (fo=135, routed)         0.567     1.417    CLK_IBUF_BUFG
    SLICE_X8Y48          FDCE                                         r  ZKP_HASH_OUT_reg[7]/C
  -------------------------------------------------------------------    -------------------
    SLICE_X8Y48          FDCE (Prop_fdce_C_Q)         0.148     1.565 r  ZKP_HASH_OUT_reg[7]/Q
                         net (fo=1, routed)           0.587     2.152    ZKP_HASH_OUT_OBUF[7]
    D18                  OBUF (Prop_obuf_I_O)         1.220     3.372 r  ZKP_HASH_OUT_OBUF[7]_inst/O
                         net (fo=0)                   0.000     3.372    ZKP_HASH_OUT[7]
    D18                                                               r  ZKP_HASH_OUT[7]
  -------------------------------------------------------------------    -------------------





--------------------------------------------------------------------------------------
Path Group:  (none)
From Clock:  
  To Clock:  clk_sys_domain

Max Delay           401 Endpoints
Min Delay           401 Endpoints
--------------------------------------------------------------------------------------


Max Delay Paths
--------------------------------------------------------------------------------------
Slack:                    inf
  Source:                 SECURITY_ALERT
                            (input port)
  Destination:            mult_pipe_reg_reg[2]/CE
                            (rising edge-triggered cell FDCE clocked by clk_sys_domain  {rise@0.000ns fall@5.000ns period=10.000ns})
  Path Group:             (none)
  Path Type:              Setup (Max at Slow Process Corner)
  Data Path Delay:        5.508ns  (logic 1.183ns (21.486%)  route 4.325ns (78.514%))
  Logic Levels:           2  (IBUF=1 LUT3=1)
  Clock Path Skew:        4.238ns (DCD - SCD + CPR)
    Destination Clock Delay (DCD):    4.238ns
    Source Clock Delay      (SCD):    0.000ns
    Clock Pessimism Removal (CPR):    0.000ns
  Clock Uncertainty:      0.025ns  ((TSJ^2 + TIJ^2)^1/2 + DJ) / 2 + PE
    Total System Jitter     (TSJ):    0.050ns
    Total Input Jitter      (TIJ):    0.000ns
    Discrete Jitter          (DJ):    0.000ns
    Phase Error              (PE):    0.000ns

    Location             Delay type                Incr(ns)  Path(ns)    Netlist Resource(s)
  -------------------------------------------------------------------    -------------------
    N14                                               0.000     0.000 r  SECURITY_ALERT
                         net (fo=0)                   0.000     0.000    SECURITY_ALERT
    N14                  IBUF (Prop_ibuf_I_O)         1.034     1.034 r  SECURITY_ALERT_IBUF_inst/O
                         net (fo=151, routed)         3.136     4.171    SECURITY_ALERT_IBUF
    SLICE_X13Y48         LUT3 (Prop_lut3_I2_O)        0.149     4.320 r  mult_pipe_reg[31]_i_1/O
                         net (fo=64, routed)          1.189     5.508    mult_pipe_reg[0]
    SLICE_X13Y43         FDCE                                         r  mult_pipe_reg_reg[2]/CE
  -------------------------------------------------------------------    -------------------

                         (clock clk_sys_domain rise edge)
                                                      0.000     0.000 r  <hidden>
    N15                                               0.000     0.000 r  CLK
                         net (fo=0)                   0.000     0.000    CLK
    N15                  IBUF (Prop_ibuf_I_O)         0.828     0.828 r  CLK_IBUF_inst/O
                         net (fo=1, routed)           1.868     2.696    CLK_IBUF
    BUFGCTRL_X0Y0        BUFG (Prop_bufg_I_O)         0.091     2.787 r  CLK_IBUF_BUFG_inst/O
                         net (fo=135, routed)         1.450     4.238    CLK_IBUF_BUFG
    SLICE_X13Y43         FDCE                                         r  mult_pipe_reg_reg[2]/C

Slack:                    inf
  Source:                 SECURITY_ALERT
                            (input port)
  Destination:            mult_pipe_reg_reg[3]/CE
                            (rising edge-triggered cell FDCE clocked by clk_sys_domain  {rise@0.000ns fall@5.000ns period=10.000ns})
  Path Group:             (none)
  Path Type:              Setup (Max at Slow Process Corner)
  Data Path Delay:        5.508ns  (logic 1.183ns (21.486%)  route 4.325ns (78.514%))
  Logic Levels:           2  (IBUF=1 LUT3=1)
  Clock Path Skew:        4.238ns (DCD - SCD + CPR)
    Destination Clock Delay (DCD):    4.238ns
    Source Clock Delay      (SCD):    0.000ns
    Clock Pessimism Removal (CPR):    0.000ns
  Clock Uncertainty:      0.025ns  ((TSJ^2 + TIJ^2)^1/2 + DJ) / 2 + PE
    Total System Jitter     (TSJ):    0.050ns
    Total Input Jitter      (TIJ):    0.000ns
    Discrete Jitter          (DJ):    0.000ns
    Phase Error              (PE):    0.000ns

    Location             Delay type                Incr(ns)  Path(ns)    Netlist Resource(s)
  -------------------------------------------------------------------    -------------------
    N14                                               0.000     0.000 r  SECURITY_ALERT
                         net (fo=0)                   0.000     0.000    SECURITY_ALERT
    N14                  IBUF (Prop_ibuf_I_O)         1.034     1.034 r  SECURITY_ALERT_IBUF_inst/O
                         net (fo=151, routed)         3.136     4.171    SECURITY_ALERT_IBUF
    SLICE_X13Y48         LUT3 (Prop_lut3_I2_O)        0.149     4.320 r  mult_pipe_reg[31]_i_1/O
                         net (fo=64, routed)          1.189     5.508    mult_pipe_reg[0]
    SLICE_X13Y43         FDCE                                         r  mult_pipe_reg_reg[3]/CE
  -------------------------------------------------------------------    -------------------

                         (clock clk_sys_domain rise edge)
                                                      0.000     0.000 r  <hidden>
    N15                                               0.000     0.000 r  CLK
                         net (fo=0)                   0.000     0.000    CLK
    N15                  IBUF (Prop_ibuf_I_O)         0.828     0.828 r  CLK_IBUF_inst/O
                         net (fo=1, routed)           1.868     2.696    CLK_IBUF
    BUFGCTRL_X0Y0        BUFG (Prop_bufg_I_O)         0.091     2.787 r  CLK_IBUF_BUFG_inst/O
                         net (fo=135, routed)         1.450     4.238    CLK_IBUF_BUFG
    SLICE_X13Y43         FDCE                                         r  mult_pipe_reg_reg[3]/C

Slack:                    inf
  Source:                 SECURITY_ALERT
                            (input port)
  Destination:            mult_pipe_reg_reg[10]/CE
                            (rising edge-triggered cell FDCE clocked by clk_sys_domain  {rise@0.000ns fall@5.000ns period=10.000ns})
  Path Group:             (none)
  Path Type:              Setup (Max at Slow Process Corner)
  Data Path Delay:        5.478ns  (logic 1.183ns (21.605%)  route 4.294ns (78.395%))
  Logic Levels:           2  (IBUF=1 LUT3=1)
  Clock Path Skew:        4.239ns (DCD - SCD + CPR)
    Destination Clock Delay (DCD):    4.239ns
    Source Clock Delay      (SCD):    0.000ns
    Clock Pessimism Removal (CPR):    0.000ns
  Clock Uncertainty:      0.025ns  ((TSJ^2 + TIJ^2)^1/2 + DJ) / 2 + PE
    Total System Jitter     (TSJ):    0.050ns
    Total Input Jitter      (TIJ):    0.000ns
    Discrete Jitter          (DJ):    0.000ns
    Phase Error              (PE):    0.000ns

    Location             Delay type                Incr(ns)  Path(ns)    Netlist Resource(s)
  -------------------------------------------------------------------    -------------------
    N14                                               0.000     0.000 r  SECURITY_ALERT
                         net (fo=0)                   0.000     0.000    SECURITY_ALERT
    N14                  IBUF (Prop_ibuf_I_O)         1.034     1.034 r  SECURITY_ALERT_IBUF_inst/O
                         net (fo=151, routed)         3.136     4.171    SECURITY_ALERT_IBUF
    SLICE_X13Y48         LUT3 (Prop_lut3_I2_O)        0.149     4.320 r  mult_pipe_reg[31]_i_1/O
                         net (fo=64, routed)          1.158     5.478    mult_pipe_reg[0]
    SLICE_X11Y43         FDCE                                         r  mult_pipe_reg_reg[10]/CE
  -------------------------------------------------------------------    -------------------

                         (clock clk_sys_domain rise edge)
                                                      0.000     0.000 r  <hidden>
    N15                                               0.000     0.000 r  CLK
                         net (fo=0)                   0.000     0.000    CLK
    N15                  IBUF (Prop_ibuf_I_O)         0.828     0.828 r  CLK_IBUF_inst/O
                         net (fo=1, routed)           1.868     2.696    CLK_IBUF
    BUFGCTRL_X0Y0        BUFG (Prop_bufg_I_O)         0.091     2.787 r  CLK_IBUF_BUFG_inst/O
                         net (fo=135, routed)         1.451     4.239    CLK_IBUF_BUFG
    SLICE_X11Y43         FDCE                                         r  mult_pipe_reg_reg[10]/C

Slack:                    inf
  Source:                 SECURITY_ALERT
                            (input port)
  Destination:            mult_pipe_reg_reg[11]/CE
                            (rising edge-triggered cell FDCE clocked by clk_sys_domain  {rise@0.000ns fall@5.000ns period=10.000ns})
  Path Group:             (none)
  Path Type:              Setup (Max at Slow Process Corner)
  Data Path Delay:        5.478ns  (logic 1.183ns (21.605%)  route 4.294ns (78.395%))
  Logic Levels:           2  (IBUF=1 LUT3=1)
  Clock Path Skew:        4.239ns (DCD - SCD + CPR)
    Destination Clock Delay (DCD):    4.239ns
    Source Clock Delay      (SCD):    0.000ns
    Clock Pessimism Removal (CPR):    0.000ns
  Clock Uncertainty:      0.025ns  ((TSJ^2 + TIJ^2)^1/2 + DJ) / 2 + PE
    Total System Jitter     (TSJ):    0.050ns
    Total Input Jitter      (TIJ):    0.000ns
    Discrete Jitter          (DJ):    0.000ns
    Phase Error              (PE):    0.000ns

    Location             Delay type                Incr(ns)  Path(ns)    Netlist Resource(s)
  -------------------------------------------------------------------    -------------------
    N14                                               0.000     0.000 r  SECURITY_ALERT
                         net (fo=0)                   0.000     0.000    SECURITY_ALERT
    N14                  IBUF (Prop_ibuf_I_O)         1.034     1.034 r  SECURITY_ALERT_IBUF_inst/O
                         net (fo=151, routed)         3.136     4.171    SECURITY_ALERT_IBUF
    SLICE_X13Y48         LUT3 (Prop_lut3_I2_O)        0.149     4.320 r  mult_pipe_reg[31]_i_1/O
                         net (fo=64, routed)          1.158     5.478    mult_pipe_reg[0]
    SLICE_X11Y43         FDCE                                         r  mult_pipe_reg_reg[11]/CE
  -------------------------------------------------------------------    -------------------

                         (clock clk_sys_domain rise edge)
                                                      0.000     0.000 r  <hidden>
    N15                                               0.000     0.000 r  CLK
                         net (fo=0)                   0.000     0.000    CLK
    N15                  IBUF (Prop_ibuf_I_O)         0.828     0.828 r  CLK_IBUF_inst/O
                         net (fo=1, routed)           1.868     2.696    CLK_IBUF
    BUFGCTRL_X0Y0        BUFG (Prop_bufg_I_O)         0.091     2.787 r  CLK_IBUF_BUFG_inst/O
                         net (fo=135, routed)         1.451     4.239    CLK_IBUF_BUFG
    SLICE_X11Y43         FDCE                                         r  mult_pipe_reg_reg[11]/C

Slack:                    inf
  Source:                 SECURITY_ALERT
                            (input port)
  Destination:            mult_pipe_reg_reg[8]/CE
                            (rising edge-triggered cell FDCE clocked by clk_sys_domain  {rise@0.000ns fall@5.000ns period=10.000ns})
  Path Group:             (none)
  Path Type:              Setup (Max at Slow Process Corner)
  Data Path Delay:        5.478ns  (logic 1.183ns (21.605%)  route 4.294ns (78.395%))
  Logic Levels:           2  (IBUF=1 LUT3=1)
  Clock Path Skew:        4.239ns (DCD - SCD + CPR)
    Destination Clock Delay (DCD):    4.239ns
    Source Clock Delay      (SCD):    0.000ns
    Clock Pessimism Removal (CPR):    0.000ns
  Clock Uncertainty:      0.025ns  ((TSJ^2 + TIJ^2)^1/2 + DJ) / 2 + PE
    Total System Jitter     (TSJ):    0.050ns
    Total Input Jitter      (TIJ):    0.000ns
    Discrete Jitter          (DJ):    0.000ns
    Phase Error              (PE):    0.000ns

    Location             Delay type                Incr(ns)  Path(ns)    Netlist Resource(s)
  -------------------------------------------------------------------    -------------------
    N14                                               0.000     0.000 r  SECURITY_ALERT
                         net (fo=0)                   0.000     0.000    SECURITY_ALERT
    N14                  IBUF (Prop_ibuf_I_O)         1.034     1.034 r  SECURITY_ALERT_IBUF_inst/O
                         net (fo=151, routed)         3.136     4.171    SECURITY_ALERT_IBUF
    SLICE_X13Y48         LUT3 (Prop_lut3_I2_O)        0.149     4.320 r  mult_pipe_reg[31]_i_1/O
                         net (fo=64, routed)          1.158     5.478    mult_pipe_reg[0]
    SLICE_X11Y43         FDCE                                         r  mult_pipe_reg_reg[8]/CE
  -------------------------------------------------------------------    -------------------

                         (clock clk_sys_domain rise edge)
                                                      0.000     0.000 r  <hidden>
    N15                                               0.000     0.000 r  CLK
                         net (fo=0)                   0.000     0.000    CLK
    N15                  IBUF (Prop_ibuf_I_O)         0.828     0.828 r  CLK_IBUF_inst/O
                         net (fo=1, routed)           1.868     2.696    CLK_IBUF
    BUFGCTRL_X0Y0        BUFG (Prop_bufg_I_O)         0.091     2.787 r  CLK_IBUF_BUFG_inst/O
                         net (fo=135, routed)         1.451     4.239    CLK_IBUF_BUFG
    SLICE_X11Y43         FDCE                                         r  mult_pipe_reg_reg[8]/C

Slack:                    inf
  Source:                 SECURITY_ALERT
                            (input port)
  Destination:            mult_pipe_reg_reg[9]/CE
                            (rising edge-triggered cell FDCE clocked by clk_sys_domain  {rise@0.000ns fall@5.000ns period=10.000ns})
  Path Group:             (none)
  Path Type:              Setup (Max at Slow Process Corner)
  Data Path Delay:        5.478ns  (logic 1.183ns (21.605%)  route 4.294ns (78.395%))
  Logic Levels:           2  (IBUF=1 LUT3=1)
  Clock Path Skew:        4.239ns (DCD - SCD + CPR)
    Destination Clock Delay (DCD):    4.239ns
    Source Clock Delay      (SCD):    0.000ns
    Clock Pessimism Removal (CPR):    0.000ns
  Clock Uncertainty:      0.025ns  ((TSJ^2 + TIJ^2)^1/2 + DJ) / 2 + PE
    Total System Jitter     (TSJ):    0.050ns
    Total Input Jitter      (TIJ):    0.000ns
    Discrete Jitter          (DJ):    0.000ns
    Phase Error              (PE):    0.000ns

    Location             Delay type                Incr(ns)  Path(ns)    Netlist Resource(s)
  -------------------------------------------------------------------    -------------------
    N14                                               0.000     0.000 r  SECURITY_ALERT
                         net (fo=0)                   0.000     0.000    SECURITY_ALERT
    N14                  IBUF (Prop_ibuf_I_O)         1.034     1.034 r  SECURITY_ALERT_IBUF_inst/O
                         net (fo=151, routed)         3.136     4.171    SECURITY_ALERT_IBUF
    SLICE_X13Y48         LUT3 (Prop_lut3_I2_O)        0.149     4.320 r  mult_pipe_reg[31]_i_1/O
                         net (fo=64, routed)          1.158     5.478    mult_pipe_reg[0]
    SLICE_X11Y43         FDCE                                         r  mult_pipe_reg_reg[9]/CE
  -------------------------------------------------------------------    -------------------

                         (clock clk_sys_domain rise edge)
                                                      0.000     0.000 r  <hidden>
    N15                                               0.000     0.000 r  CLK
                         net (fo=0)                   0.000     0.000    CLK
    N15                  IBUF (Prop_ibuf_I_O)         0.828     0.828 r  CLK_IBUF_inst/O
                         net (fo=1, routed)           1.868     2.696    CLK_IBUF
    BUFGCTRL_X0Y0        BUFG (Prop_bufg_I_O)         0.091     2.787 r  CLK_IBUF_BUFG_inst/O
                         net (fo=135, routed)         1.451     4.239    CLK_IBUF_BUFG
    SLICE_X11Y43         FDCE                                         r  mult_pipe_reg_reg[9]/C

Slack:                    inf
  Source:                 SECURITY_ALERT
                            (input port)
  Destination:            ZKP_HASH_OUT_reg[16]/CE
                            (rising edge-triggered cell FDCE clocked by clk_sys_domain  {rise@0.000ns fall@5.000ns period=10.000ns})
  Path Group:             (none)
  Path Type:              Setup (Max at Slow Process Corner)
  Data Path Delay:        5.388ns  (logic 1.154ns (21.426%)  route 4.234ns (78.574%))
  Logic Levels:           2  (IBUF=1 LUT2=1)
  Clock Path Skew:        4.240ns (DCD - SCD + CPR)
    Destination Clock Delay (DCD):    4.240ns
    Source Clock Delay      (SCD):    0.000ns
    Clock Pessimism Removal (CPR):    0.000ns
  Clock Uncertainty:      0.025ns  ((TSJ^2 + TIJ^2)^1/2 + DJ) / 2 + PE
    Total System Jitter     (TSJ):    0.050ns
    Total Input Jitter      (TIJ):    0.000ns
    Discrete Jitter          (DJ):    0.000ns
    Phase Error              (PE):    0.000ns

    Location             Delay type                Incr(ns)  Path(ns)    Netlist Resource(s)
  -------------------------------------------------------------------    -------------------
    N14                                               0.000     0.000 r  SECURITY_ALERT
                         net (fo=0)                   0.000     0.000    SECURITY_ALERT
    N14                  IBUF (Prop_ibuf_I_O)         1.034     1.034 r  SECURITY_ALERT_IBUF_inst/O
                         net (fo=151, routed)         2.966     4.001    SECURITY_ALERT_IBUF
    SLICE_X13Y48         LUT2 (Prop_lut2_I1_O)        0.120     4.121 r  ZKP_HASH_OUT[31]_i_1/O
                         net (fo=32, routed)          1.268     5.388    ZKP_HASH_OUT[31]_i_1_n_0
    SLICE_X10Y49         FDCE                                         r  ZKP_HASH_OUT_reg[16]/CE
  -------------------------------------------------------------------    -------------------

                         (clock clk_sys_domain rise edge)
                                                      0.000     0.000 r  <hidden>
    N15                                               0.000     0.000 r  CLK
                         net (fo=0)                   0.000     0.000    CLK
    N15                  IBUF (Prop_ibuf_I_O)         0.828     0.828 r  CLK_IBUF_inst/O
                         net (fo=1, routed)           1.868     2.696    CLK_IBUF
    BUFGCTRL_X0Y0        BUFG (Prop_bufg_I_O)         0.091     2.787 r  CLK_IBUF_BUFG_inst/O
                         net (fo=135, routed)         1.452     4.240    CLK_IBUF_BUFG
    SLICE_X10Y49         FDCE                                         r  ZKP_HASH_OUT_reg[16]/C

Slack:                    inf
  Source:                 SECURITY_ALERT
                            (input port)
  Destination:            ZKP_HASH_OUT_reg[18]/CE
                            (rising edge-triggered cell FDCE clocked by clk_sys_domain  {rise@0.000ns fall@5.000ns period=10.000ns})
  Path Group:             (none)
  Path Type:              Setup (Max at Slow Process Corner)
  Data Path Delay:        5.388ns  (logic 1.154ns (21.426%)  route 4.234ns (78.574%))
  Logic Levels:           2  (IBUF=1 LUT2=1)
  Clock Path Skew:        4.240ns (DCD - SCD + CPR)
    Destination Clock Delay (DCD):    4.240ns
    Source Clock Delay      (SCD):    0.000ns
    Clock Pessimism Removal (CPR):    0.000ns
  Clock Uncertainty:      0.025ns  ((TSJ^2 + TIJ^2)^1/2 + DJ) / 2 + PE
    Total System Jitter     (TSJ):    0.050ns
    Total Input Jitter      (TIJ):    0.000ns
    Discrete Jitter          (DJ):    0.000ns
    Phase Error              (PE):    0.000ns

    Location             Delay type                Incr(ns)  Path(ns)    Netlist Resource(s)
  -------------------------------------------------------------------    -------------------
    N14                                               0.000     0.000 r  SECURITY_ALERT
                         net (fo=0)                   0.000     0.000    SECURITY_ALERT
    N14                  IBUF (Prop_ibuf_I_O)         1.034     1.034 r  SECURITY_ALERT_IBUF_inst/O
                         net (fo=151, routed)         2.966     4.001    SECURITY_ALERT_IBUF
    SLICE_X13Y48         LUT2 (Prop_lut2_I1_O)        0.120     4.121 r  ZKP_HASH_OUT[31]_i_1/O
                         net (fo=32, routed)          1.268     5.388    ZKP_HASH_OUT[31]_i_1_n_0
    SLICE_X10Y49         FDCE                                         r  ZKP_HASH_OUT_reg[18]/CE
  -------------------------------------------------------------------    -------------------

                         (clock clk_sys_domain rise edge)
                                                      0.000     0.000 r  <hidden>
    N15                                               0.000     0.000 r  CLK
                         net (fo=0)                   0.000     0.000    CLK
    N15                  IBUF (Prop_ibuf_I_O)         0.828     0.828 r  CLK_IBUF_inst/O
                         net (fo=1, routed)           1.868     2.696    CLK_IBUF
    BUFGCTRL_X0Y0        BUFG (Prop_bufg_I_O)         0.091     2.787 r  CLK_IBUF_BUFG_inst/O
                         net (fo=135, routed)         1.452     4.240    CLK_IBUF_BUFG
    SLICE_X10Y49         FDCE                                         r  ZKP_HASH_OUT_reg[18]/C

Slack:                    inf
  Source:                 SECURITY_ALERT
                            (input port)
  Destination:            ZKP_HASH_OUT_reg[1]/CE
                            (rising edge-triggered cell FDCE clocked by clk_sys_domain  {rise@0.000ns fall@5.000ns period=10.000ns})
  Path Group:             (none)
  Path Type:              Setup (Max at Slow Process Corner)
  Data Path Delay:        5.388ns  (logic 1.154ns (21.426%)  route 4.234ns (78.574%))
  Logic Levels:           2  (IBUF=1 LUT2=1)
  Clock Path Skew:        4.240ns (DCD - SCD + CPR)
    Destination Clock Delay (DCD):    4.240ns
    Source Clock Delay      (SCD):    0.000ns
    Clock Pessimism Removal (CPR):    0.000ns
  Clock Uncertainty:      0.025ns  ((TSJ^2 + TIJ^2)^1/2 + DJ) / 2 + PE
    Total System Jitter     (TSJ):    0.050ns
    Total Input Jitter      (TIJ):    0.000ns
    Discrete Jitter          (DJ):    0.000ns
    Phase Error              (PE):    0.000ns

    Location             Delay type                Incr(ns)  Path(ns)    Netlist Resource(s)
  -------------------------------------------------------------------    -------------------
    N14                                               0.000     0.000 r  SECURITY_ALERT
                         net (fo=0)                   0.000     0.000    SECURITY_ALERT
    N14                  IBUF (Prop_ibuf_I_O)         1.034     1.034 r  SECURITY_ALERT_IBUF_inst/O
                         net (fo=151, routed)         2.966     4.001    SECURITY_ALERT_IBUF
    SLICE_X13Y48         LUT2 (Prop_lut2_I1_O)        0.120     4.121 r  ZKP_HASH_OUT[31]_i_1/O
                         net (fo=32, routed)          1.268     5.388    ZKP_HASH_OUT[31]_i_1_n_0
    SLICE_X10Y49         FDCE                                         r  ZKP_HASH_OUT_reg[1]/CE
  -------------------------------------------------------------------    -------------------

                         (clock clk_sys_domain rise edge)
                                                      0.000     0.000 r  <hidden>
    N15                                               0.000     0.000 r  CLK
                         net (fo=0)                   0.000     0.000    CLK
    N15                  IBUF (Prop_ibuf_I_O)         0.828     0.828 r  CLK_IBUF_inst/O
                         net (fo=1, routed)           1.868     2.696    CLK_IBUF
    BUFGCTRL_X0Y0        BUFG (Prop_bufg_I_O)         0.091     2.787 r  CLK_IBUF_BUFG_inst/O
                         net (fo=135, routed)         1.452     4.240    CLK_IBUF_BUFG
    SLICE_X10Y49         FDCE                                         r  ZKP_HASH_OUT_reg[1]/C

Slack:                    inf
  Source:                 SECURITY_ALERT
                            (input port)
  Destination:            ZKP_HASH_OUT_reg[3]/CE
                            (rising edge-triggered cell FDCE clocked by clk_sys_domain  {rise@0.000ns fall@5.000ns period=10.000ns})
  Path Group:             (none)
  Path Type:              Setup (Max at Slow Process Corner)
  Data Path Delay:        5.388ns  (logic 1.154ns (21.426%)  route 4.234ns (78.574%))
  Logic Levels:           2  (IBUF=1 LUT2=1)
  Clock Path Skew:        4.240ns (DCD - SCD + CPR)
    Destination Clock Delay (DCD):    4.240ns
    Source Clock Delay      (SCD):    0.000ns
    Clock Pessimism Removal (CPR):    0.000ns
  Clock Uncertainty:      0.025ns  ((TSJ^2 + TIJ^2)^1/2 + DJ) / 2 + PE
    Total System Jitter     (TSJ):    0.050ns
    Total Input Jitter      (TIJ):    0.000ns
    Discrete Jitter          (DJ):    0.000ns
    Phase Error              (PE):    0.000ns

    Location             Delay type                Incr(ns)  Path(ns)    Netlist Resource(s)
  -------------------------------------------------------------------    -------------------
    N14                                               0.000     0.000 r  SECURITY_ALERT
                         net (fo=0)                   0.000     0.000    SECURITY_ALERT
    N14                  IBUF (Prop_ibuf_I_O)         1.034     1.034 r  SECURITY_ALERT_IBUF_inst/O
                         net (fo=151, routed)         2.966     4.001    SECURITY_ALERT_IBUF
    SLICE_X13Y48         LUT2 (Prop_lut2_I1_O)        0.120     4.121 r  ZKP_HASH_OUT[31]_i_1/O
                         net (fo=32, routed)          1.268     5.388    ZKP_HASH_OUT[31]_i_1_n_0
    SLICE_X10Y49         FDCE                                         r  ZKP_HASH_OUT_reg[3]/CE
  -------------------------------------------------------------------    -------------------

                         (clock clk_sys_domain rise edge)
                                                      0.000     0.000 r  <hidden>
    N15                                               0.000     0.000 r  CLK
                         net (fo=0)                   0.000     0.000    CLK
    N15                  IBUF (Prop_ibuf_I_O)         0.828     0.828 r  CLK_IBUF_inst/O
                         net (fo=1, routed)           1.868     2.696    CLK_IBUF
    BUFGCTRL_X0Y0        BUFG (Prop_bufg_I_O)         0.091     2.787 r  CLK_IBUF_BUFG_inst/O
                         net (fo=135, routed)         1.452     4.240    CLK_IBUF_BUFG
    SLICE_X10Y49         FDCE                                         r  ZKP_HASH_OUT_reg[3]/C





Min Delay Paths
--------------------------------------------------------------------------------------
Slack:                    inf
  Source:                 SECURITY_ALERT
                            (input port)
  Destination:            mult_pipe_reg_reg[10]/D
                            (rising edge-triggered cell FDCE clocked by clk_sys_domain  {rise@0.000ns fall@5.000ns period=10.000ns})
  Path Group:             (none)
  Path Type:              Hold (Min at Fast Process Corner)
  Data Path Delay:        0.881ns  (logic 0.230ns (26.166%)  route 0.650ns (73.834%))
  Logic Levels:           2  (IBUF=1 LUT2=1)
  Clock Path Skew:        1.933ns (DCD - SCD - CPR)
    Destination Clock Delay (DCD):    1.933ns
    Source Clock Delay      (SCD):    0.000ns
    Clock Pessimism Removal (CPR):    -0.000ns

    Location             Delay type                Incr(ns)  Path(ns)    Netlist Resource(s)
  -------------------------------------------------------------------    -------------------
    N14                                               0.000     0.000 f  SECURITY_ALERT
                         net (fo=0)                   0.000     0.000    SECURITY_ALERT
    N14                  IBUF (Prop_ibuf_I_O)         0.185     0.185 f  SECURITY_ALERT_IBUF_inst/O
                         net (fo=151, routed)         0.650     0.836    SECURITY_ALERT_IBUF
    SLICE_X11Y43         LUT2 (Prop_lut2_I1_O)        0.045     0.881 r  mult_pipe_reg[10]_i_1/O
                         net (fo=1, routed)           0.000     0.881    mult_pipe_reg[10]_i_1_n_0
    SLICE_X11Y43         FDCE                                         r  mult_pipe_reg_reg[10]/D
  -------------------------------------------------------------------    -------------------

                         (clock clk_sys_domain rise edge)
                                                      0.000     0.000 r  <hidden>
    N15                                               0.000     0.000 r  CLK
                         net (fo=0)                   0.000     0.000    CLK
    N15                  IBUF (Prop_ibuf_I_O)         0.380     0.380 r  CLK_IBUF_inst/O
                         net (fo=1, routed)           0.689     1.068    CLK_IBUF
    BUFGCTRL_X0Y0        BUFG (Prop_bufg_I_O)         0.029     1.097 r  CLK_IBUF_BUFG_inst/O
                         net (fo=135, routed)         0.836     1.933    CLK_IBUF_BUFG
    SLICE_X11Y43         FDCE                                         r  mult_pipe_reg_reg[10]/C

Slack:                    inf
  Source:                 SECURITY_ALERT
                            (input port)
  Destination:            mult_pipe_reg_reg[11]/D
                            (rising edge-triggered cell FDCE clocked by clk_sys_domain  {rise@0.000ns fall@5.000ns period=10.000ns})
  Path Group:             (none)
  Path Type:              Hold (Min at Fast Process Corner)
  Data Path Delay:        0.884ns  (logic 0.233ns (26.416%)  route 0.650ns (73.584%))
  Logic Levels:           2  (IBUF=1 LUT2=1)
  Clock Path Skew:        1.933ns (DCD - SCD - CPR)
    Destination Clock Delay (DCD):    1.933ns
    Source Clock Delay      (SCD):    0.000ns
    Clock Pessimism Removal (CPR):    -0.000ns

    Location             Delay type                Incr(ns)  Path(ns)    Netlist Resource(s)
  -------------------------------------------------------------------    -------------------
    N14                                               0.000     0.000 f  SECURITY_ALERT
                         net (fo=0)                   0.000     0.000    SECURITY_ALERT
    N14                  IBUF (Prop_ibuf_I_O)         0.185     0.185 f  SECURITY_ALERT_IBUF_inst/O
                         net (fo=151, routed)         0.650     0.836    SECURITY_ALERT_IBUF
    SLICE_X11Y43         LUT2 (Prop_lut2_I1_O)        0.048     0.884 r  mult_pipe_reg[11]_i_1/O
                         net (fo=1, routed)           0.000     0.884    mult_pipe_reg[11]_i_1_n_0
    SLICE_X11Y43         FDCE                                         r  mult_pipe_reg_reg[11]/D
  -------------------------------------------------------------------    -------------------

                         (clock clk_sys_domain rise edge)
                                                      0.000     0.000 r  <hidden>
    N15                                               0.000     0.000 r  CLK
                         net (fo=0)                   0.000     0.000    CLK
    N15                  IBUF (Prop_ibuf_I_O)         0.380     0.380 r  CLK_IBUF_inst/O
                         net (fo=1, routed)           0.689     1.068    CLK_IBUF
    BUFGCTRL_X0Y0        BUFG (Prop_bufg_I_O)         0.029     1.097 r  CLK_IBUF_BUFG_inst/O
                         net (fo=135, routed)         0.836     1.933    CLK_IBUF_BUFG
    SLICE_X11Y43         FDCE                                         r  mult_pipe_reg_reg[11]/C

Slack:                    inf
  Source:                 SECURITY_ALERT
                            (input port)
  Destination:            mult_pipe_reg_reg[9]/D
                            (rising edge-triggered cell FDCE clocked by clk_sys_domain  {rise@0.000ns fall@5.000ns period=10.000ns})
  Path Group:             (none)
  Path Type:              Hold (Min at Fast Process Corner)
  Data Path Delay:        0.955ns  (logic 0.228ns (23.928%)  route 0.726ns (76.072%))
  Logic Levels:           2  (IBUF=1 LUT2=1)
  Clock Path Skew:        1.933ns (DCD - SCD - CPR)
    Destination Clock Delay (DCD):    1.933ns
    Source Clock Delay      (SCD):    0.000ns
    Clock Pessimism Removal (CPR):    -0.000ns

    Location             Delay type                Incr(ns)  Path(ns)    Netlist Resource(s)
  -------------------------------------------------------------------    -------------------
    N14                                               0.000     0.000 f  SECURITY_ALERT
                         net (fo=0)                   0.000     0.000    SECURITY_ALERT
    N14                  IBUF (Prop_ibuf_I_O)         0.185     0.185 f  SECURITY_ALERT_IBUF_inst/O
                         net (fo=151, routed)         0.726     0.912    SECURITY_ALERT_IBUF
    SLICE_X11Y43         LUT2 (Prop_lut2_I1_O)        0.043     0.955 r  mult_pipe_reg[9]_i_1/O
                         net (fo=1, routed)           0.000     0.955    mult_pipe_reg[9]_i_1_n_0
    SLICE_X11Y43         FDCE                                         r  mult_pipe_reg_reg[9]/D
  -------------------------------------------------------------------    -------------------

                         (clock clk_sys_domain rise edge)
                                                      0.000     0.000 r  <hidden>
    N15                                               0.000     0.000 r  CLK
                         net (fo=0)                   0.000     0.000    CLK
    N15                  IBUF (Prop_ibuf_I_O)         0.380     0.380 r  CLK_IBUF_inst/O
                         net (fo=1, routed)           0.689     1.068    CLK_IBUF
    BUFGCTRL_X0Y0        BUFG (Prop_bufg_I_O)         0.029     1.097 r  CLK_IBUF_BUFG_inst/O
                         net (fo=135, routed)         0.836     1.933    CLK_IBUF_BUFG
    SLICE_X11Y43         FDCE                                         r  mult_pipe_reg_reg[9]/C

Slack:                    inf
  Source:                 SECURITY_ALERT
                            (input port)
  Destination:            mult_pipe_reg_reg[8]/D
                            (rising edge-triggered cell FDCE clocked by clk_sys_domain  {rise@0.000ns fall@5.000ns period=10.000ns})
  Path Group:             (none)
  Path Type:              Hold (Min at Fast Process Corner)
  Data Path Delay:        0.957ns  (logic 0.230ns (24.087%)  route 0.726ns (75.913%))
  Logic Levels:           2  (IBUF=1 LUT2=1)
  Clock Path Skew:        1.933ns (DCD - SCD - CPR)
    Destination Clock Delay (DCD):    1.933ns
    Source Clock Delay      (SCD):    0.000ns
    Clock Pessimism Removal (CPR):    -0.000ns

    Location             Delay type                Incr(ns)  Path(ns)    Netlist Resource(s)
  -------------------------------------------------------------------    -------------------
    N14                                               0.000     0.000 f  SECURITY_ALERT
                         net (fo=0)                   0.000     0.000    SECURITY_ALERT
    N14                  IBUF (Prop_ibuf_I_O)         0.185     0.185 f  SECURITY_ALERT_IBUF_inst/O
                         net (fo=151, routed)         0.726     0.912    SECURITY_ALERT_IBUF
    SLICE_X11Y43         LUT2 (Prop_lut2_I1_O)        0.045     0.957 r  mult_pipe_reg[8]_i_1/O
                         net (fo=1, routed)           0.000     0.957    mult_pipe_reg[8]_i_1_n_0
    SLICE_X11Y43         FDCE                                         r  mult_pipe_reg_reg[8]/D
  -------------------------------------------------------------------    -------------------

                         (clock clk_sys_domain rise edge)
                                                      0.000     0.000 r  <hidden>
    N15                                               0.000     0.000 r  CLK
                         net (fo=0)                   0.000     0.000    CLK
    N15                  IBUF (Prop_ibuf_I_O)         0.380     0.380 r  CLK_IBUF_inst/O
                         net (fo=1, routed)           0.689     1.068    CLK_IBUF
    BUFGCTRL_X0Y0        BUFG (Prop_bufg_I_O)         0.029     1.097 r  CLK_IBUF_BUFG_inst/O
                         net (fo=135, routed)         0.836     1.933    CLK_IBUF_BUFG
    SLICE_X11Y43         FDCE                                         r  mult_pipe_reg_reg[8]/C

Slack:                    inf
  Source:                 SECRET_INPUT[27]
                            (input port)
  Destination:            pipeline_reg_reg[27]/D
                            (rising edge-triggered cell FDCE clocked by clk_sys_domain  {rise@0.000ns fall@5.000ns period=10.000ns})
  Path Group:             (none)
  Path Type:              Hold (Min at Fast Process Corner)
  Data Path Delay:        0.992ns  (logic 0.235ns (23.660%)  route 0.758ns (76.340%))
  Logic Levels:           2  (IBUF=1 LUT4=1)
  Clock Path Skew:        1.933ns (DCD - SCD - CPR)
    Destination Clock Delay (DCD):    1.933ns
    Source Clock Delay      (SCD):    0.000ns
    Clock Pessimism Removal (CPR):    -0.000ns

    Location             Delay type                Incr(ns)  Path(ns)    Netlist Resource(s)
  -------------------------------------------------------------------    -------------------
    N16                                               0.000     0.000 r  SECRET_INPUT[27]
                         net (fo=0)                   0.000     0.000    SECRET_INPUT[27]
    N16                  IBUF (Prop_ibuf_I_O)         0.190     0.190 r  SECRET_INPUT_IBUF[27]_inst/O
                         net (fo=1, routed)           0.758     0.947    SECRET_INPUT_IBUF[27]
    SLICE_X10Y44         LUT4 (Prop_lut4_I0_O)        0.045     0.992 r  pipeline_reg[27]_i_1/O
                         net (fo=1, routed)           0.000     0.992    p_1_in[27]
    SLICE_X10Y44         FDCE                                         r  pipeline_reg_reg[27]/D
  -------------------------------------------------------------------    -------------------

                         (clock clk_sys_domain rise edge)
                                                      0.000     0.000 r  <hidden>
    N15                                               0.000     0.000 r  CLK
                         net (fo=0)                   0.000     0.000    CLK
    N15                  IBUF (Prop_ibuf_I_O)         0.380     0.380 r  CLK_IBUF_inst/O
                         net (fo=1, routed)           0.689     1.068    CLK_IBUF
    BUFGCTRL_X0Y0        BUFG (Prop_bufg_I_O)         0.029     1.097 r  CLK_IBUF_BUFG_inst/O
                         net (fo=135, routed)         0.836     1.933    CLK_IBUF_BUFG
    SLICE_X10Y44         FDCE                                         r  pipeline_reg_reg[27]/C

Slack:                    inf
  Source:                 SECRET_INPUT[31]
                            (input port)
  Destination:            pipeline_reg_reg[31]/D
                            (rising edge-triggered cell FDCE clocked by clk_sys_domain  {rise@0.000ns fall@5.000ns period=10.000ns})
  Path Group:             (none)
  Path Type:              Hold (Min at Fast Process Corner)
  Data Path Delay:        1.022ns  (logic 0.229ns (22.444%)  route 0.793ns (77.556%))
  Logic Levels:           2  (IBUF=1 LUT4=1)
  Clock Path Skew:        1.933ns (DCD - SCD - CPR)
    Destination Clock Delay (DCD):    1.933ns
    Source Clock Delay      (SCD):    0.000ns
    Clock Pessimism Removal (CPR):    -0.000ns

    Location             Delay type                Incr(ns)  Path(ns)    Netlist Resource(s)
  -------------------------------------------------------------------    -------------------
    N17                                               0.000     0.000 r  SECRET_INPUT[31]
                         net (fo=0)                   0.000     0.000    SECRET_INPUT[31]
    N17                  IBUF (Prop_ibuf_I_O)         0.184     0.184 r  SECRET_INPUT_IBUF[31]_inst/O
                         net (fo=1, routed)           0.793     0.977    SECRET_INPUT_IBUF[31]
    SLICE_X10Y46         LUT4 (Prop_lut4_I0_O)        0.045     1.022 r  pipeline_reg[31]_i_2/O
                         net (fo=1, routed)           0.000     1.022    p_1_in[31]
    SLICE_X10Y46         FDCE                                         r  pipeline_reg_reg[31]/D
  -------------------------------------------------------------------    -------------------

                         (clock clk_sys_domain rise edge)
                                                      0.000     0.000 r  <hidden>
    N15                                               0.000     0.000 r  CLK
                         net (fo=0)                   0.000     0.000    CLK
    N15                  IBUF (Prop_ibuf_I_O)         0.380     0.380 r  CLK_IBUF_inst/O
                         net (fo=1, routed)           0.689     1.068    CLK_IBUF
    BUFGCTRL_X0Y0        BUFG (Prop_bufg_I_O)         0.029     1.097 r  CLK_IBUF_BUFG_inst/O
                         net (fo=135, routed)         0.836     1.933    CLK_IBUF_BUFG
    SLICE_X10Y46         FDCE                                         r  pipeline_reg_reg[31]/C

Slack:                    inf
  Source:                 SECRET_INPUT[24]
                            (input port)
  Destination:            pipeline_reg_reg[24]/D
                            (rising edge-triggered cell FDCE clocked by clk_sys_domain  {rise@0.000ns fall@5.000ns period=10.000ns})
  Path Group:             (none)
  Path Type:              Hold (Min at Fast Process Corner)
  Data Path Delay:        1.061ns  (logic 0.222ns (20.931%)  route 0.839ns (79.069%))
  Logic Levels:           2  (IBUF=1 LUT4=1)
  Clock Path Skew:        1.933ns (DCD - SCD - CPR)
    Destination Clock Delay (DCD):    1.933ns
    Source Clock Delay      (SCD):    0.000ns
    Clock Pessimism Removal (CPR):    -0.000ns

    Location             Delay type                Incr(ns)  Path(ns)    Netlist Resource(s)
  -------------------------------------------------------------------    -------------------
    P15                                               0.000     0.000 r  SECRET_INPUT[24]
                         net (fo=0)                   0.000     0.000    SECRET_INPUT[24]
    P15                  IBUF (Prop_ibuf_I_O)         0.177     0.177 r  SECRET_INPUT_IBUF[24]_inst/O
                         net (fo=1, routed)           0.839     1.016    SECRET_INPUT_IBUF[24]
    SLICE_X10Y45         LUT4 (Prop_lut4_I0_O)        0.045     1.061 r  pipeline_reg[24]_i_1/O
                         net (fo=1, routed)           0.000     1.061    p_1_in[24]
    SLICE_X10Y45         FDCE                                         r  pipeline_reg_reg[24]/D
  -------------------------------------------------------------------    -------------------

                         (clock clk_sys_domain rise edge)
                                                      0.000     0.000 r  <hidden>
    N15                                               0.000     0.000 r  CLK
                         net (fo=0)                   0.000     0.000    CLK
    N15                  IBUF (Prop_ibuf_I_O)         0.380     0.380 r  CLK_IBUF_inst/O
                         net (fo=1, routed)           0.689     1.068    CLK_IBUF
    BUFGCTRL_X0Y0        BUFG (Prop_bufg_I_O)         0.029     1.097 r  CLK_IBUF_BUFG_inst/O
                         net (fo=135, routed)         0.836     1.933    CLK_IBUF_BUFG
    SLICE_X10Y45         FDCE                                         r  pipeline_reg_reg[24]/C

Slack:                    inf
  Source:                 SECRET_INPUT[30]
                            (input port)
  Destination:            pipeline_reg_reg[30]/D
                            (rising edge-triggered cell FDCE clocked by clk_sys_domain  {rise@0.000ns fall@5.000ns period=10.000ns})
  Path Group:             (none)
  Path Type:              Hold (Min at Fast Process Corner)
  Data Path Delay:        1.082ns  (logic 0.236ns (21.770%)  route 0.847ns (78.230%))
  Logic Levels:           2  (IBUF=1 LUT4=1)
  Clock Path Skew:        1.933ns (DCD - SCD - CPR)
    Destination Clock Delay (DCD):    1.933ns
    Source Clock Delay      (SCD):    0.000ns
    Clock Pessimism Removal (CPR):    -0.000ns

    Location             Delay type                Incr(ns)  Path(ns)    Netlist Resource(s)
  -------------------------------------------------------------------    -------------------
    P18                                               0.000     0.000 r  SECRET_INPUT[30]
                         net (fo=0)                   0.000     0.000    SECRET_INPUT[30]
    P18                  IBUF (Prop_ibuf_I_O)         0.191     0.191 r  SECRET_INPUT_IBUF[30]_inst/O
                         net (fo=1, routed)           0.847     1.037    SECRET_INPUT_IBUF[30]
    SLICE_X11Y46         LUT4 (Prop_lut4_I0_O)        0.045     1.082 r  pipeline_reg[30]_i_1/O
                         net (fo=1, routed)           0.000     1.082    p_1_in[30]
    SLICE_X11Y46         FDCE                                         r  pipeline_reg_reg[30]/D
  -------------------------------------------------------------------    -------------------

                         (clock clk_sys_domain rise edge)
                                                      0.000     0.000 r  <hidden>
    N15                                               0.000     0.000 r  CLK
                         net (fo=0)                   0.000     0.000    CLK
    N15                  IBUF (Prop_ibuf_I_O)         0.380     0.380 r  CLK_IBUF_inst/O
                         net (fo=1, routed)           0.689     1.068    CLK_IBUF
    BUFGCTRL_X0Y0        BUFG (Prop_bufg_I_O)         0.029     1.097 r  CLK_IBUF_BUFG_inst/O
                         net (fo=135, routed)         0.836     1.933    CLK_IBUF_BUFG
    SLICE_X11Y46         FDCE                                         r  pipeline_reg_reg[30]/C

Slack:                    inf
  Source:                 SECRET_INPUT[29]
                            (input port)
  Destination:            pipeline_reg_reg[29]/D
                            (rising edge-triggered cell FDCE clocked by clk_sys_domain  {rise@0.000ns fall@5.000ns period=10.000ns})
  Path Group:             (none)
  Path Type:              Hold (Min at Fast Process Corner)
  Data Path Delay:        1.091ns  (logic 0.222ns (20.353%)  route 0.869ns (79.647%))
  Logic Levels:           2  (IBUF=1 LUT4=1)
  Clock Path Skew:        1.933ns (DCD - SCD - CPR)
    Destination Clock Delay (DCD):    1.933ns
    Source Clock Delay      (SCD):    0.000ns
    Clock Pessimism Removal (CPR):    -0.000ns

    Location             Delay type                Incr(ns)  Path(ns)    Netlist Resource(s)
  -------------------------------------------------------------------    -------------------
    M16                                               0.000     0.000 r  SECRET_INPUT[29]
                         net (fo=0)                   0.000     0.000    SECRET_INPUT[29]
    M16                  IBUF (Prop_ibuf_I_O)         0.177     0.177 r  SECRET_INPUT_IBUF[29]_inst/O
                         net (fo=1, routed)           0.869     1.046    SECRET_INPUT_IBUF[29]
    SLICE_X10Y46         LUT4 (Prop_lut4_I0_O)        0.045     1.091 r  pipeline_reg[29]_i_1/O
                         net (fo=1, routed)           0.000     1.091    p_1_in[29]
    SLICE_X10Y46         FDCE                                         r  pipeline_reg_reg[29]/D
  -------------------------------------------------------------------    -------------------

                         (clock clk_sys_domain rise edge)
                                                      0.000     0.000 r  <hidden>
    N15                                               0.000     0.000 r  CLK
                         net (fo=0)                   0.000     0.000    CLK
    N15                  IBUF (Prop_ibuf_I_O)         0.380     0.380 r  CLK_IBUF_inst/O
                         net (fo=1, routed)           0.689     1.068    CLK_IBUF
    BUFGCTRL_X0Y0        BUFG (Prop_bufg_I_O)         0.029     1.097 r  CLK_IBUF_BUFG_inst/O
                         net (fo=135, routed)         0.836     1.933    CLK_IBUF_BUFG
    SLICE_X10Y46         FDCE                                         r  pipeline_reg_reg[29]/C

Slack:                    inf
  Source:                 SECURITY_ALERT
                            (input port)
  Destination:            pipeline_reg_reg[2]/D
                            (rising edge-triggered cell FDCE clocked by clk_sys_domain  {rise@0.000ns fall@5.000ns period=10.000ns})
  Path Group:             (none)
  Path Type:              Hold (Min at Fast Process Corner)
  Data Path Delay:        1.093ns  (logic 0.230ns (21.088%)  route 0.862ns (78.912%))
  Logic Levels:           2  (IBUF=1 LUT4=1)
  Clock Path Skew:        1.933ns (DCD - SCD - CPR)
    Destination Clock Delay (DCD):    1.933ns
    Source Clock Delay      (SCD):    0.000ns
    Clock Pessimism Removal (CPR):    -0.000ns

    Location             Delay type                Incr(ns)  Path(ns)    Netlist Resource(s)
  -------------------------------------------------------------------    -------------------
    N14                                               0.000     0.000 f  SECURITY_ALERT
                         net (fo=0)                   0.000     0.000    SECURITY_ALERT
    N14                  IBUF (Prop_ibuf_I_O)         0.185     0.185 f  SECURITY_ALERT_IBUF_inst/O
                         net (fo=151, routed)         0.862     1.048    SECURITY_ALERT_IBUF
    SLICE_X11Y44         LUT4 (Prop_lut4_I3_O)        0.045     1.093 r  pipeline_reg[2]_i_1/O
                         net (fo=1, routed)           0.000     1.093    p_1_in[2]
    SLICE_X11Y44         FDCE                                         r  pipeline_reg_reg[2]/D
  -------------------------------------------------------------------    -------------------

                         (clock clk_sys_domain rise edge)
                                                      0.000     0.000 r  <hidden>
    N15                                               0.000     0.000 r  CLK
                         net (fo=0)                   0.000     0.000    CLK
    N15                  IBUF (Prop_ibuf_I_O)         0.380     0.380 r  CLK_IBUF_inst/O
                         net (fo=1, routed)           0.689     1.068    CLK_IBUF
    BUFGCTRL_X0Y0        BUFG (Prop_bufg_I_O)         0.029     1.097 r  CLK_IBUF_BUFG_inst/O
                         net (fo=135, routed)         0.836     1.933    CLK_IBUF_BUFG
    SLICE_X11Y44         FDCE                                         r  pipeline_reg_reg[2]/C





