Copyright 1986-2022 Xilinx, Inc. All Rights Reserved. Copyright 2022-2026 Advanced Micro Devices, Inc. All Rights Reserved.
------------------------------------------------------------------------------------------------------------------------------------------------------------------------------------------------------------------------------------------------------------
| Tool Version : Vivado v.2026.1 (win64) Build 6511674 Tue Jun 16 11:02:23 MDT 2026
| Date         : Mon Sep 28 19:38:57 2026
| Host         : PC1-2D running 64-bit major release  (build 9200)
| Command      : report_timing_summary -max_paths 10 -routable_nets -report_unconstrained -file reio_apb_wrapper_timing_summary_routed.rpt -pb reio_apb_wrapper_timing_summary_routed.pb -rpx reio_apb_wrapper_timing_summary_routed.rpx -warn_on_violation
| Design       : reio_apb_wrapper
| Device       : xa7a35t-csg324
| Speed File   : -1Q  PRODUCTION 1.16 2018-06-13
| Design State : Routed
------------------------------------------------------------------------------------------------------------------------------------------------------------------------------------------------------------------------------------------------------------

Timing Summary Report

------------------------------------------------------------------------------------------------
| Timer Settings
| --------------
------------------------------------------------------------------------------------------------

  Enable Multi Corner Analysis               :  Yes
  Enable Pessimism Removal                   :  Yes
  Pessimism Removal Resolution               :  Nearest Common Node
  Enable Input Delay Default Clock           :  No
  Enable Preset / Clear Arcs                 :  No
  Disable Flight Delays                      :  No
  Ignore I/O Paths                           :  No
  Timing Early Launch at Borrowing Latches   :  No
  Borrow Time for Max Delay Exceptions       :  Yes
  Merge Timing Exceptions                    :  Yes
  Inter-SLR Compensation                     :  Conservative

  Corner  Analyze    Analyze    
  Name    Max Paths  Min Paths  
  ------  ---------  ---------  
  Slow    Yes        Yes        
  Fast    Yes        Yes        


------------------------------------------------------------------------------------------------
| Report Methodology
| ------------------
------------------------------------------------------------------------------------------------

Rule      Severity  Description                Violations  
--------  --------  -------------------------  ----------  
DPIR-1    Warning   Asynchronous driver check  98          
SYNTH-10  Warning   Wide multiplier            3           

Note: This report is based on the most recent report_methodology run and may not be up-to-date. Run report_methodology on the current design for the latest report.



check_timing report

Table of Contents
-----------------
1. checking no_clock (0)
2. checking constant_clock (0)
3. checking pulse_width_clock (0)
4. checking unconstrained_internal_endpoints (0)
5. checking no_input_delay (68)
6. checking no_output_delay (34)
7. checking multiple_clock (0)
8. checking generated_clocks (0)
9. checking loops (0)
10. checking partial_input_delay (1)
11. checking partial_output_delay (0)
12. checking latch_loops (0)

1. checking no_clock (0)
------------------------
 There are 0 register/latch pins with no clock.


2. checking constant_clock (0)
------------------------------
 There are 0 register/latch pins with constant_clock.


3. checking pulse_width_clock (0)
---------------------------------
 There are 0 register/latch pins which need pulse_width check


4. checking unconstrained_internal_endpoints (0)
------------------------------------------------
 There are 0 pins that are not constrained for maximum delay.

 There are 0 pins that are not constrained for maximum delay due to constant clock.


5. checking no_input_delay (68)
-------------------------------
 There are 0 input ports with no input delay specified.

 There are 68 input ports with no input delay but user has a false path constraint. (MEDIUM)


6. checking no_output_delay (34)
--------------------------------
 There are 0 ports with no output delay specified.

 There are 34 ports with no output delay but user has a false path constraint (MEDIUM)

 There are 0 ports with no output delay but with a timing clock defined on it or propagating through it


7. checking multiple_clock (0)
------------------------------
 There are 0 register/latch pins with multiple clocks.


8. checking generated_clocks (0)
--------------------------------
 There are 0 generated clocks that are not connected to a clock source.


9. checking loops (0)
---------------------
 There are 0 combinational loops in the design.


10. checking partial_input_delay (1)
------------------------------------
 There is 1 input port with partial input delay specified. (HIGH)


11. checking partial_output_delay (0)
-------------------------------------
 There are 0 ports with partial output delay specified.


12. checking latch_loops (0)
----------------------------
 There are 0 combinational latch loops in the design through latch input



------------------------------------------------------------------------------------------------
| Design Timing Summary
| ---------------------
------------------------------------------------------------------------------------------------

    WNS(ns)      TNS(ns)  TNS Failing Endpoints  TNS Total Endpoints      WHS(ns)      THS(ns)  THS Failing Endpoints  THS Total Endpoints     WPWS(ns)     TPWS(ns)  TPWS Failing Endpoints  TPWS Total Endpoints  
    -------      -------  ---------------------  -------------------      -------      -------  ---------------------  -------------------     --------     --------  ----------------------  --------------------  
      0.345        0.000                      0                  174        0.106        0.000                      0                  173        4.500        0.000                       0                   140  


All user specified timing constraints are met.


------------------------------------------------------------------------------------------------
| Clock Summary
| -------------
------------------------------------------------------------------------------------------------

Clock  Waveform(ns)       Period(ns)      Frequency(MHz)
-----  ------------       ----------      --------------
pclk   {0.000 5.000}      10.000          100.000         


------------------------------------------------------------------------------------------------
| Intra Clock Table
| -----------------
------------------------------------------------------------------------------------------------

Clock             WNS(ns)      TNS(ns)  TNS Failing Endpoints  TNS Total Endpoints      WHS(ns)      THS(ns)  THS Failing Endpoints  THS Total Endpoints     WPWS(ns)     TPWS(ns)  TPWS Failing Endpoints  TPWS Total Endpoints  
-----             -------      -------  ---------------------  -------------------      -------      -------  ---------------------  -------------------     --------     --------  ----------------------  --------------------  
pclk                0.605        0.000                      0                  173        0.106        0.000                      0                  173        4.500        0.000                       0                   140  


------------------------------------------------------------------------------------------------
| Inter Clock Table
| -----------------
------------------------------------------------------------------------------------------------

From Clock    To Clock          WNS(ns)      TNS(ns)  TNS Failing Endpoints  TNS Total Endpoints      WHS(ns)      THS(ns)  THS Failing Endpoints  THS Total Endpoints  
----------    --------          -------      -------  ---------------------  -------------------      -------      -------  ---------------------  -------------------  


------------------------------------------------------------------------------------------------
| Other Path Groups Table
| -----------------------
------------------------------------------------------------------------------------------------

Path Group        From Clock        To Clock              WNS(ns)      TNS(ns)  TNS Failing Endpoints  TNS Total Endpoints      WHS(ns)      THS(ns)  THS Failing Endpoints  THS Total Endpoints  
----------        ----------        --------              -------      -------  ---------------------  -------------------      -------      -------  ---------------------  -------------------  
**default**       input port clock                          0.345        0.000                      0                    1                                                                        


------------------------------------------------------------------------------------------------
| User Ignored Path Table
| -----------------------
------------------------------------------------------------------------------------------------

Path Group    From Clock    To Clock    
----------    ----------    --------    
(none)                                    
(none)        pclk                        
(none)                      pclk          


------------------------------------------------------------------------------------------------
| Unconstrained Path Table
| ------------------------
------------------------------------------------------------------------------------------------

Path Group    From Clock    To Clock    
----------    ----------    --------    
(none)        pclk                        
(none)                      pclk          


------------------------------------------------------------------------------------------------
| Timing Details
| --------------
------------------------------------------------------------------------------------------------


---------------------------------------------------------------------------------------------------
From Clock:  pclk
  To Clock:  pclk

Setup :            0  Failing Endpoints,  Worst Slack        0.605ns,  Total Violation        0.000ns
Hold  :            0  Failing Endpoints,  Worst Slack        0.106ns,  Total Violation        0.000ns
PW    :            0  Failing Endpoints,  Worst Slack        4.500ns,  Total Violation        0.000ns
---------------------------------------------------------------------------------------------------


Max Delay Paths
--------------------------------------------------------------------------------------
Slack (MET) :             0.605ns  (required time - arrival time)
  Source:                 u_reio_crypt/pipeline_reg_reg[3]/C
                            (rising edge-triggered cell FDCE clocked by pclk  {rise@0.000ns fall@5.000ns period=10.000ns})
  Destination:            u_reio_crypt/mult_reg_reg[29]/D
                            (rising edge-triggered cell FDCE clocked by pclk  {rise@0.000ns fall@5.000ns period=10.000ns})
  Path Group:             pclk
  Path Type:              Setup (Max at Slow Process Corner)
  Requirement:            10.000ns  (pclk rise@10.000ns - pclk rise@0.000ns)
  Data Path Delay:        9.418ns  (logic 7.592ns (80.612%)  route 1.826ns (19.388%))
  Logic Levels:           8  (CARRY4=4 DSP48E1=2 LUT2=1 LUT5=1)
  Clock Path Skew:        -0.023ns (DCD - SCD + CPR)
    Destination Clock Delay (DCD):    4.817ns = ( 14.817 - 10.000 ) 
    Source Clock Delay      (SCD):    5.223ns
    Clock Pessimism Removal (CPR):    0.383ns
  Clock Uncertainty:      0.035ns  ((TSJ^2 + TIJ^2)^1/2 + DJ) / 2 + PE
    Total System Jitter     (TSJ):    0.071ns
    Total Input Jitter      (TIJ):    0.000ns
    Discrete Jitter          (DJ):    0.000ns
    Phase Error              (PE):    0.000ns

    Location             Delay type                Incr(ns)  Path(ns)    Netlist Resource(s)
  -------------------------------------------------------------------    -------------------
                         (clock pclk rise edge)       0.000     0.000 r  <hidden>
    F4                                                0.000     0.000 r  PCLK
                         net (fo=0)                   0.000     0.000    PCLK
    F4                   IBUF (Prop_ibuf_I_O)         1.590     1.590 r  PCLK_IBUF_inst/O
                         net (fo=1, routed)           1.967     3.557    PCLK_IBUF
    BUFGCTRL_X0Y16       BUFG (Prop_bufg_I_O)         0.096     3.653 r  PCLK_IBUF_BUFG_inst/O
                         net (fo=139, routed)         1.570     5.223    u_reio_crypt/CLK
    SLICE_X12Y41         FDCE                                         r  u_reio_crypt/pipeline_reg_reg[3]/C
  -------------------------------------------------------------------    -------------------
    SLICE_X12Y41         FDCE (Prop_fdce_C_Q)         0.518     5.741 r  u_reio_crypt/pipeline_reg_reg[3]/Q
                         net (fo=6, routed)           0.718     6.459    u_reio_crypt/pipeline_reg[3]
    DSP48_X0Y17          DSP48E1 (Prop_dsp48e1_A[3]_PCOUT[47])
                                                      4.036    10.495 r  u_reio_crypt/mult_reg0__0/PCOUT[47]
                         net (fo=1, routed)           0.002    10.497    u_reio_crypt/mult_reg0__0_n_106
    DSP48_X0Y18          DSP48E1 (Prop_dsp48e1_PCIN[47]_P[0])
                                                      1.518    12.015 r  u_reio_crypt/mult_reg0__1/P[0]
                         net (fo=2, routed)           0.666    12.681    u_reio_crypt/mult_reg0__1_n_105
    SLICE_X12Y45         LUT2 (Prop_lut2_I0_O)        0.124    12.805 r  u_reio_crypt/mult_reg0_carry_i_3/O
                         net (fo=1, routed)           0.000    12.805    u_reio_crypt/mult_reg0_carry_i_3_n_0
    SLICE_X12Y45         CARRY4 (Prop_carry4_S[1]_CO[3])
                                                      0.533    13.338 r  u_reio_crypt/mult_reg0_carry/CO[3]
                         net (fo=1, routed)           0.000    13.338    u_reio_crypt/mult_reg0_carry_n_0
    SLICE_X12Y46         CARRY4 (Prop_carry4_CI_CO[3])
                                                      0.117    13.455 r  u_reio_crypt/mult_reg0_carry__0/CO[3]
                         net (fo=1, routed)           0.000    13.455    u_reio_crypt/mult_reg0_carry__0_n_0
    SLICE_X12Y47         CARRY4 (Prop_carry4_CI_CO[3])
                                                      0.117    13.572 r  u_reio_crypt/mult_reg0_carry__1/CO[3]
                         net (fo=1, routed)           0.000    13.572    u_reio_crypt/mult_reg0_carry__1_n_0
    SLICE_X12Y48         CARRY4 (Prop_carry4_CI_O[1])
                                                      0.323    13.895 r  u_reio_crypt/mult_reg0_carry__2/O[1]
                         net (fo=1, routed)           0.440    14.335    u_reio_crypt/mult_reg0_carry__2_n_6
    SLICE_X14Y47         LUT5 (Prop_lut5_I4_O)        0.306    14.641 r  u_reio_crypt/mult_reg[29]_i_1/O
                         net (fo=1, routed)           0.000    14.641    u_reio_crypt/mult_reg[29]_i_1_n_0
    SLICE_X14Y47         FDCE                                         r  u_reio_crypt/mult_reg_reg[29]/D
  -------------------------------------------------------------------    -------------------

                         (clock pclk rise edge)      10.000    10.000 r  <hidden>
    F4                                                0.000    10.000 r  PCLK
                         net (fo=0)                   0.000    10.000    PCLK
    F4                   IBUF (Prop_ibuf_I_O)         1.410    11.410 r  PCLK_IBUF_inst/O
                         net (fo=1, routed)           1.862    13.272    PCLK_IBUF
    BUFGCTRL_X0Y16       BUFG (Prop_bufg_I_O)         0.091    13.363 r  PCLK_IBUF_BUFG_inst/O
                         net (fo=139, routed)         1.454    14.817    u_reio_crypt/CLK
    SLICE_X14Y47         FDCE                                         r  u_reio_crypt/mult_reg_reg[29]/C
                         clock pessimism              0.383    15.200    <hidden>
                         clock uncertainty           -0.035    15.165    <hidden>
    SLICE_X14Y47         FDCE (Setup_fdce_C_D)        0.081    15.246    u_reio_crypt/mult_reg_reg[29]
  -------------------------------------------------------------------
                         required time                         15.246    <hidden>
                         arrival time                         -14.641    <hidden>
  -------------------------------------------------------------------
                         slack                                  0.605    <hidden>

Slack (MET) :             0.692ns  (required time - arrival time)
  Source:                 u_reio_crypt/pipeline_reg_reg[3]/C
                            (rising edge-triggered cell FDCE clocked by pclk  {rise@0.000ns fall@5.000ns period=10.000ns})
  Destination:            u_reio_crypt/mult_reg_reg[30]/D
                            (rising edge-triggered cell FDCE clocked by pclk  {rise@0.000ns fall@5.000ns period=10.000ns})
  Path Group:             pclk
  Path Type:              Setup (Max at Slow Process Corner)
  Requirement:            10.000ns  (pclk rise@10.000ns - pclk rise@0.000ns)
  Data Path Delay:        9.328ns  (logic 7.503ns (80.432%)  route 1.825ns (19.568%))
  Logic Levels:           8  (CARRY4=4 DSP48E1=2 LUT2=1 LUT5=1)
  Clock Path Skew:        -0.023ns (DCD - SCD + CPR)
    Destination Clock Delay (DCD):    4.817ns = ( 14.817 - 10.000 ) 
    Source Clock Delay      (SCD):    5.223ns
    Clock Pessimism Removal (CPR):    0.383ns
  Clock Uncertainty:      0.035ns  ((TSJ^2 + TIJ^2)^1/2 + DJ) / 2 + PE
    Total System Jitter     (TSJ):    0.071ns
    Total Input Jitter      (TIJ):    0.000ns
    Discrete Jitter          (DJ):    0.000ns
    Phase Error              (PE):    0.000ns

    Location             Delay type                Incr(ns)  Path(ns)    Netlist Resource(s)
  -------------------------------------------------------------------    -------------------
                         (clock pclk rise edge)       0.000     0.000 r  <hidden>
    F4                                                0.000     0.000 r  PCLK
                         net (fo=0)                   0.000     0.000    PCLK
    F4                   IBUF (Prop_ibuf_I_O)         1.590     1.590 r  PCLK_IBUF_inst/O
                         net (fo=1, routed)           1.967     3.557    PCLK_IBUF
    BUFGCTRL_X0Y16       BUFG (Prop_bufg_I_O)         0.096     3.653 r  PCLK_IBUF_BUFG_inst/O
                         net (fo=139, routed)         1.570     5.223    u_reio_crypt/CLK
    SLICE_X12Y41         FDCE                                         r  u_reio_crypt/pipeline_reg_reg[3]/C
  -------------------------------------------------------------------    -------------------
    SLICE_X12Y41         FDCE (Prop_fdce_C_Q)         0.518     5.741 r  u_reio_crypt/pipeline_reg_reg[3]/Q
                         net (fo=6, routed)           0.718     6.459    u_reio_crypt/pipeline_reg[3]
    DSP48_X0Y17          DSP48E1 (Prop_dsp48e1_A[3]_PCOUT[47])
                                                      4.036    10.495 r  u_reio_crypt/mult_reg0__0/PCOUT[47]
                         net (fo=1, routed)           0.002    10.497    u_reio_crypt/mult_reg0__0_n_106
    DSP48_X0Y18          DSP48E1 (Prop_dsp48e1_PCIN[47]_P[0])
                                                      1.518    12.015 r  u_reio_crypt/mult_reg0__1/P[0]
                         net (fo=2, routed)           0.666    12.681    u_reio_crypt/mult_reg0__1_n_105
    SLICE_X12Y45         LUT2 (Prop_lut2_I0_O)        0.124    12.805 r  u_reio_crypt/mult_reg0_carry_i_3/O
                         net (fo=1, routed)           0.000    12.805    u_reio_crypt/mult_reg0_carry_i_3_n_0
    SLICE_X12Y45         CARRY4 (Prop_carry4_S[1]_CO[3])
                                                      0.533    13.338 r  u_reio_crypt/mult_reg0_carry/CO[3]
                         net (fo=1, routed)           0.000    13.338    u_reio_crypt/mult_reg0_carry_n_0
    SLICE_X12Y46         CARRY4 (Prop_carry4_CI_CO[3])
                                                      0.117    13.455 r  u_reio_crypt/mult_reg0_carry__0/CO[3]
                         net (fo=1, routed)           0.000    13.455    u_reio_crypt/mult_reg0_carry__0_n_0
    SLICE_X12Y47         CARRY4 (Prop_carry4_CI_CO[3])
                                                      0.117    13.572 r  u_reio_crypt/mult_reg0_carry__1/CO[3]
                         net (fo=1, routed)           0.000    13.572    u_reio_crypt/mult_reg0_carry__1_n_0
    SLICE_X12Y48         CARRY4 (Prop_carry4_CI_O[2])
                                                      0.239    13.811 r  u_reio_crypt/mult_reg0_carry__2/O[2]
                         net (fo=1, routed)           0.439    14.250    u_reio_crypt/mult_reg0_carry__2_n_5
    SLICE_X14Y47         LUT5 (Prop_lut5_I4_O)        0.301    14.551 r  u_reio_crypt/mult_reg[30]_i_1/O
                         net (fo=1, routed)           0.000    14.551    u_reio_crypt/mult_reg[30]_i_1_n_0
    SLICE_X14Y47         FDCE                                         r  u_reio_crypt/mult_reg_reg[30]/D
  -------------------------------------------------------------------    -------------------

                         (clock pclk rise edge)      10.000    10.000 r  <hidden>
    F4                                                0.000    10.000 r  PCLK
                         net (fo=0)                   0.000    10.000    PCLK
    F4                   IBUF (Prop_ibuf_I_O)         1.410    11.410 r  PCLK_IBUF_inst/O
                         net (fo=1, routed)           1.862    13.272    PCLK_IBUF
    BUFGCTRL_X0Y16       BUFG (Prop_bufg_I_O)         0.091    13.363 r  PCLK_IBUF_BUFG_inst/O
                         net (fo=139, routed)         1.454    14.817    u_reio_crypt/CLK
    SLICE_X14Y47         FDCE                                         r  u_reio_crypt/mult_reg_reg[30]/C
                         clock pessimism              0.383    15.200    <hidden>
                         clock uncertainty           -0.035    15.165    <hidden>
    SLICE_X14Y47         FDCE (Setup_fdce_C_D)        0.079    15.244    u_reio_crypt/mult_reg_reg[30]
  -------------------------------------------------------------------
                         required time                         15.244    <hidden>
                         arrival time                         -14.551    <hidden>
  -------------------------------------------------------------------
                         slack                                  0.692    <hidden>

Slack (MET) :             0.727ns  (required time - arrival time)
  Source:                 u_reio_crypt/pipeline_reg_reg[3]/C
                            (rising edge-triggered cell FDCE clocked by pclk  {rise@0.000ns fall@5.000ns period=10.000ns})
  Destination:            u_reio_crypt/mult_reg_reg[31]/D
                            (rising edge-triggered cell FDCE clocked by pclk  {rise@0.000ns fall@5.000ns period=10.000ns})
  Path Group:             pclk
  Path Type:              Setup (Max at Slow Process Corner)
  Requirement:            10.000ns  (pclk rise@10.000ns - pclk rise@0.000ns)
  Data Path Delay:        9.294ns  (logic 7.585ns (81.612%)  route 1.709ns (18.388%))
  Logic Levels:           8  (CARRY4=4 DSP48E1=2 LUT2=1 LUT5=1)
  Clock Path Skew:        -0.023ns (DCD - SCD + CPR)
    Destination Clock Delay (DCD):    4.817ns = ( 14.817 - 10.000 ) 
    Source Clock Delay      (SCD):    5.223ns
    Clock Pessimism Removal (CPR):    0.383ns
  Clock Uncertainty:      0.035ns  ((TSJ^2 + TIJ^2)^1/2 + DJ) / 2 + PE
    Total System Jitter     (TSJ):    0.071ns
    Total Input Jitter      (TIJ):    0.000ns
    Discrete Jitter          (DJ):    0.000ns
    Phase Error              (PE):    0.000ns

    Location             Delay type                Incr(ns)  Path(ns)    Netlist Resource(s)
  -------------------------------------------------------------------    -------------------
                         (clock pclk rise edge)       0.000     0.000 r  <hidden>
    F4                                                0.000     0.000 r  PCLK
                         net (fo=0)                   0.000     0.000    PCLK
    F4                   IBUF (Prop_ibuf_I_O)         1.590     1.590 r  PCLK_IBUF_inst/O
                         net (fo=1, routed)           1.967     3.557    PCLK_IBUF
    BUFGCTRL_X0Y16       BUFG (Prop_bufg_I_O)         0.096     3.653 r  PCLK_IBUF_BUFG_inst/O
                         net (fo=139, routed)         1.570     5.223    u_reio_crypt/CLK
    SLICE_X12Y41         FDCE                                         r  u_reio_crypt/pipeline_reg_reg[3]/C
  -------------------------------------------------------------------    -------------------
    SLICE_X12Y41         FDCE (Prop_fdce_C_Q)         0.518     5.741 r  u_reio_crypt/pipeline_reg_reg[3]/Q
                         net (fo=6, routed)           0.718     6.459    u_reio_crypt/pipeline_reg[3]
    DSP48_X0Y17          DSP48E1 (Prop_dsp48e1_A[3]_PCOUT[47])
                                                      4.036    10.495 r  u_reio_crypt/mult_reg0__0/PCOUT[47]
                         net (fo=1, routed)           0.002    10.497    u_reio_crypt/mult_reg0__0_n_106
    DSP48_X0Y18          DSP48E1 (Prop_dsp48e1_PCIN[47]_P[0])
                                                      1.518    12.015 r  u_reio_crypt/mult_reg0__1/P[0]
                         net (fo=2, routed)           0.666    12.681    u_reio_crypt/mult_reg0__1_n_105
    SLICE_X12Y45         LUT2 (Prop_lut2_I0_O)        0.124    12.805 r  u_reio_crypt/mult_reg0_carry_i_3/O
                         net (fo=1, routed)           0.000    12.805    u_reio_crypt/mult_reg0_carry_i_3_n_0
    SLICE_X12Y45         CARRY4 (Prop_carry4_S[1]_CO[3])
                                                      0.533    13.338 r  u_reio_crypt/mult_reg0_carry/CO[3]
                         net (fo=1, routed)           0.000    13.338    u_reio_crypt/mult_reg0_carry_n_0
    SLICE_X12Y46         CARRY4 (Prop_carry4_CI_CO[3])
                                                      0.117    13.455 r  u_reio_crypt/mult_reg0_carry__0/CO[3]
                         net (fo=1, routed)           0.000    13.455    u_reio_crypt/mult_reg0_carry__0_n_0
    SLICE_X12Y47         CARRY4 (Prop_carry4_CI_CO[3])
                                                      0.117    13.572 r  u_reio_crypt/mult_reg0_carry__1/CO[3]
                         net (fo=1, routed)           0.000    13.572    u_reio_crypt/mult_reg0_carry__1_n_0
    SLICE_X12Y48         CARRY4 (Prop_carry4_CI_O[3])
                                                      0.315    13.887 r  u_reio_crypt/mult_reg0_carry__2/O[3]
                         net (fo=1, routed)           0.323    14.210    u_reio_crypt/mult_reg0_carry__2_n_4
    SLICE_X14Y47         LUT5 (Prop_lut5_I4_O)        0.307    14.517 r  u_reio_crypt/mult_reg[31]_i_1/O
                         net (fo=1, routed)           0.000    14.517    u_reio_crypt/mult_reg[31]_i_1_n_0
    SLICE_X14Y47         FDCE                                         r  u_reio_crypt/mult_reg_reg[31]/D
  -------------------------------------------------------------------    -------------------

                         (clock pclk rise edge)      10.000    10.000 r  <hidden>
    F4                                                0.000    10.000 r  PCLK
                         net (fo=0)                   0.000    10.000    PCLK
    F4                   IBUF (Prop_ibuf_I_O)         1.410    11.410 r  PCLK_IBUF_inst/O
                         net (fo=1, routed)           1.862    13.272    PCLK_IBUF
    BUFGCTRL_X0Y16       BUFG (Prop_bufg_I_O)         0.091    13.363 r  PCLK_IBUF_BUFG_inst/O
                         net (fo=139, routed)         1.454    14.817    u_reio_crypt/CLK
    SLICE_X14Y47         FDCE                                         r  u_reio_crypt/mult_reg_reg[31]/C
                         clock pessimism              0.383    15.200    <hidden>
                         clock uncertainty           -0.035    15.165    <hidden>
    SLICE_X14Y47         FDCE (Setup_fdce_C_D)        0.079    15.244    u_reio_crypt/mult_reg_reg[31]
  -------------------------------------------------------------------
                         required time                         15.244    <hidden>
                         arrival time                         -14.517    <hidden>
  -------------------------------------------------------------------
                         slack                                  0.727    <hidden>

Slack (MET) :             0.729ns  (required time - arrival time)
  Source:                 u_reio_crypt/pipeline_reg_reg[3]/C
                            (rising edge-triggered cell FDCE clocked by pclk  {rise@0.000ns fall@5.000ns period=10.000ns})
  Destination:            u_reio_crypt/mult_reg_reg[27]/D
                            (rising edge-triggered cell FDCE clocked by pclk  {rise@0.000ns fall@5.000ns period=10.000ns})
  Path Group:             pclk
  Path Type:              Setup (Max at Slow Process Corner)
  Requirement:            10.000ns  (pclk rise@10.000ns - pclk rise@0.000ns)
  Data Path Delay:        9.293ns  (logic 7.468ns (80.365%)  route 1.825ns (19.635%))
  Logic Levels:           7  (CARRY4=3 DSP48E1=2 LUT2=1 LUT5=1)
  Clock Path Skew:        -0.024ns (DCD - SCD + CPR)
    Destination Clock Delay (DCD):    4.816ns = ( 14.816 - 10.000 ) 
    Source Clock Delay      (SCD):    5.223ns
    Clock Pessimism Removal (CPR):    0.383ns
  Clock Uncertainty:      0.035ns  ((TSJ^2 + TIJ^2)^1/2 + DJ) / 2 + PE
    Total System Jitter     (TSJ):    0.071ns
    Total Input Jitter      (TIJ):    0.000ns
    Discrete Jitter          (DJ):    0.000ns
    Phase Error              (PE):    0.000ns

    Location             Delay type                Incr(ns)  Path(ns)    Netlist Resource(s)
  -------------------------------------------------------------------    -------------------
                         (clock pclk rise edge)       0.000     0.000 r  <hidden>
    F4                                                0.000     0.000 r  PCLK
                         net (fo=0)                   0.000     0.000    PCLK
    F4                   IBUF (Prop_ibuf_I_O)         1.590     1.590 r  PCLK_IBUF_inst/O
                         net (fo=1, routed)           1.967     3.557    PCLK_IBUF
    BUFGCTRL_X0Y16       BUFG (Prop_bufg_I_O)         0.096     3.653 r  PCLK_IBUF_BUFG_inst/O
                         net (fo=139, routed)         1.570     5.223    u_reio_crypt/CLK
    SLICE_X12Y41         FDCE                                         r  u_reio_crypt/pipeline_reg_reg[3]/C
  -------------------------------------------------------------------    -------------------
    SLICE_X12Y41         FDCE (Prop_fdce_C_Q)         0.518     5.741 r  u_reio_crypt/pipeline_reg_reg[3]/Q
                         net (fo=6, routed)           0.718     6.459    u_reio_crypt/pipeline_reg[3]
    DSP48_X0Y17          DSP48E1 (Prop_dsp48e1_A[3]_PCOUT[47])
                                                      4.036    10.495 r  u_reio_crypt/mult_reg0__0/PCOUT[47]
                         net (fo=1, routed)           0.002    10.497    u_reio_crypt/mult_reg0__0_n_106
    DSP48_X0Y18          DSP48E1 (Prop_dsp48e1_PCIN[47]_P[0])
                                                      1.518    12.015 r  u_reio_crypt/mult_reg0__1/P[0]
                         net (fo=2, routed)           0.666    12.681    u_reio_crypt/mult_reg0__1_n_105
    SLICE_X12Y45         LUT2 (Prop_lut2_I0_O)        0.124    12.805 r  u_reio_crypt/mult_reg0_carry_i_3/O
                         net (fo=1, routed)           0.000    12.805    u_reio_crypt/mult_reg0_carry_i_3_n_0
    SLICE_X12Y45         CARRY4 (Prop_carry4_S[1]_CO[3])
                                                      0.533    13.338 r  u_reio_crypt/mult_reg0_carry/CO[3]
                         net (fo=1, routed)           0.000    13.338    u_reio_crypt/mult_reg0_carry_n_0
    SLICE_X12Y46         CARRY4 (Prop_carry4_CI_CO[3])
                                                      0.117    13.455 r  u_reio_crypt/mult_reg0_carry__0/CO[3]
                         net (fo=1, routed)           0.000    13.455    u_reio_crypt/mult_reg0_carry__0_n_0
    SLICE_X12Y47         CARRY4 (Prop_carry4_CI_O[3])
                                                      0.315    13.770 r  u_reio_crypt/mult_reg0_carry__1/O[3]
                         net (fo=1, routed)           0.439    14.209    u_reio_crypt/mult_reg0_carry__1_n_4
    SLICE_X14Y46         LUT5 (Prop_lut5_I4_O)        0.307    14.516 r  u_reio_crypt/mult_reg[27]_i_1/O
                         net (fo=1, routed)           0.000    14.516    u_reio_crypt/mult_reg[27]_i_1_n_0
    SLICE_X14Y46         FDCE                                         r  u_reio_crypt/mult_reg_reg[27]/D
  -------------------------------------------------------------------    -------------------

                         (clock pclk rise edge)      10.000    10.000 r  <hidden>
    F4                                                0.000    10.000 r  PCLK
                         net (fo=0)                   0.000    10.000    PCLK
    F4                   IBUF (Prop_ibuf_I_O)         1.410    11.410 r  PCLK_IBUF_inst/O
                         net (fo=1, routed)           1.862    13.272    PCLK_IBUF
    BUFGCTRL_X0Y16       BUFG (Prop_bufg_I_O)         0.091    13.363 r  PCLK_IBUF_BUFG_inst/O
                         net (fo=139, routed)         1.453    14.816    u_reio_crypt/CLK
    SLICE_X14Y46         FDCE                                         r  u_reio_crypt/mult_reg_reg[27]/C
                         clock pessimism              0.383    15.199    <hidden>
                         clock uncertainty           -0.035    15.164    <hidden>
    SLICE_X14Y46         FDCE (Setup_fdce_C_D)        0.081    15.245    u_reio_crypt/mult_reg_reg[27]
  -------------------------------------------------------------------
                         required time                         15.245    <hidden>
                         arrival time                         -14.516    <hidden>
  -------------------------------------------------------------------
                         slack                                  0.729    <hidden>

Slack (MET) :             0.802ns  (required time - arrival time)
  Source:                 u_reio_crypt/pipeline_reg_reg[3]/C
                            (rising edge-triggered cell FDCE clocked by pclk  {rise@0.000ns fall@5.000ns period=10.000ns})
  Destination:            u_reio_crypt/mult_reg_reg[28]/D
                            (rising edge-triggered cell FDCE clocked by pclk  {rise@0.000ns fall@5.000ns period=10.000ns})
  Path Group:             pclk
  Path Type:              Setup (Max at Slow Process Corner)
  Requirement:            10.000ns  (pclk rise@10.000ns - pclk rise@0.000ns)
  Data Path Delay:        9.169ns  (logic 7.477ns (81.548%)  route 1.692ns (18.452%))
  Logic Levels:           8  (CARRY4=4 DSP48E1=2 LUT2=1 LUT5=1)
  Clock Path Skew:        -0.023ns (DCD - SCD + CPR)
    Destination Clock Delay (DCD):    4.817ns = ( 14.817 - 10.000 ) 
    Source Clock Delay      (SCD):    5.223ns
    Clock Pessimism Removal (CPR):    0.383ns
  Clock Uncertainty:      0.035ns  ((TSJ^2 + TIJ^2)^1/2 + DJ) / 2 + PE
    Total System Jitter     (TSJ):    0.071ns
    Total Input Jitter      (TIJ):    0.000ns
    Discrete Jitter          (DJ):    0.000ns
    Phase Error              (PE):    0.000ns

    Location             Delay type                Incr(ns)  Path(ns)    Netlist Resource(s)
  -------------------------------------------------------------------    -------------------
                         (clock pclk rise edge)       0.000     0.000 r  <hidden>
    F4                                                0.000     0.000 r  PCLK
                         net (fo=0)                   0.000     0.000    PCLK
    F4                   IBUF (Prop_ibuf_I_O)         1.590     1.590 r  PCLK_IBUF_inst/O
                         net (fo=1, routed)           1.967     3.557    PCLK_IBUF
    BUFGCTRL_X0Y16       BUFG (Prop_bufg_I_O)         0.096     3.653 r  PCLK_IBUF_BUFG_inst/O
                         net (fo=139, routed)         1.570     5.223    u_reio_crypt/CLK
    SLICE_X12Y41         FDCE                                         r  u_reio_crypt/pipeline_reg_reg[3]/C
  -------------------------------------------------------------------    -------------------
    SLICE_X12Y41         FDCE (Prop_fdce_C_Q)         0.518     5.741 r  u_reio_crypt/pipeline_reg_reg[3]/Q
                         net (fo=6, routed)           0.718     6.459    u_reio_crypt/pipeline_reg[3]
    DSP48_X0Y17          DSP48E1 (Prop_dsp48e1_A[3]_PCOUT[47])
                                                      4.036    10.495 r  u_reio_crypt/mult_reg0__0/PCOUT[47]
                         net (fo=1, routed)           0.002    10.497    u_reio_crypt/mult_reg0__0_n_106
    DSP48_X0Y18          DSP48E1 (Prop_dsp48e1_PCIN[47]_P[0])
                                                      1.518    12.015 r  u_reio_crypt/mult_reg0__1/P[0]
                         net (fo=2, routed)           0.666    12.681    u_reio_crypt/mult_reg0__1_n_105
    SLICE_X12Y45         LUT2 (Prop_lut2_I0_O)        0.124    12.805 r  u_reio_crypt/mult_reg0_carry_i_3/O
                         net (fo=1, routed)           0.000    12.805    u_reio_crypt/mult_reg0_carry_i_3_n_0
    SLICE_X12Y45         CARRY4 (Prop_carry4_S[1]_CO[3])
                                                      0.533    13.338 r  u_reio_crypt/mult_reg0_carry/CO[3]
                         net (fo=1, routed)           0.000    13.338    u_reio_crypt/mult_reg0_carry_n_0
    SLICE_X12Y46         CARRY4 (Prop_carry4_CI_CO[3])
                                                      0.117    13.455 r  u_reio_crypt/mult_reg0_carry__0/CO[3]
                         net (fo=1, routed)           0.000    13.455    u_reio_crypt/mult_reg0_carry__0_n_0
    SLICE_X12Y47         CARRY4 (Prop_carry4_CI_CO[3])
                                                      0.117    13.572 r  u_reio_crypt/mult_reg0_carry__1/CO[3]
                         net (fo=1, routed)           0.000    13.572    u_reio_crypt/mult_reg0_carry__1_n_0
    SLICE_X12Y48         CARRY4 (Prop_carry4_CI_O[0])
                                                      0.219    13.791 r  u_reio_crypt/mult_reg0_carry__2/O[0]
                         net (fo=1, routed)           0.306    14.097    u_reio_crypt/mult_reg0_carry__2_n_7
    SLICE_X15Y47         LUT5 (Prop_lut5_I4_O)        0.295    14.392 r  u_reio_crypt/mult_reg[28]_i_1/O
                         net (fo=1, routed)           0.000    14.392    u_reio_crypt/mult_reg[28]_i_1_n_0
    SLICE_X15Y47         FDCE                                         r  u_reio_crypt/mult_reg_reg[28]/D
  -------------------------------------------------------------------    -------------------

                         (clock pclk rise edge)      10.000    10.000 r  <hidden>
    F4                                                0.000    10.000 r  PCLK
                         net (fo=0)                   0.000    10.000    PCLK
    F4                   IBUF (Prop_ibuf_I_O)         1.410    11.410 r  PCLK_IBUF_inst/O
                         net (fo=1, routed)           1.862    13.272    PCLK_IBUF
    BUFGCTRL_X0Y16       BUFG (Prop_bufg_I_O)         0.091    13.363 r  PCLK_IBUF_BUFG_inst/O
                         net (fo=139, routed)         1.454    14.817    u_reio_crypt/CLK
    SLICE_X15Y47         FDCE                                         r  u_reio_crypt/mult_reg_reg[28]/C
                         clock pessimism              0.383    15.200    <hidden>
                         clock uncertainty           -0.035    15.165    <hidden>
    SLICE_X15Y47         FDCE (Setup_fdce_C_D)        0.029    15.194    u_reio_crypt/mult_reg_reg[28]
  -------------------------------------------------------------------
                         required time                         15.194    <hidden>
                         arrival time                         -14.392    <hidden>
  -------------------------------------------------------------------
                         slack                                  0.802    <hidden>

Slack (MET) :             0.819ns  (required time - arrival time)
  Source:                 u_reio_crypt/pipeline_reg_reg[3]/C
                            (rising edge-triggered cell FDCE clocked by pclk  {rise@0.000ns fall@5.000ns period=10.000ns})
  Destination:            u_reio_crypt/mult_reg_reg[26]/D
                            (rising edge-triggered cell FDCE clocked by pclk  {rise@0.000ns fall@5.000ns period=10.000ns})
  Path Group:             pclk
  Path Type:              Setup (Max at Slow Process Corner)
  Requirement:            10.000ns  (pclk rise@10.000ns - pclk rise@0.000ns)
  Data Path Delay:        9.199ns  (logic 7.386ns (80.293%)  route 1.813ns (19.707%))
  Logic Levels:           7  (CARRY4=3 DSP48E1=2 LUT2=1 LUT5=1)
  Clock Path Skew:        -0.024ns (DCD - SCD + CPR)
    Destination Clock Delay (DCD):    4.816ns = ( 14.816 - 10.000 ) 
    Source Clock Delay      (SCD):    5.223ns
    Clock Pessimism Removal (CPR):    0.383ns
  Clock Uncertainty:      0.035ns  ((TSJ^2 + TIJ^2)^1/2 + DJ) / 2 + PE
    Total System Jitter     (TSJ):    0.071ns
    Total Input Jitter      (TIJ):    0.000ns
    Discrete Jitter          (DJ):    0.000ns
    Phase Error              (PE):    0.000ns

    Location             Delay type                Incr(ns)  Path(ns)    Netlist Resource(s)
  -------------------------------------------------------------------    -------------------
                         (clock pclk rise edge)       0.000     0.000 r  <hidden>
    F4                                                0.000     0.000 r  PCLK
                         net (fo=0)                   0.000     0.000    PCLK
    F4                   IBUF (Prop_ibuf_I_O)         1.590     1.590 r  PCLK_IBUF_inst/O
                         net (fo=1, routed)           1.967     3.557    PCLK_IBUF
    BUFGCTRL_X0Y16       BUFG (Prop_bufg_I_O)         0.096     3.653 r  PCLK_IBUF_BUFG_inst/O
                         net (fo=139, routed)         1.570     5.223    u_reio_crypt/CLK
    SLICE_X12Y41         FDCE                                         r  u_reio_crypt/pipeline_reg_reg[3]/C
  -------------------------------------------------------------------    -------------------
    SLICE_X12Y41         FDCE (Prop_fdce_C_Q)         0.518     5.741 r  u_reio_crypt/pipeline_reg_reg[3]/Q
                         net (fo=6, routed)           0.718     6.459    u_reio_crypt/pipeline_reg[3]
    DSP48_X0Y17          DSP48E1 (Prop_dsp48e1_A[3]_PCOUT[47])
                                                      4.036    10.495 r  u_reio_crypt/mult_reg0__0/PCOUT[47]
                         net (fo=1, routed)           0.002    10.497    u_reio_crypt/mult_reg0__0_n_106
    DSP48_X0Y18          DSP48E1 (Prop_dsp48e1_PCIN[47]_P[0])
                                                      1.518    12.015 r  u_reio_crypt/mult_reg0__1/P[0]
                         net (fo=2, routed)           0.666    12.681    u_reio_crypt/mult_reg0__1_n_105
    SLICE_X12Y45         LUT2 (Prop_lut2_I0_O)        0.124    12.805 r  u_reio_crypt/mult_reg0_carry_i_3/O
                         net (fo=1, routed)           0.000    12.805    u_reio_crypt/mult_reg0_carry_i_3_n_0
    SLICE_X12Y45         CARRY4 (Prop_carry4_S[1]_CO[3])
                                                      0.533    13.338 r  u_reio_crypt/mult_reg0_carry/CO[3]
                         net (fo=1, routed)           0.000    13.338    u_reio_crypt/mult_reg0_carry_n_0
    SLICE_X12Y46         CARRY4 (Prop_carry4_CI_CO[3])
                                                      0.117    13.455 r  u_reio_crypt/mult_reg0_carry__0/CO[3]
                         net (fo=1, routed)           0.000    13.455    u_reio_crypt/mult_reg0_carry__0_n_0
    SLICE_X12Y47         CARRY4 (Prop_carry4_CI_O[2])
                                                      0.239    13.694 r  u_reio_crypt/mult_reg0_carry__1/O[2]
                         net (fo=1, routed)           0.427    14.121    u_reio_crypt/mult_reg0_carry__1_n_5
    SLICE_X14Y46         LUT5 (Prop_lut5_I4_O)        0.301    14.422 r  u_reio_crypt/mult_reg[26]_i_1/O
                         net (fo=1, routed)           0.000    14.422    u_reio_crypt/mult_reg[26]_i_1_n_0
    SLICE_X14Y46         FDCE                                         r  u_reio_crypt/mult_reg_reg[26]/D
  -------------------------------------------------------------------    -------------------

                         (clock pclk rise edge)      10.000    10.000 r  <hidden>
    F4                                                0.000    10.000 r  PCLK
                         net (fo=0)                   0.000    10.000    PCLK
    F4                   IBUF (Prop_ibuf_I_O)         1.410    11.410 r  PCLK_IBUF_inst/O
                         net (fo=1, routed)           1.862    13.272    PCLK_IBUF
    BUFGCTRL_X0Y16       BUFG (Prop_bufg_I_O)         0.091    13.363 r  PCLK_IBUF_BUFG_inst/O
                         net (fo=139, routed)         1.453    14.816    u_reio_crypt/CLK
    SLICE_X14Y46         FDCE                                         r  u_reio_crypt/mult_reg_reg[26]/C
                         clock pessimism              0.383    15.199    <hidden>
                         clock uncertainty           -0.035    15.164    <hidden>
    SLICE_X14Y46         FDCE (Setup_fdce_C_D)        0.077    15.241    u_reio_crypt/mult_reg_reg[26]
  -------------------------------------------------------------------
                         required time                         15.241    <hidden>
                         arrival time                         -14.422    <hidden>
  -------------------------------------------------------------------
                         slack                                  0.819    <hidden>

Slack (MET) :             0.831ns  (required time - arrival time)
  Source:                 u_reio_crypt/pipeline_reg_reg[3]/C
                            (rising edge-triggered cell FDCE clocked by pclk  {rise@0.000ns fall@5.000ns period=10.000ns})
  Destination:            u_reio_crypt/mult_reg_reg[21]/D
                            (rising edge-triggered cell FDCE clocked by pclk  {rise@0.000ns fall@5.000ns period=10.000ns})
  Path Group:             pclk
  Path Type:              Setup (Max at Slow Process Corner)
  Requirement:            10.000ns  (pclk rise@10.000ns - pclk rise@0.000ns)
  Data Path Delay:        9.187ns  (logic 7.358ns (80.092%)  route 1.829ns (19.908%))
  Logic Levels:           6  (CARRY4=2 DSP48E1=2 LUT2=1 LUT5=1)
  Clock Path Skew:        -0.024ns (DCD - SCD + CPR)
    Destination Clock Delay (DCD):    4.816ns = ( 14.816 - 10.000 ) 
    Source Clock Delay      (SCD):    5.223ns
    Clock Pessimism Removal (CPR):    0.383ns
  Clock Uncertainty:      0.035ns  ((TSJ^2 + TIJ^2)^1/2 + DJ) / 2 + PE
    Total System Jitter     (TSJ):    0.071ns
    Total Input Jitter      (TIJ):    0.000ns
    Discrete Jitter          (DJ):    0.000ns
    Phase Error              (PE):    0.000ns

    Location             Delay type                Incr(ns)  Path(ns)    Netlist Resource(s)
  -------------------------------------------------------------------    -------------------
                         (clock pclk rise edge)       0.000     0.000 r  <hidden>
    F4                                                0.000     0.000 r  PCLK
                         net (fo=0)                   0.000     0.000    PCLK
    F4                   IBUF (Prop_ibuf_I_O)         1.590     1.590 r  PCLK_IBUF_inst/O
                         net (fo=1, routed)           1.967     3.557    PCLK_IBUF
    BUFGCTRL_X0Y16       BUFG (Prop_bufg_I_O)         0.096     3.653 r  PCLK_IBUF_BUFG_inst/O
                         net (fo=139, routed)         1.570     5.223    u_reio_crypt/CLK
    SLICE_X12Y41         FDCE                                         r  u_reio_crypt/pipeline_reg_reg[3]/C
  -------------------------------------------------------------------    -------------------
    SLICE_X12Y41         FDCE (Prop_fdce_C_Q)         0.518     5.741 r  u_reio_crypt/pipeline_reg_reg[3]/Q
                         net (fo=6, routed)           0.718     6.459    u_reio_crypt/pipeline_reg[3]
    DSP48_X0Y17          DSP48E1 (Prop_dsp48e1_A[3]_PCOUT[47])
                                                      4.036    10.495 r  u_reio_crypt/mult_reg0__0/PCOUT[47]
                         net (fo=1, routed)           0.002    10.497    u_reio_crypt/mult_reg0__0_n_106
    DSP48_X0Y18          DSP48E1 (Prop_dsp48e1_PCIN[47]_P[0])
                                                      1.518    12.015 r  u_reio_crypt/mult_reg0__1/P[0]
                         net (fo=2, routed)           0.666    12.681    u_reio_crypt/mult_reg0__1_n_105
    SLICE_X12Y45         LUT2 (Prop_lut2_I0_O)        0.124    12.805 r  u_reio_crypt/mult_reg0_carry_i_3/O
                         net (fo=1, routed)           0.000    12.805    u_reio_crypt/mult_reg0_carry_i_3_n_0
    SLICE_X12Y45         CARRY4 (Prop_carry4_S[1]_CO[3])
                                                      0.533    13.338 r  u_reio_crypt/mult_reg0_carry/CO[3]
                         net (fo=1, routed)           0.000    13.338    u_reio_crypt/mult_reg0_carry_n_0
    SLICE_X12Y46         CARRY4 (Prop_carry4_CI_O[1])
                                                      0.323    13.661 r  u_reio_crypt/mult_reg0_carry__0/O[1]
                         net (fo=1, routed)           0.443    14.104    u_reio_crypt/mult_reg0_carry__0_n_6
    SLICE_X14Y45         LUT5 (Prop_lut5_I4_O)        0.306    14.410 r  u_reio_crypt/mult_reg[21]_i_1/O
                         net (fo=1, routed)           0.000    14.410    u_reio_crypt/mult_reg[21]_i_1_n_0
    SLICE_X14Y45         FDCE                                         r  u_reio_crypt/mult_reg_reg[21]/D
  -------------------------------------------------------------------    -------------------

                         (clock pclk rise edge)      10.000    10.000 r  <hidden>
    F4                                                0.000    10.000 r  PCLK
                         net (fo=0)                   0.000    10.000    PCLK
    F4                   IBUF (Prop_ibuf_I_O)         1.410    11.410 r  PCLK_IBUF_inst/O
                         net (fo=1, routed)           1.862    13.272    PCLK_IBUF
    BUFGCTRL_X0Y16       BUFG (Prop_bufg_I_O)         0.091    13.363 r  PCLK_IBUF_BUFG_inst/O
                         net (fo=139, routed)         1.453    14.816    u_reio_crypt/CLK
    SLICE_X14Y45         FDCE                                         r  u_reio_crypt/mult_reg_reg[21]/C
                         clock pessimism              0.383    15.199    <hidden>
                         clock uncertainty           -0.035    15.164    <hidden>
    SLICE_X14Y45         FDCE (Setup_fdce_C_D)        0.077    15.241    u_reio_crypt/mult_reg_reg[21]
  -------------------------------------------------------------------
                         required time                         15.241    <hidden>
                         arrival time                         -14.410    <hidden>
  -------------------------------------------------------------------
                         slack                                  0.831    <hidden>

Slack (MET) :             0.831ns  (required time - arrival time)
  Source:                 u_reio_crypt/pipeline_reg_reg[3]/C
                            (rising edge-triggered cell FDCE clocked by pclk  {rise@0.000ns fall@5.000ns period=10.000ns})
  Destination:            u_reio_crypt/mult_reg_reg[24]/D
                            (rising edge-triggered cell FDCE clocked by pclk  {rise@0.000ns fall@5.000ns period=10.000ns})
  Path Group:             pclk
  Path Type:              Setup (Max at Slow Process Corner)
  Requirement:            10.000ns  (pclk rise@10.000ns - pclk rise@0.000ns)
  Data Path Delay:        9.189ns  (logic 7.360ns (80.099%)  route 1.829ns (19.901%))
  Logic Levels:           7  (CARRY4=3 DSP48E1=2 LUT2=1 LUT5=1)
  Clock Path Skew:        -0.024ns (DCD - SCD + CPR)
    Destination Clock Delay (DCD):    4.816ns = ( 14.816 - 10.000 ) 
    Source Clock Delay      (SCD):    5.223ns
    Clock Pessimism Removal (CPR):    0.383ns
  Clock Uncertainty:      0.035ns  ((TSJ^2 + TIJ^2)^1/2 + DJ) / 2 + PE
    Total System Jitter     (TSJ):    0.071ns
    Total Input Jitter      (TIJ):    0.000ns
    Discrete Jitter          (DJ):    0.000ns
    Phase Error              (PE):    0.000ns

    Location             Delay type                Incr(ns)  Path(ns)    Netlist Resource(s)
  -------------------------------------------------------------------    -------------------
                         (clock pclk rise edge)       0.000     0.000 r  <hidden>
    F4                                                0.000     0.000 r  PCLK
                         net (fo=0)                   0.000     0.000    PCLK
    F4                   IBUF (Prop_ibuf_I_O)         1.590     1.590 r  PCLK_IBUF_inst/O
                         net (fo=1, routed)           1.967     3.557    PCLK_IBUF
    BUFGCTRL_X0Y16       BUFG (Prop_bufg_I_O)         0.096     3.653 r  PCLK_IBUF_BUFG_inst/O
                         net (fo=139, routed)         1.570     5.223    u_reio_crypt/CLK
    SLICE_X12Y41         FDCE                                         r  u_reio_crypt/pipeline_reg_reg[3]/C
  -------------------------------------------------------------------    -------------------
    SLICE_X12Y41         FDCE (Prop_fdce_C_Q)         0.518     5.741 r  u_reio_crypt/pipeline_reg_reg[3]/Q
                         net (fo=6, routed)           0.718     6.459    u_reio_crypt/pipeline_reg[3]
    DSP48_X0Y17          DSP48E1 (Prop_dsp48e1_A[3]_PCOUT[47])
                                                      4.036    10.495 r  u_reio_crypt/mult_reg0__0/PCOUT[47]
                         net (fo=1, routed)           0.002    10.497    u_reio_crypt/mult_reg0__0_n_106
    DSP48_X0Y18          DSP48E1 (Prop_dsp48e1_PCIN[47]_P[0])
                                                      1.518    12.015 r  u_reio_crypt/mult_reg0__1/P[0]
                         net (fo=2, routed)           0.666    12.681    u_reio_crypt/mult_reg0__1_n_105
    SLICE_X12Y45         LUT2 (Prop_lut2_I0_O)        0.124    12.805 r  u_reio_crypt/mult_reg0_carry_i_3/O
                         net (fo=1, routed)           0.000    12.805    u_reio_crypt/mult_reg0_carry_i_3_n_0
    SLICE_X12Y45         CARRY4 (Prop_carry4_S[1]_CO[3])
                                                      0.533    13.338 r  u_reio_crypt/mult_reg0_carry/CO[3]
                         net (fo=1, routed)           0.000    13.338    u_reio_crypt/mult_reg0_carry_n_0
    SLICE_X12Y46         CARRY4 (Prop_carry4_CI_CO[3])
                                                      0.117    13.455 r  u_reio_crypt/mult_reg0_carry__0/CO[3]
                         net (fo=1, routed)           0.000    13.455    u_reio_crypt/mult_reg0_carry__0_n_0
    SLICE_X12Y47         CARRY4 (Prop_carry4_CI_O[0])
                                                      0.219    13.674 r  u_reio_crypt/mult_reg0_carry__1/O[0]
                         net (fo=1, routed)           0.443    14.117    u_reio_crypt/mult_reg0_carry__1_n_7
    SLICE_X14Y45         LUT5 (Prop_lut5_I4_O)        0.295    14.412 r  u_reio_crypt/mult_reg[24]_i_1/O
                         net (fo=1, routed)           0.000    14.412    u_reio_crypt/mult_reg[24]_i_1_n_0
    SLICE_X14Y45         FDCE                                         r  u_reio_crypt/mult_reg_reg[24]/D
  -------------------------------------------------------------------    -------------------

                         (clock pclk rise edge)      10.000    10.000 r  <hidden>
    F4                                                0.000    10.000 r  PCLK
                         net (fo=0)                   0.000    10.000    PCLK
    F4                   IBUF (Prop_ibuf_I_O)         1.410    11.410 r  PCLK_IBUF_inst/O
                         net (fo=1, routed)           1.862    13.272    PCLK_IBUF
    BUFGCTRL_X0Y16       BUFG (Prop_bufg_I_O)         0.091    13.363 r  PCLK_IBUF_BUFG_inst/O
                         net (fo=139, routed)         1.453    14.816    u_reio_crypt/CLK
    SLICE_X14Y45         FDCE                                         r  u_reio_crypt/mult_reg_reg[24]/C
                         clock pessimism              0.383    15.199    <hidden>
                         clock uncertainty           -0.035    15.164    <hidden>
    SLICE_X14Y45         FDCE (Setup_fdce_C_D)        0.079    15.243    u_reio_crypt/mult_reg_reg[24]
  -------------------------------------------------------------------
                         required time                         15.243    <hidden>
                         arrival time                         -14.412    <hidden>
  -------------------------------------------------------------------
                         slack                                  0.831    <hidden>

Slack (MET) :             0.856ns  (required time - arrival time)
  Source:                 u_reio_crypt/pipeline_reg_reg[3]/C
                            (rising edge-triggered cell FDCE clocked by pclk  {rise@0.000ns fall@5.000ns period=10.000ns})
  Destination:            u_reio_crypt/mult_reg_reg[25]/D
                            (rising edge-triggered cell FDCE clocked by pclk  {rise@0.000ns fall@5.000ns period=10.000ns})
  Path Group:             pclk
  Path Type:              Setup (Max at Slow Process Corner)
  Requirement:            10.000ns  (pclk rise@10.000ns - pclk rise@0.000ns)
  Data Path Delay:        9.163ns  (logic 7.475ns (81.577%)  route 1.688ns (18.423%))
  Logic Levels:           7  (CARRY4=3 DSP48E1=2 LUT2=1 LUT5=1)
  Clock Path Skew:        -0.023ns (DCD - SCD + CPR)
    Destination Clock Delay (DCD):    4.817ns = ( 14.817 - 10.000 ) 
    Source Clock Delay      (SCD):    5.223ns
    Clock Pessimism Removal (CPR):    0.383ns
  Clock Uncertainty:      0.035ns  ((TSJ^2 + TIJ^2)^1/2 + DJ) / 2 + PE
    Total System Jitter     (TSJ):    0.071ns
    Total Input Jitter      (TIJ):    0.000ns
    Discrete Jitter          (DJ):    0.000ns
    Phase Error              (PE):    0.000ns

    Location             Delay type                Incr(ns)  Path(ns)    Netlist Resource(s)
  -------------------------------------------------------------------    -------------------
                         (clock pclk rise edge)       0.000     0.000 r  <hidden>
    F4                                                0.000     0.000 r  PCLK
                         net (fo=0)                   0.000     0.000    PCLK
    F4                   IBUF (Prop_ibuf_I_O)         1.590     1.590 r  PCLK_IBUF_inst/O
                         net (fo=1, routed)           1.967     3.557    PCLK_IBUF
    BUFGCTRL_X0Y16       BUFG (Prop_bufg_I_O)         0.096     3.653 r  PCLK_IBUF_BUFG_inst/O
                         net (fo=139, routed)         1.570     5.223    u_reio_crypt/CLK
    SLICE_X12Y41         FDCE                                         r  u_reio_crypt/pipeline_reg_reg[3]/C
  -------------------------------------------------------------------    -------------------
    SLICE_X12Y41         FDCE (Prop_fdce_C_Q)         0.518     5.741 r  u_reio_crypt/pipeline_reg_reg[3]/Q
                         net (fo=6, routed)           0.718     6.459    u_reio_crypt/pipeline_reg[3]
    DSP48_X0Y17          DSP48E1 (Prop_dsp48e1_A[3]_PCOUT[47])
                                                      4.036    10.495 r  u_reio_crypt/mult_reg0__0/PCOUT[47]
                         net (fo=1, routed)           0.002    10.497    u_reio_crypt/mult_reg0__0_n_106
    DSP48_X0Y18          DSP48E1 (Prop_dsp48e1_PCIN[47]_P[0])
                                                      1.518    12.015 r  u_reio_crypt/mult_reg0__1/P[0]
                         net (fo=2, routed)           0.666    12.681    u_reio_crypt/mult_reg0__1_n_105
    SLICE_X12Y45         LUT2 (Prop_lut2_I0_O)        0.124    12.805 r  u_reio_crypt/mult_reg0_carry_i_3/O
                         net (fo=1, routed)           0.000    12.805    u_reio_crypt/mult_reg0_carry_i_3_n_0
    SLICE_X12Y45         CARRY4 (Prop_carry4_S[1]_CO[3])
                                                      0.533    13.338 r  u_reio_crypt/mult_reg0_carry/CO[3]
                         net (fo=1, routed)           0.000    13.338    u_reio_crypt/mult_reg0_carry_n_0
    SLICE_X12Y46         CARRY4 (Prop_carry4_CI_CO[3])
                                                      0.117    13.455 r  u_reio_crypt/mult_reg0_carry__0/CO[3]
                         net (fo=1, routed)           0.000    13.455    u_reio_crypt/mult_reg0_carry__0_n_0
    SLICE_X12Y47         CARRY4 (Prop_carry4_CI_O[1])
                                                      0.323    13.778 r  u_reio_crypt/mult_reg0_carry__1/O[1]
                         net (fo=1, routed)           0.302    14.080    u_reio_crypt/mult_reg0_carry__1_n_6
    SLICE_X14Y47         LUT5 (Prop_lut5_I4_O)        0.306    14.386 r  u_reio_crypt/mult_reg[25]_i_1/O
                         net (fo=1, routed)           0.000    14.386    u_reio_crypt/mult_reg[25]_i_1_n_0
    SLICE_X14Y47         FDCE                                         r  u_reio_crypt/mult_reg_reg[25]/D
  -------------------------------------------------------------------    -------------------

                         (clock pclk rise edge)      10.000    10.000 r  <hidden>
    F4                                                0.000    10.000 r  PCLK
                         net (fo=0)                   0.000    10.000    PCLK
    F4                   IBUF (Prop_ibuf_I_O)         1.410    11.410 r  PCLK_IBUF_inst/O
                         net (fo=1, routed)           1.862    13.272    PCLK_IBUF
    BUFGCTRL_X0Y16       BUFG (Prop_bufg_I_O)         0.091    13.363 r  PCLK_IBUF_BUFG_inst/O
                         net (fo=139, routed)         1.454    14.817    u_reio_crypt/CLK
    SLICE_X14Y47         FDCE                                         r  u_reio_crypt/mult_reg_reg[25]/C
                         clock pessimism              0.383    15.200    <hidden>
                         clock uncertainty           -0.035    15.165    <hidden>
    SLICE_X14Y47         FDCE (Setup_fdce_C_D)        0.077    15.242    u_reio_crypt/mult_reg_reg[25]
  -------------------------------------------------------------------
                         required time                         15.242    <hidden>
                         arrival time                         -14.386    <hidden>
  -------------------------------------------------------------------
                         slack                                  0.856    <hidden>

Slack (MET) :             0.929ns  (required time - arrival time)
  Source:                 u_reio_crypt/pipeline_reg_reg[3]/C
                            (rising edge-triggered cell FDCE clocked by pclk  {rise@0.000ns fall@5.000ns period=10.000ns})
  Destination:            u_reio_crypt/mult_reg_reg[22]/D
                            (rising edge-triggered cell FDCE clocked by pclk  {rise@0.000ns fall@5.000ns period=10.000ns})
  Path Group:             pclk
  Path Type:              Setup (Max at Slow Process Corner)
  Requirement:            10.000ns  (pclk rise@10.000ns - pclk rise@0.000ns)
  Data Path Delay:        9.093ns  (logic 7.269ns (79.942%)  route 1.824ns (20.058%))
  Logic Levels:           6  (CARRY4=2 DSP48E1=2 LUT2=1 LUT5=1)
  Clock Path Skew:        -0.024ns (DCD - SCD + CPR)
    Destination Clock Delay (DCD):    4.816ns = ( 14.816 - 10.000 ) 
    Source Clock Delay      (SCD):    5.223ns
    Clock Pessimism Removal (CPR):    0.383ns
  Clock Uncertainty:      0.035ns  ((TSJ^2 + TIJ^2)^1/2 + DJ) / 2 + PE
    Total System Jitter     (TSJ):    0.071ns
    Total Input Jitter      (TIJ):    0.000ns
    Discrete Jitter          (DJ):    0.000ns
    Phase Error              (PE):    0.000ns

    Location             Delay type                Incr(ns)  Path(ns)    Netlist Resource(s)
  -------------------------------------------------------------------    -------------------
                         (clock pclk rise edge)       0.000     0.000 r  <hidden>
    F4                                                0.000     0.000 r  PCLK
                         net (fo=0)                   0.000     0.000    PCLK
    F4                   IBUF (Prop_ibuf_I_O)         1.590     1.590 r  PCLK_IBUF_inst/O
                         net (fo=1, routed)           1.967     3.557    PCLK_IBUF
    BUFGCTRL_X0Y16       BUFG (Prop_bufg_I_O)         0.096     3.653 r  PCLK_IBUF_BUFG_inst/O
                         net (fo=139, routed)         1.570     5.223    u_reio_crypt/CLK
    SLICE_X12Y41         FDCE                                         r  u_reio_crypt/pipeline_reg_reg[3]/C
  -------------------------------------------------------------------    -------------------
    SLICE_X12Y41         FDCE (Prop_fdce_C_Q)         0.518     5.741 r  u_reio_crypt/pipeline_reg_reg[3]/Q
                         net (fo=6, routed)           0.718     6.459    u_reio_crypt/pipeline_reg[3]
    DSP48_X0Y17          DSP48E1 (Prop_dsp48e1_A[3]_PCOUT[47])
                                                      4.036    10.495 r  u_reio_crypt/mult_reg0__0/PCOUT[47]
                         net (fo=1, routed)           0.002    10.497    u_reio_crypt/mult_reg0__0_n_106
    DSP48_X0Y18          DSP48E1 (Prop_dsp48e1_PCIN[47]_P[0])
                                                      1.518    12.015 r  u_reio_crypt/mult_reg0__1/P[0]
                         net (fo=2, routed)           0.666    12.681    u_reio_crypt/mult_reg0__1_n_105
    SLICE_X12Y45         LUT2 (Prop_lut2_I0_O)        0.124    12.805 r  u_reio_crypt/mult_reg0_carry_i_3/O
                         net (fo=1, routed)           0.000    12.805    u_reio_crypt/mult_reg0_carry_i_3_n_0
    SLICE_X12Y45         CARRY4 (Prop_carry4_S[1]_CO[3])
                                                      0.533    13.338 r  u_reio_crypt/mult_reg0_carry/CO[3]
                         net (fo=1, routed)           0.000    13.338    u_reio_crypt/mult_reg0_carry_n_0
    SLICE_X12Y46         CARRY4 (Prop_carry4_CI_O[2])
                                                      0.239    13.577 r  u_reio_crypt/mult_reg0_carry__0/O[2]
                         net (fo=1, routed)           0.438    14.015    u_reio_crypt/mult_reg0_carry__0_n_5
    SLICE_X14Y45         LUT5 (Prop_lut5_I4_O)        0.301    14.316 r  u_reio_crypt/mult_reg[22]_i_1/O
                         net (fo=1, routed)           0.000    14.316    u_reio_crypt/mult_reg[22]_i_1_n_0
    SLICE_X14Y45         FDCE                                         r  u_reio_crypt/mult_reg_reg[22]/D
  -------------------------------------------------------------------    -------------------

                         (clock pclk rise edge)      10.000    10.000 r  <hidden>
    F4                                                0.000    10.000 r  PCLK
                         net (fo=0)                   0.000    10.000    PCLK
    F4                   IBUF (Prop_ibuf_I_O)         1.410    11.410 r  PCLK_IBUF_inst/O
                         net (fo=1, routed)           1.862    13.272    PCLK_IBUF
    BUFGCTRL_X0Y16       BUFG (Prop_bufg_I_O)         0.091    13.363 r  PCLK_IBUF_BUFG_inst/O
                         net (fo=139, routed)         1.453    14.816    u_reio_crypt/CLK
    SLICE_X14Y45         FDCE                                         r  u_reio_crypt/mult_reg_reg[22]/C
                         clock pessimism              0.383    15.199    <hidden>
                         clock uncertainty           -0.035    15.164    <hidden>
    SLICE_X14Y45         FDCE (Setup_fdce_C_D)        0.081    15.245    u_reio_crypt/mult_reg_reg[22]
  -------------------------------------------------------------------
                         required time                         15.245    <hidden>
                         arrival time                         -14.316    <hidden>
  -------------------------------------------------------------------
                         slack                                  0.929    <hidden>





Min Delay Paths
--------------------------------------------------------------------------------------
Slack (MET) :             0.106ns  (arrival time - required time)
  Source:                 u_reio_crypt/ZKP_HASH_OUT_reg[29]/C
                            (rising edge-triggered cell FDCE clocked by pclk  {rise@0.000ns fall@5.000ns period=10.000ns})
  Destination:            PRDATA_reg[29]/D
                            (rising edge-triggered cell FDCE clocked by pclk  {rise@0.000ns fall@5.000ns period=10.000ns})
  Path Group:             pclk
  Path Type:              Hold (Min at Fast Process Corner)
  Requirement:            0.000ns  (pclk rise@0.000ns - pclk rise@0.000ns)
  Data Path Delay:        0.240ns  (logic 0.186ns (77.466%)  route 0.054ns (22.534%))
  Logic Levels:           1  (LUT6=1)
  Clock Path Skew:        0.013ns (DCD - SCD - CPR)
    Destination Clock Delay (DCD):    1.987ns
    Source Clock Delay      (SCD):    1.473ns
    Clock Pessimism Removal (CPR):    0.501ns

    Location             Delay type                Incr(ns)  Path(ns)    Netlist Resource(s)
  -------------------------------------------------------------------    -------------------
                         (clock pclk rise edge)       0.000     0.000 r  <hidden>
    F4                                                0.000     0.000 r  PCLK
                         net (fo=0)                   0.000     0.000    PCLK
    F4                   IBUF (Prop_ibuf_I_O)         0.248     0.248 r  PCLK_IBUF_inst/O
                         net (fo=1, routed)           0.631     0.879    PCLK_IBUF
    BUFGCTRL_X0Y16       BUFG (Prop_bufg_I_O)         0.026     0.905 r  PCLK_IBUF_BUFG_inst/O
                         net (fo=139, routed)         0.568     1.473    u_reio_crypt/CLK
    SLICE_X9Y45          FDCE                                         r  u_reio_crypt/ZKP_HASH_OUT_reg[29]/C
  -------------------------------------------------------------------    -------------------
    SLICE_X9Y45          FDCE (Prop_fdce_C_Q)         0.141     1.614 r  u_reio_crypt/ZKP_HASH_OUT_reg[29]/Q
                         net (fo=1, routed)           0.054     1.668    u_reio_crypt/ZKP_HASH_OUT[29]
    SLICE_X8Y45          LUT6 (Prop_lut6_I4_O)        0.045     1.713 r  u_reio_crypt/PRDATA[29]_i_1/O
                         net (fo=1, routed)           0.000     1.713    u_reio_crypt_n_3
    SLICE_X8Y45          FDCE                                         r  PRDATA_reg[29]/D
  -------------------------------------------------------------------    -------------------

                         (clock pclk rise edge)       0.000     0.000 r  <hidden>
    F4                                                0.000     0.000 r  PCLK
                         net (fo=0)                   0.000     0.000    PCLK
    F4                   IBUF (Prop_ibuf_I_O)         0.436     0.436 r  PCLK_IBUF_inst/O
                         net (fo=1, routed)           0.685     1.121    PCLK_IBUF
    BUFGCTRL_X0Y16       BUFG (Prop_bufg_I_O)         0.029     1.150 r  PCLK_IBUF_BUFG_inst/O
                         net (fo=139, routed)         0.838     1.987    PCLK_IBUF_BUFG
    SLICE_X8Y45          FDCE                                         r  PRDATA_reg[29]/C
                         clock pessimism             -0.501     1.486    <hidden>
    SLICE_X8Y45          FDCE (Hold_fdce_C_D)         0.121     1.607    PRDATA_reg[29]
  -------------------------------------------------------------------
                         required time                         -1.607    <hidden>
                         arrival time                           1.713    <hidden>
  -------------------------------------------------------------------
                         slack                                  0.106    <hidden>

Slack (MET) :             0.106ns  (arrival time - required time)
  Source:                 u_reio_crypt/ZKP_HASH_OUT_reg[24]/C
                            (rising edge-triggered cell FDCE clocked by pclk  {rise@0.000ns fall@5.000ns period=10.000ns})
  Destination:            PRDATA_reg[24]/D
                            (rising edge-triggered cell FDCE clocked by pclk  {rise@0.000ns fall@5.000ns period=10.000ns})
  Path Group:             pclk
  Path Type:              Hold (Min at Fast Process Corner)
  Requirement:            0.000ns  (pclk rise@0.000ns - pclk rise@0.000ns)
  Data Path Delay:        0.240ns  (logic 0.186ns (77.466%)  route 0.054ns (22.534%))
  Logic Levels:           1  (LUT6=1)
  Clock Path Skew:        0.013ns (DCD - SCD - CPR)
    Destination Clock Delay (DCD):    1.986ns
    Source Clock Delay      (SCD):    1.472ns
    Clock Pessimism Removal (CPR):    0.501ns

    Location             Delay type                Incr(ns)  Path(ns)    Netlist Resource(s)
  -------------------------------------------------------------------    -------------------
                         (clock pclk rise edge)       0.000     0.000 r  <hidden>
    F4                                                0.000     0.000 r  PCLK
                         net (fo=0)                   0.000     0.000    PCLK
    F4                   IBUF (Prop_ibuf_I_O)         0.248     0.248 r  PCLK_IBUF_inst/O
                         net (fo=1, routed)           0.631     0.879    PCLK_IBUF
    BUFGCTRL_X0Y16       BUFG (Prop_bufg_I_O)         0.026     0.905 r  PCLK_IBUF_BUFG_inst/O
                         net (fo=139, routed)         0.567     1.472    u_reio_crypt/CLK
    SLICE_X9Y41          FDCE                                         r  u_reio_crypt/ZKP_HASH_OUT_reg[24]/C
  -------------------------------------------------------------------    -------------------
    SLICE_X9Y41          FDCE (Prop_fdce_C_Q)         0.141     1.613 r  u_reio_crypt/ZKP_HASH_OUT_reg[24]/Q
                         net (fo=1, routed)           0.054     1.667    u_reio_crypt/ZKP_HASH_OUT[24]
    SLICE_X8Y41          LUT6 (Prop_lut6_I4_O)        0.045     1.712 r  u_reio_crypt/PRDATA[24]_i_1/O
                         net (fo=1, routed)           0.000     1.712    u_reio_crypt_n_8
    SLICE_X8Y41          FDCE                                         r  PRDATA_reg[24]/D
  -------------------------------------------------------------------    -------------------

                         (clock pclk rise edge)       0.000     0.000 r  <hidden>
    F4                                                0.000     0.000 r  PCLK
                         net (fo=0)                   0.000     0.000    PCLK
    F4                   IBUF (Prop_ibuf_I_O)         0.436     0.436 r  PCLK_IBUF_inst/O
                         net (fo=1, routed)           0.685     1.121    PCLK_IBUF
    BUFGCTRL_X0Y16       BUFG (Prop_bufg_I_O)         0.029     1.150 r  PCLK_IBUF_BUFG_inst/O
                         net (fo=139, routed)         0.837     1.986    PCLK_IBUF_BUFG
    SLICE_X8Y41          FDCE                                         r  PRDATA_reg[24]/C
                         clock pessimism             -0.501     1.485    <hidden>
    SLICE_X8Y41          FDCE (Hold_fdce_C_D)         0.121     1.606    PRDATA_reg[24]
  -------------------------------------------------------------------
                         required time                         -1.606    <hidden>
                         arrival time                           1.712    <hidden>
  -------------------------------------------------------------------
                         slack                                  0.106    <hidden>

Slack (MET) :             0.140ns  (arrival time - required time)
  Source:                 u_reio_crypt/ZKP_HASH_OUT_reg[18]/C
                            (rising edge-triggered cell FDCE clocked by pclk  {rise@0.000ns fall@5.000ns period=10.000ns})
  Destination:            PRDATA_reg[18]/D
                            (rising edge-triggered cell FDCE clocked by pclk  {rise@0.000ns fall@5.000ns period=10.000ns})
  Path Group:             pclk
  Path Type:              Hold (Min at Fast Process Corner)
  Requirement:            0.000ns  (pclk rise@0.000ns - pclk rise@0.000ns)
  Data Path Delay:        0.273ns  (logic 0.186ns (68.106%)  route 0.087ns (31.894%))
  Logic Levels:           1  (LUT6=1)
  Clock Path Skew:        0.013ns (DCD - SCD - CPR)
    Destination Clock Delay (DCD):    1.985ns
    Source Clock Delay      (SCD):    1.471ns
    Clock Pessimism Removal (CPR):    0.501ns

    Location             Delay type                Incr(ns)  Path(ns)    Netlist Resource(s)
  -------------------------------------------------------------------    -------------------
                         (clock pclk rise edge)       0.000     0.000 r  <hidden>
    F4                                                0.000     0.000 r  PCLK
                         net (fo=0)                   0.000     0.000    PCLK
    F4                   IBUF (Prop_ibuf_I_O)         0.248     0.248 r  PCLK_IBUF_inst/O
                         net (fo=1, routed)           0.631     0.879    PCLK_IBUF
    BUFGCTRL_X0Y16       BUFG (Prop_bufg_I_O)         0.026     0.905 r  PCLK_IBUF_BUFG_inst/O
                         net (fo=139, routed)         0.566     1.471    u_reio_crypt/CLK
    SLICE_X9Y39          FDCE                                         r  u_reio_crypt/ZKP_HASH_OUT_reg[18]/C
  -------------------------------------------------------------------    -------------------
    SLICE_X9Y39          FDCE (Prop_fdce_C_Q)         0.141     1.612 r  u_reio_crypt/ZKP_HASH_OUT_reg[18]/Q
                         net (fo=1, routed)           0.087     1.699    u_reio_crypt/ZKP_HASH_OUT[18]
    SLICE_X8Y39          LUT6 (Prop_lut6_I4_O)        0.045     1.744 r  u_reio_crypt/PRDATA[18]_i_1/O
                         net (fo=1, routed)           0.000     1.744    u_reio_crypt_n_14
    SLICE_X8Y39          FDCE                                         r  PRDATA_reg[18]/D
  -------------------------------------------------------------------    -------------------

                         (clock pclk rise edge)       0.000     0.000 r  <hidden>
    F4                                                0.000     0.000 r  PCLK
                         net (fo=0)                   0.000     0.000    PCLK
    F4                   IBUF (Prop_ibuf_I_O)         0.436     0.436 r  PCLK_IBUF_inst/O
                         net (fo=1, routed)           0.685     1.121    PCLK_IBUF
    BUFGCTRL_X0Y16       BUFG (Prop_bufg_I_O)         0.029     1.150 r  PCLK_IBUF_BUFG_inst/O
                         net (fo=139, routed)         0.836     1.985    PCLK_IBUF_BUFG
    SLICE_X8Y39          FDCE                                         r  PRDATA_reg[18]/C
                         clock pessimism             -0.501     1.484    <hidden>
    SLICE_X8Y39          FDCE (Hold_fdce_C_D)         0.120     1.604    PRDATA_reg[18]
  -------------------------------------------------------------------
                         required time                         -1.604    <hidden>
                         arrival time                           1.744    <hidden>
  -------------------------------------------------------------------
                         slack                                  0.140    <hidden>

Slack (MET) :             0.143ns  (arrival time - required time)
  Source:                 u_reio_crypt/ZKP_HASH_OUT_reg[28]/C
                            (rising edge-triggered cell FDCE clocked by pclk  {rise@0.000ns fall@5.000ns period=10.000ns})
  Destination:            PRDATA_reg[28]/D
                            (rising edge-triggered cell FDCE clocked by pclk  {rise@0.000ns fall@5.000ns period=10.000ns})
  Path Group:             pclk
  Path Type:              Hold (Min at Fast Process Corner)
  Requirement:            0.000ns  (pclk rise@0.000ns - pclk rise@0.000ns)
  Data Path Delay:        0.277ns  (logic 0.186ns (67.123%)  route 0.091ns (32.877%))
  Logic Levels:           1  (LUT6=1)
  Clock Path Skew:        0.013ns (DCD - SCD - CPR)
    Destination Clock Delay (DCD):    1.987ns
    Source Clock Delay      (SCD):    1.473ns
    Clock Pessimism Removal (CPR):    0.501ns

    Location             Delay type                Incr(ns)  Path(ns)    Netlist Resource(s)
  -------------------------------------------------------------------    -------------------
                         (clock pclk rise edge)       0.000     0.000 r  <hidden>
    F4                                                0.000     0.000 r  PCLK
                         net (fo=0)                   0.000     0.000    PCLK
    F4                   IBUF (Prop_ibuf_I_O)         0.248     0.248 r  PCLK_IBUF_inst/O
                         net (fo=1, routed)           0.631     0.879    PCLK_IBUF
    BUFGCTRL_X0Y16       BUFG (Prop_bufg_I_O)         0.026     0.905 r  PCLK_IBUF_BUFG_inst/O
                         net (fo=139, routed)         0.568     1.473    u_reio_crypt/CLK
    SLICE_X9Y45          FDCE                                         r  u_reio_crypt/ZKP_HASH_OUT_reg[28]/C
  -------------------------------------------------------------------    -------------------
    SLICE_X9Y45          FDCE (Prop_fdce_C_Q)         0.141     1.614 r  u_reio_crypt/ZKP_HASH_OUT_reg[28]/Q
                         net (fo=1, routed)           0.091     1.705    u_reio_crypt/ZKP_HASH_OUT[28]
    SLICE_X8Y45          LUT6 (Prop_lut6_I4_O)        0.045     1.750 r  u_reio_crypt/PRDATA[28]_i_1/O
                         net (fo=1, routed)           0.000     1.750    u_reio_crypt_n_4
    SLICE_X8Y45          FDCE                                         r  PRDATA_reg[28]/D
  -------------------------------------------------------------------    -------------------

                         (clock pclk rise edge)       0.000     0.000 r  <hidden>
    F4                                                0.000     0.000 r  PCLK
                         net (fo=0)                   0.000     0.000    PCLK
    F4                   IBUF (Prop_ibuf_I_O)         0.436     0.436 r  PCLK_IBUF_inst/O
                         net (fo=1, routed)           0.685     1.121    PCLK_IBUF
    BUFGCTRL_X0Y16       BUFG (Prop_bufg_I_O)         0.029     1.150 r  PCLK_IBUF_BUFG_inst/O
                         net (fo=139, routed)         0.838     1.987    PCLK_IBUF_BUFG
    SLICE_X8Y45          FDCE                                         r  PRDATA_reg[28]/C
                         clock pessimism             -0.501     1.486    <hidden>
    SLICE_X8Y45          FDCE (Hold_fdce_C_D)         0.121     1.607    PRDATA_reg[28]
  -------------------------------------------------------------------
                         required time                         -1.607    <hidden>
                         arrival time                           1.750    <hidden>
  -------------------------------------------------------------------
                         slack                                  0.143    <hidden>

Slack (MET) :             0.155ns  (arrival time - required time)
  Source:                 u_reio_crypt/pipeline_reg_reg[9]/C
                            (rising edge-triggered cell FDCE clocked by pclk  {rise@0.000ns fall@5.000ns period=10.000ns})
  Destination:            u_reio_crypt/ZKP_HASH_OUT_reg[9]/D
                            (rising edge-triggered cell FDCE clocked by pclk  {rise@0.000ns fall@5.000ns period=10.000ns})
  Path Group:             pclk
  Path Type:              Hold (Min at Fast Process Corner)
  Requirement:            0.000ns  (pclk rise@0.000ns - pclk rise@0.000ns)
  Data Path Delay:        0.289ns  (logic 0.186ns (64.270%)  route 0.103ns (35.730%))
  Logic Levels:           1  (LUT3=1)
  Clock Path Skew:        0.013ns (DCD - SCD - CPR)
    Destination Clock Delay (DCD):    1.987ns
    Source Clock Delay      (SCD):    1.473ns
    Clock Pessimism Removal (CPR):    0.501ns

    Location             Delay type                Incr(ns)  Path(ns)    Netlist Resource(s)
  -------------------------------------------------------------------    -------------------
                         (clock pclk rise edge)       0.000     0.000 r  <hidden>
    F4                                                0.000     0.000 r  PCLK
                         net (fo=0)                   0.000     0.000    PCLK
    F4                   IBUF (Prop_ibuf_I_O)         0.248     0.248 r  PCLK_IBUF_inst/O
                         net (fo=1, routed)           0.631     0.879    PCLK_IBUF
    BUFGCTRL_X0Y16       BUFG (Prop_bufg_I_O)         0.026     0.905 r  PCLK_IBUF_BUFG_inst/O
                         net (fo=139, routed)         0.568     1.473    u_reio_crypt/CLK
    SLICE_X11Y43         FDCE                                         r  u_reio_crypt/pipeline_reg_reg[9]/C
  -------------------------------------------------------------------    -------------------
    SLICE_X11Y43         FDCE (Prop_fdce_C_Q)         0.141     1.614 f  u_reio_crypt/pipeline_reg_reg[9]/Q
                         net (fo=6, routed)           0.103     1.717    u_reio_crypt/pipeline_reg[9]
    SLICE_X10Y43         LUT3 (Prop_lut3_I0_O)        0.045     1.762 r  u_reio_crypt/ZKP_HASH_OUT[9]_i_1/O
                         net (fo=1, routed)           0.000     1.762    u_reio_crypt/p_1_in[9]
    SLICE_X10Y43         FDCE                                         r  u_reio_crypt/ZKP_HASH_OUT_reg[9]/D
  -------------------------------------------------------------------    -------------------

                         (clock pclk rise edge)       0.000     0.000 r  <hidden>
    F4                                                0.000     0.000 r  PCLK
                         net (fo=0)                   0.000     0.000    PCLK
    F4                   IBUF (Prop_ibuf_I_O)         0.436     0.436 r  PCLK_IBUF_inst/O
                         net (fo=1, routed)           0.685     1.121    PCLK_IBUF
    BUFGCTRL_X0Y16       BUFG (Prop_bufg_I_O)         0.029     1.150 r  PCLK_IBUF_BUFG_inst/O
                         net (fo=139, routed)         0.838     1.987    u_reio_crypt/CLK
    SLICE_X10Y43         FDCE                                         r  u_reio_crypt/ZKP_HASH_OUT_reg[9]/C
                         clock pessimism             -0.501     1.486    <hidden>
    SLICE_X10Y43         FDCE (Hold_fdce_C_D)         0.121     1.607    u_reio_crypt/ZKP_HASH_OUT_reg[9]
  -------------------------------------------------------------------
                         required time                         -1.607    <hidden>
                         arrival time                           1.762    <hidden>
  -------------------------------------------------------------------
                         slack                                  0.155    <hidden>

Slack (MET) :             0.174ns  (arrival time - required time)
  Source:                 u_reio_crypt/ZKP_HASH_OUT_reg[30]/C
                            (rising edge-triggered cell FDCE clocked by pclk  {rise@0.000ns fall@5.000ns period=10.000ns})
  Destination:            PRDATA_reg[30]/D
                            (rising edge-triggered cell FDCE clocked by pclk  {rise@0.000ns fall@5.000ns period=10.000ns})
  Path Group:             pclk
  Path Type:              Hold (Min at Fast Process Corner)
  Requirement:            0.000ns  (pclk rise@0.000ns - pclk rise@0.000ns)
  Data Path Delay:        0.308ns  (logic 0.186ns (60.369%)  route 0.122ns (39.631%))
  Logic Levels:           1  (LUT6=1)
  Clock Path Skew:        0.013ns (DCD - SCD - CPR)
    Destination Clock Delay (DCD):    1.987ns
    Source Clock Delay      (SCD):    1.473ns
    Clock Pessimism Removal (CPR):    0.501ns

    Location             Delay type                Incr(ns)  Path(ns)    Netlist Resource(s)
  -------------------------------------------------------------------    -------------------
                         (clock pclk rise edge)       0.000     0.000 r  <hidden>
    F4                                                0.000     0.000 r  PCLK
                         net (fo=0)                   0.000     0.000    PCLK
    F4                   IBUF (Prop_ibuf_I_O)         0.248     0.248 r  PCLK_IBUF_inst/O
                         net (fo=1, routed)           0.631     0.879    PCLK_IBUF
    BUFGCTRL_X0Y16       BUFG (Prop_bufg_I_O)         0.026     0.905 r  PCLK_IBUF_BUFG_inst/O
                         net (fo=139, routed)         0.568     1.473    u_reio_crypt/CLK
    SLICE_X9Y45          FDCE                                         r  u_reio_crypt/ZKP_HASH_OUT_reg[30]/C
  -------------------------------------------------------------------    -------------------
    SLICE_X9Y45          FDCE (Prop_fdce_C_Q)         0.141     1.614 r  u_reio_crypt/ZKP_HASH_OUT_reg[30]/Q
                         net (fo=1, routed)           0.122     1.736    u_reio_crypt/ZKP_HASH_OUT[30]
    SLICE_X8Y45          LUT6 (Prop_lut6_I4_O)        0.045     1.781 r  u_reio_crypt/PRDATA[30]_i_1/O
                         net (fo=1, routed)           0.000     1.781    u_reio_crypt_n_2
    SLICE_X8Y45          FDCE                                         r  PRDATA_reg[30]/D
  -------------------------------------------------------------------    -------------------

                         (clock pclk rise edge)       0.000     0.000 r  <hidden>
    F4                                                0.000     0.000 r  PCLK
                         net (fo=0)                   0.000     0.000    PCLK
    F4                   IBUF (Prop_ibuf_I_O)         0.436     0.436 r  PCLK_IBUF_inst/O
                         net (fo=1, routed)           0.685     1.121    PCLK_IBUF
    BUFGCTRL_X0Y16       BUFG (Prop_bufg_I_O)         0.029     1.150 r  PCLK_IBUF_BUFG_inst/O
                         net (fo=139, routed)         0.838     1.987    PCLK_IBUF_BUFG
    SLICE_X8Y45          FDCE                                         r  PRDATA_reg[30]/C
                         clock pessimism             -0.501     1.486    <hidden>
    SLICE_X8Y45          FDCE (Hold_fdce_C_D)         0.121     1.607    PRDATA_reg[30]
  -------------------------------------------------------------------
                         required time                         -1.607    <hidden>
                         arrival time                           1.781    <hidden>
  -------------------------------------------------------------------
                         slack                                  0.174    <hidden>

Slack (MET) :             0.187ns  (arrival time - required time)
  Source:                 u_reio_crypt/ZKP_HASH_OUT_reg[22]/C
                            (rising edge-triggered cell FDCE clocked by pclk  {rise@0.000ns fall@5.000ns period=10.000ns})
  Destination:            PRDATA_reg[22]/D
                            (rising edge-triggered cell FDCE clocked by pclk  {rise@0.000ns fall@5.000ns period=10.000ns})
  Path Group:             pclk
  Path Type:              Hold (Min at Fast Process Corner)
  Requirement:            0.000ns  (pclk rise@0.000ns - pclk rise@0.000ns)
  Data Path Delay:        0.294ns  (logic 0.186ns (63.228%)  route 0.108ns (36.772%))
  Logic Levels:           1  (LUT6=1)
  Clock Path Skew:        0.016ns (DCD - SCD - CPR)
    Destination Clock Delay (DCD):    1.986ns
    Source Clock Delay      (SCD):    1.472ns
    Clock Pessimism Removal (CPR):    0.498ns

    Location             Delay type                Incr(ns)  Path(ns)    Netlist Resource(s)
  -------------------------------------------------------------------    -------------------
                         (clock pclk rise edge)       0.000     0.000 r  <hidden>
    F4                                                0.000     0.000 r  PCLK
                         net (fo=0)                   0.000     0.000    PCLK
    F4                   IBUF (Prop_ibuf_I_O)         0.248     0.248 r  PCLK_IBUF_inst/O
                         net (fo=1, routed)           0.631     0.879    PCLK_IBUF
    BUFGCTRL_X0Y16       BUFG (Prop_bufg_I_O)         0.026     0.905 r  PCLK_IBUF_BUFG_inst/O
                         net (fo=139, routed)         0.567     1.472    u_reio_crypt/CLK
    SLICE_X9Y41          FDCE                                         r  u_reio_crypt/ZKP_HASH_OUT_reg[22]/C
  -------------------------------------------------------------------    -------------------
    SLICE_X9Y41          FDCE (Prop_fdce_C_Q)         0.141     1.613 r  u_reio_crypt/ZKP_HASH_OUT_reg[22]/Q
                         net (fo=1, routed)           0.108     1.721    u_reio_crypt/ZKP_HASH_OUT[22]
    SLICE_X9Y40          LUT6 (Prop_lut6_I4_O)        0.045     1.766 r  u_reio_crypt/PRDATA[22]_i_1/O
                         net (fo=1, routed)           0.000     1.766    u_reio_crypt_n_10
    SLICE_X9Y40          FDCE                                         r  PRDATA_reg[22]/D
  -------------------------------------------------------------------    -------------------

                         (clock pclk rise edge)       0.000     0.000 r  <hidden>
    F4                                                0.000     0.000 r  PCLK
                         net (fo=0)                   0.000     0.000    PCLK
    F4                   IBUF (Prop_ibuf_I_O)         0.436     0.436 r  PCLK_IBUF_inst/O
                         net (fo=1, routed)           0.685     1.121    PCLK_IBUF
    BUFGCTRL_X0Y16       BUFG (Prop_bufg_I_O)         0.029     1.150 r  PCLK_IBUF_BUFG_inst/O
                         net (fo=139, routed)         0.837     1.986    PCLK_IBUF_BUFG
    SLICE_X9Y40          FDCE                                         r  PRDATA_reg[22]/C
                         clock pessimism             -0.498     1.488    <hidden>
    SLICE_X9Y40          FDCE (Hold_fdce_C_D)         0.091     1.579    PRDATA_reg[22]
  -------------------------------------------------------------------
                         required time                         -1.579    <hidden>
                         arrival time                           1.766    <hidden>
  -------------------------------------------------------------------
                         slack                                  0.187    <hidden>

Slack (MET) :             0.217ns  (arrival time - required time)
  Source:                 u_reio_crypt/pipeline_reg_reg[6]/C
                            (rising edge-triggered cell FDCE clocked by pclk  {rise@0.000ns fall@5.000ns period=10.000ns})
  Destination:            u_reio_crypt/ZKP_HASH_OUT_reg[6]/D
                            (rising edge-triggered cell FDCE clocked by pclk  {rise@0.000ns fall@5.000ns period=10.000ns})
  Path Group:             pclk
  Path Type:              Hold (Min at Fast Process Corner)
  Requirement:            0.000ns  (pclk rise@0.000ns - pclk rise@0.000ns)
  Data Path Delay:        0.325ns  (logic 0.186ns (57.289%)  route 0.139ns (42.711%))
  Logic Levels:           1  (LUT3=1)
  Clock Path Skew:        0.016ns (DCD - SCD - CPR)
    Destination Clock Delay (DCD):    1.986ns
    Source Clock Delay      (SCD):    1.472ns
    Clock Pessimism Removal (CPR):    0.498ns

    Location             Delay type                Incr(ns)  Path(ns)    Netlist Resource(s)
  -------------------------------------------------------------------    -------------------
                         (clock pclk rise edge)       0.000     0.000 r  <hidden>
    F4                                                0.000     0.000 r  PCLK
                         net (fo=0)                   0.000     0.000    PCLK
    F4                   IBUF (Prop_ibuf_I_O)         0.248     0.248 r  PCLK_IBUF_inst/O
                         net (fo=1, routed)           0.631     0.879    PCLK_IBUF
    BUFGCTRL_X0Y16       BUFG (Prop_bufg_I_O)         0.026     0.905 r  PCLK_IBUF_BUFG_inst/O
                         net (fo=139, routed)         0.567     1.472    u_reio_crypt/CLK
    SLICE_X11Y41         FDCE                                         r  u_reio_crypt/pipeline_reg_reg[6]/C
  -------------------------------------------------------------------    -------------------
    SLICE_X11Y41         FDCE (Prop_fdce_C_Q)         0.141     1.613 f  u_reio_crypt/pipeline_reg_reg[6]/Q
                         net (fo=6, routed)           0.139     1.751    u_reio_crypt/pipeline_reg[6]
    SLICE_X11Y42         LUT3 (Prop_lut3_I0_O)        0.045     1.796 r  u_reio_crypt/ZKP_HASH_OUT[6]_i_1/O
                         net (fo=1, routed)           0.000     1.796    u_reio_crypt/p_1_in[6]
    SLICE_X11Y42         FDCE                                         r  u_reio_crypt/ZKP_HASH_OUT_reg[6]/D
  -------------------------------------------------------------------    -------------------

                         (clock pclk rise edge)       0.000     0.000 r  <hidden>
    F4                                                0.000     0.000 r  PCLK
                         net (fo=0)                   0.000     0.000    PCLK
    F4                   IBUF (Prop_ibuf_I_O)         0.436     0.436 r  PCLK_IBUF_inst/O
                         net (fo=1, routed)           0.685     1.121    PCLK_IBUF
    BUFGCTRL_X0Y16       BUFG (Prop_bufg_I_O)         0.029     1.150 r  PCLK_IBUF_BUFG_inst/O
                         net (fo=139, routed)         0.837     1.986    u_reio_crypt/CLK
    SLICE_X11Y42         FDCE                                         r  u_reio_crypt/ZKP_HASH_OUT_reg[6]/C
                         clock pessimism             -0.498     1.488    <hidden>
    SLICE_X11Y42         FDCE (Hold_fdce_C_D)         0.092     1.580    u_reio_crypt/ZKP_HASH_OUT_reg[6]
  -------------------------------------------------------------------
                         required time                         -1.580    <hidden>
                         arrival time                           1.796    <hidden>
  -------------------------------------------------------------------
                         slack                                  0.217    <hidden>

Slack (MET) :             0.225ns  (arrival time - required time)
  Source:                 u_reio_crypt/mult_reg_reg[2]/C
                            (rising edge-triggered cell FDCE clocked by pclk  {rise@0.000ns fall@5.000ns period=10.000ns})
  Destination:            u_reio_crypt/mult_reg_reg[2]/D
                            (rising edge-triggered cell FDCE clocked by pclk  {rise@0.000ns fall@5.000ns period=10.000ns})
  Path Group:             pclk
  Path Type:              Hold (Min at Fast Process Corner)
  Requirement:            0.000ns  (pclk rise@0.000ns - pclk rise@0.000ns)
  Data Path Delay:        0.346ns  (logic 0.209ns (60.448%)  route 0.137ns (39.552%))
  Logic Levels:           1  (LUT5=1)
  Clock Path Skew:        0.000ns (DCD - SCD - CPR)
    Destination Clock Delay (DCD):    1.986ns
    Source Clock Delay      (SCD):    1.472ns
    Clock Pessimism Removal (CPR):    0.514ns

    Location             Delay type                Incr(ns)  Path(ns)    Netlist Resource(s)
  -------------------------------------------------------------------    -------------------
                         (clock pclk rise edge)       0.000     0.000 r  <hidden>
    F4                                                0.000     0.000 r  PCLK
                         net (fo=0)                   0.000     0.000    PCLK
    F4                   IBUF (Prop_ibuf_I_O)         0.248     0.248 r  PCLK_IBUF_inst/O
                         net (fo=1, routed)           0.631     0.879    PCLK_IBUF
    BUFGCTRL_X0Y16       BUFG (Prop_bufg_I_O)         0.026     0.905 r  PCLK_IBUF_BUFG_inst/O
                         net (fo=139, routed)         0.567     1.472    u_reio_crypt/CLK
    SLICE_X12Y40         FDCE                                         r  u_reio_crypt/mult_reg_reg[2]/C
  -------------------------------------------------------------------    -------------------
    SLICE_X12Y40         FDCE (Prop_fdce_C_Q)         0.164     1.636 r  u_reio_crypt/mult_reg_reg[2]/Q
                         net (fo=3, routed)           0.137     1.772    u_reio_crypt/mult_reg[2]
    SLICE_X12Y40         LUT5 (Prop_lut5_I0_O)        0.045     1.817 r  u_reio_crypt/mult_reg[2]_i_1/O
                         net (fo=1, routed)           0.000     1.817    u_reio_crypt/mult_reg[2]_i_1_n_0
    SLICE_X12Y40         FDCE                                         r  u_reio_crypt/mult_reg_reg[2]/D
  -------------------------------------------------------------------    -------------------

                         (clock pclk rise edge)       0.000     0.000 r  <hidden>
    F4                                                0.000     0.000 r  PCLK
                         net (fo=0)                   0.000     0.000    PCLK
    F4                   IBUF (Prop_ibuf_I_O)         0.436     0.436 r  PCLK_IBUF_inst/O
                         net (fo=1, routed)           0.685     1.121    PCLK_IBUF
    BUFGCTRL_X0Y16       BUFG (Prop_bufg_I_O)         0.029     1.150 r  PCLK_IBUF_BUFG_inst/O
                         net (fo=139, routed)         0.837     1.986    u_reio_crypt/CLK
    SLICE_X12Y40         FDCE                                         r  u_reio_crypt/mult_reg_reg[2]/C
                         clock pessimism             -0.514     1.472    <hidden>
    SLICE_X12Y40         FDCE (Hold_fdce_C_D)         0.121     1.593    u_reio_crypt/mult_reg_reg[2]
  -------------------------------------------------------------------
                         required time                         -1.593    <hidden>
                         arrival time                           1.817    <hidden>
  -------------------------------------------------------------------
                         slack                                  0.225    <hidden>

Slack (MET) :             0.225ns  (arrival time - required time)
  Source:                 u_reio_crypt/pipeline_reg_reg[25]/C
                            (rising edge-triggered cell FDCE clocked by pclk  {rise@0.000ns fall@5.000ns period=10.000ns})
  Destination:            u_reio_crypt/ZKP_HASH_OUT_reg[25]/D
                            (rising edge-triggered cell FDCE clocked by pclk  {rise@0.000ns fall@5.000ns period=10.000ns})
  Path Group:             pclk
  Path Type:              Hold (Min at Fast Process Corner)
  Requirement:            0.000ns  (pclk rise@0.000ns - pclk rise@0.000ns)
  Data Path Delay:        0.382ns  (logic 0.186ns (48.681%)  route 0.196ns (51.319%))
  Logic Levels:           1  (LUT3=1)
  Clock Path Skew:        0.036ns (DCD - SCD - CPR)
    Destination Clock Delay (DCD):    1.987ns
    Source Clock Delay      (SCD):    1.473ns
    Clock Pessimism Removal (CPR):    0.478ns

    Location             Delay type                Incr(ns)  Path(ns)    Netlist Resource(s)
  -------------------------------------------------------------------    -------------------
                         (clock pclk rise edge)       0.000     0.000 r  <hidden>
    F4                                                0.000     0.000 r  PCLK
                         net (fo=0)                   0.000     0.000    PCLK
    F4                   IBUF (Prop_ibuf_I_O)         0.248     0.248 r  PCLK_IBUF_inst/O
                         net (fo=1, routed)           0.631     0.879    PCLK_IBUF
    BUFGCTRL_X0Y16       BUFG (Prop_bufg_I_O)         0.026     0.905 r  PCLK_IBUF_BUFG_inst/O
                         net (fo=139, routed)         0.568     1.473    u_reio_crypt/CLK
    SLICE_X11Y46         FDCE                                         r  u_reio_crypt/pipeline_reg_reg[25]/C
  -------------------------------------------------------------------    -------------------
    SLICE_X11Y46         FDCE (Prop_fdce_C_Q)         0.141     1.614 f  u_reio_crypt/pipeline_reg_reg[25]/Q
                         net (fo=4, routed)           0.196     1.810    u_reio_crypt/pipeline_reg[25]
    SLICE_X8Y44          LUT3 (Prop_lut3_I0_O)        0.045     1.855 r  u_reio_crypt/ZKP_HASH_OUT[25]_i_1/O
                         net (fo=1, routed)           0.000     1.855    u_reio_crypt/p_1_in[25]
    SLICE_X8Y44          FDCE                                         r  u_reio_crypt/ZKP_HASH_OUT_reg[25]/D
  -------------------------------------------------------------------    -------------------

                         (clock pclk rise edge)       0.000     0.000 r  <hidden>
    F4                                                0.000     0.000 r  PCLK
                         net (fo=0)                   0.000     0.000    PCLK
    F4                   IBUF (Prop_ibuf_I_O)         0.436     0.436 r  PCLK_IBUF_inst/O
                         net (fo=1, routed)           0.685     1.121    PCLK_IBUF
    BUFGCTRL_X0Y16       BUFG (Prop_bufg_I_O)         0.029     1.150 r  PCLK_IBUF_BUFG_inst/O
                         net (fo=139, routed)         0.838     1.987    u_reio_crypt/CLK
    SLICE_X8Y44          FDCE                                         r  u_reio_crypt/ZKP_HASH_OUT_reg[25]/C
                         clock pessimism             -0.478     1.509    <hidden>
    SLICE_X8Y44          FDCE (Hold_fdce_C_D)         0.121     1.630    u_reio_crypt/ZKP_HASH_OUT_reg[25]
  -------------------------------------------------------------------
                         required time                         -1.630    <hidden>
                         arrival time                           1.855    <hidden>
  -------------------------------------------------------------------
                         slack                                  0.225    <hidden>





Pulse Width Checks
--------------------------------------------------------------------------------------
Clock Name:         pclk
Waveform(ns):       { 0.000 5.000 }
Period(ns):         10.000
Sources:            { PCLK }

Check Type        Corner  Lib Pin  Reference Pin  Required(ns)  Actual(ns)  Slack(ns)  Location        Pin
Min Period        n/a     BUFG/I   n/a            2.155         10.000      7.845      BUFGCTRL_X0Y16  PCLK_IBUF_BUFG_inst/I
Min Period        n/a     FDCE/C   n/a            1.000         10.000      9.000      SLICE_X8Y40     PRDATA_reg[0]/C
Min Period        n/a     FDCE/C   n/a            1.000         10.000      9.000      SLICE_X8Y40     PRDATA_reg[10]/C
Min Period        n/a     FDCE/C   n/a            1.000         10.000      9.000      SLICE_X8Y40     PRDATA_reg[11]/C
Min Period        n/a     FDCE/C   n/a            1.000         10.000      9.000      SLICE_X6Y41     PRDATA_reg[12]/C
Min Period        n/a     FDCE/C   n/a            1.000         10.000      9.000      SLICE_X6Y43     PRDATA_reg[13]/C
Min Period        n/a     FDCE/C   n/a            1.000         10.000      9.000      SLICE_X8Y43     PRDATA_reg[14]/C
Min Period        n/a     FDCE/C   n/a            1.000         10.000      9.000      SLICE_X8Y43     PRDATA_reg[15]/C
Min Period        n/a     FDCE/C   n/a            1.000         10.000      9.000      SLICE_X9Y42     PRDATA_reg[16]/C
Min Period        n/a     FDCE/C   n/a            1.000         10.000      9.000      SLICE_X8Y40     PRDATA_reg[17]/C
Low Pulse Width   Slow    FDCE/C   n/a            0.500         5.000       4.500      SLICE_X8Y40     PRDATA_reg[0]/C
Low Pulse Width   Fast    FDCE/C   n/a            0.500         5.000       4.500      SLICE_X8Y40     PRDATA_reg[0]/C
Low Pulse Width   Slow    FDCE/C   n/a            0.500         5.000       4.500      SLICE_X8Y40     PRDATA_reg[10]/C
Low Pulse Width   Fast    FDCE/C   n/a            0.500         5.000       4.500      SLICE_X8Y40     PRDATA_reg[10]/C
Low Pulse Width   Slow    FDCE/C   n/a            0.500         5.000       4.500      SLICE_X8Y40     PRDATA_reg[11]/C
Low Pulse Width   Fast    FDCE/C   n/a            0.500         5.000       4.500      SLICE_X8Y40     PRDATA_reg[11]/C
Low Pulse Width   Slow    FDCE/C   n/a            0.500         5.000       4.500      SLICE_X6Y41     PRDATA_reg[12]/C
Low Pulse Width   Fast    FDCE/C   n/a            0.500         5.000       4.500      SLICE_X6Y41     PRDATA_reg[12]/C
Low Pulse Width   Slow    FDCE/C   n/a            0.500         5.000       4.500      SLICE_X6Y43     PRDATA_reg[13]/C
Low Pulse Width   Fast    FDCE/C   n/a            0.500         5.000       4.500      SLICE_X6Y43     PRDATA_reg[13]/C
High Pulse Width  Slow    FDCE/C   n/a            0.500         5.000       4.500      SLICE_X8Y40     PRDATA_reg[0]/C
High Pulse Width  Fast    FDCE/C   n/a            0.500         5.000       4.500      SLICE_X8Y40     PRDATA_reg[0]/C
High Pulse Width  Slow    FDCE/C   n/a            0.500         5.000       4.500      SLICE_X8Y40     PRDATA_reg[10]/C
High Pulse Width  Fast    FDCE/C   n/a            0.500         5.000       4.500      SLICE_X8Y40     PRDATA_reg[10]/C
High Pulse Width  Slow    FDCE/C   n/a            0.500         5.000       4.500      SLICE_X8Y40     PRDATA_reg[11]/C
High Pulse Width  Fast    FDCE/C   n/a            0.500         5.000       4.500      SLICE_X8Y40     PRDATA_reg[11]/C
High Pulse Width  Slow    FDCE/C   n/a            0.500         5.000       4.500      SLICE_X6Y41     PRDATA_reg[12]/C
High Pulse Width  Fast    FDCE/C   n/a            0.500         5.000       4.500      SLICE_X6Y41     PRDATA_reg[12]/C
High Pulse Width  Slow    FDCE/C   n/a            0.500         5.000       4.500      SLICE_X6Y43     PRDATA_reg[13]/C
High Pulse Width  Fast    FDCE/C   n/a            0.500         5.000       4.500      SLICE_X6Y43     PRDATA_reg[13]/C



---------------------------------------------------------------------------------------------------
Path Group:  **default**
From Clock:  input port clock
  To Clock:  

Setup :            0  Failing Endpoints,  Worst Slack        0.345ns,  Total Violation        0.000ns
Hold  :           NA  Failing Endpoints,  Worst Slack           NA  ,  Total Violation           NA
---------------------------------------------------------------------------------------------------


Max Delay Paths
--------------------------------------------------------------------------------------
Slack (MET) :             0.345ns  (required time - arrival time)
  Source:                 VOLTAGE_GLITCH_DETECT
                            (input port)
  Destination:            SIG_CRYPT_HARD_RESET
  Path Group:             **default**
  Path Type:              Max at Slow Process Corner
  Requirement:            9.500ns  (MaxDelay Path 9.500ns)
  Data Path Delay:        9.155ns  (logic 5.249ns (57.337%)  route 3.906ns (42.663%))
  Logic Levels:           3  (IBUF=1 LUT2=1 OBUF=1)
  Output Delay:           0.000ns
  Timing Exception:       MaxDelay Path 9.500ns -datapath_only

    Location             Delay type                Incr(ns)  Path(ns)    Netlist Resource(s)
  -------------------------------------------------------------------    -------------------
    H14                                               0.000     0.000 r  VOLTAGE_GLITCH_DETECT
                         net (fo=0)                   0.000     0.000    VOLTAGE_GLITCH_DETECT
    H14                  IBUF (Prop_ibuf_I_O)         1.589     1.589 r  VOLTAGE_GLITCH_DETECT_IBUF_inst/O
                         net (fo=3, routed)           2.244     3.833    VOLTAGE_GLITCH_DETECT_IBUF
    SLICE_X3Y12          LUT2 (Prop_lut2_I1_O)        0.124     3.957 r  SIG_CRYPT_HARD_RESET_OBUF_inst_i_1/O
                         net (fo=1, routed)           1.662     5.619    SIG_CRYPT_HARD_RESET_OBUF
    T11                  OBUF (Prop_obuf_I_O)         3.536     9.155 r  SIG_CRYPT_HARD_RESET_OBUF_inst/O
                         net (fo=0)                   0.000     9.155    SIG_CRYPT_HARD_RESET
    T11                                                               r  SIG_CRYPT_HARD_RESET
  -------------------------------------------------------------------    -------------------

                         max delay                    9.500     9.500    <hidden>
                         output delay                -0.000     9.500    <hidden>
  -------------------------------------------------------------------
                         required time                          9.500    <hidden>
                         arrival time                          -9.155    <hidden>
  -------------------------------------------------------------------
                         slack                                  0.345    <hidden>





--------------------------------------------------------------------------------------
Path Group:  (none)
From Clock:  
  To Clock:  

Max Delay             0 Endpoints
Min Delay             1 Endpoint
--------------------------------------------------------------------------------------


Min Delay Paths
--------------------------------------------------------------------------------------
Slack:                    inf
  Source:                 VOLTAGE_GLITCH_DETECT
                            (input port)
  Destination:            SIG_CRYPT_HARD_RESET
                            (output port)
  Path Group:             (none)
  Path Type:              Min at Fast Process Corner
  Data Path Delay:        2.707ns  (logic 1.529ns (56.486%)  route 1.178ns (43.514%))
  Logic Levels:           3  (IBUF=1 LUT2=1 OBUF=1)
  Timing Exception:       False Path

    Location             Delay type                Incr(ns)  Path(ns)    Netlist Resource(s)
  -------------------------------------------------------------------    -------------------
    H14                                               0.000     0.000 r  VOLTAGE_GLITCH_DETECT
                         net (fo=0)                   0.000     0.000    VOLTAGE_GLITCH_DETECT
    H14                  IBUF (Prop_ibuf_I_O)         0.247     0.247 r  VOLTAGE_GLITCH_DETECT_IBUF_inst/O
                         net (fo=3, routed)           0.851     1.098    VOLTAGE_GLITCH_DETECT_IBUF
    SLICE_X3Y12          LUT2 (Prop_lut2_I1_O)        0.045     1.143 r  SIG_CRYPT_HARD_RESET_OBUF_inst_i_1/O
                         net (fo=1, routed)           0.327     1.470    SIG_CRYPT_HARD_RESET_OBUF
    T11                  OBUF (Prop_obuf_I_O)         1.237     2.707 r  SIG_CRYPT_HARD_RESET_OBUF_inst/O
                         net (fo=0)                   0.000     2.707    SIG_CRYPT_HARD_RESET
    T11                                                               r  SIG_CRYPT_HARD_RESET
  -------------------------------------------------------------------    -------------------





--------------------------------------------------------------------------------------
Path Group:  (none)
From Clock:  pclk
  To Clock:  

Max Delay            34 Endpoints
Min Delay            34 Endpoints
--------------------------------------------------------------------------------------


Max Delay Paths
--------------------------------------------------------------------------------------
Slack:                    inf
  Source:                 PSLVERR_reg/C
                            (rising edge-triggered cell FDCE clocked by pclk  {rise@0.000ns fall@5.000ns period=10.000ns})
  Destination:            PSLVERR
                            (output port)
  Path Group:             (none)
  Path Type:              Max at Slow Process Corner
  Data Path Delay:        6.907ns  (logic 4.017ns (58.161%)  route 2.890ns (41.839%))
  Logic Levels:           1  (OBUF=1)
  Clock Uncertainty:      0.025ns  ((TSJ^2 + TIJ^2)^1/2 + DJ) / 2 + PE
    Total System Jitter     (TSJ):    0.050ns
    Total Input Jitter      (TIJ):    0.000ns
    Discrete Jitter          (DJ):    0.000ns
    Phase Error              (PE):    0.000ns
  Timing Exception:       False Path

    Location             Delay type                Incr(ns)  Path(ns)    Netlist Resource(s)
  -------------------------------------------------------------------    -------------------
                         (clock pclk rise edge)       0.000     0.000 r  <hidden>
    F4                                                0.000     0.000 r  PCLK
                         net (fo=0)                   0.000     0.000    PCLK
    F4                   IBUF (Prop_ibuf_I_O)         1.590     1.590 r  PCLK_IBUF_inst/O
                         net (fo=1, routed)           1.967     3.557    PCLK_IBUF
    BUFGCTRL_X0Y16       BUFG (Prop_bufg_I_O)         0.096     3.653 r  PCLK_IBUF_BUFG_inst/O
                         net (fo=139, routed)         1.638     5.291    PCLK_IBUF_BUFG
    SLICE_X0Y40          FDCE                                         r  PSLVERR_reg/C
  -------------------------------------------------------------------    -------------------
    SLICE_X0Y40          FDCE (Prop_fdce_C_Q)         0.456     5.747 r  PSLVERR_reg/Q
                         net (fo=1, routed)           2.890     8.637    PSLVERR_OBUF
    V12                  OBUF (Prop_obuf_I_O)         3.561    12.198 r  PSLVERR_OBUF_inst/O
                         net (fo=0)                   0.000    12.198    PSLVERR
    V12                                                               r  PSLVERR
  -------------------------------------------------------------------    -------------------

Slack:                    inf
  Source:                 PRDATA_reg[1]/C
                            (rising edge-triggered cell FDCE clocked by pclk  {rise@0.000ns fall@5.000ns period=10.000ns})
  Destination:            PRDATA[1]
                            (output port)
  Path Group:             (none)
  Path Type:              Max at Slow Process Corner
  Data Path Delay:        6.650ns  (logic 4.051ns (60.919%)  route 2.599ns (39.081%))
  Logic Levels:           1  (OBUF=1)
  Clock Uncertainty:      0.025ns  ((TSJ^2 + TIJ^2)^1/2 + DJ) / 2 + PE
    Total System Jitter     (TSJ):    0.050ns
    Total Input Jitter      (TIJ):    0.000ns
    Discrete Jitter          (DJ):    0.000ns
    Phase Error              (PE):    0.000ns
  Timing Exception:       False Path

    Location             Delay type                Incr(ns)  Path(ns)    Netlist Resource(s)
  -------------------------------------------------------------------    -------------------
                         (clock pclk rise edge)       0.000     0.000 r  <hidden>
    F4                                                0.000     0.000 r  PCLK
                         net (fo=0)                   0.000     0.000    PCLK
    F4                   IBUF (Prop_ibuf_I_O)         1.590     1.590 r  PCLK_IBUF_inst/O
                         net (fo=1, routed)           1.967     3.557    PCLK_IBUF
    BUFGCTRL_X0Y16       BUFG (Prop_bufg_I_O)         0.096     3.653 r  PCLK_IBUF_BUFG_inst/O
                         net (fo=139, routed)         1.569     5.222    PCLK_IBUF_BUFG
    SLICE_X8Y39          FDCE                                         r  PRDATA_reg[1]/C
  -------------------------------------------------------------------    -------------------
    SLICE_X8Y39          FDCE (Prop_fdce_C_Q)         0.518     5.740 r  PRDATA_reg[1]/Q
                         net (fo=1, routed)           2.599     8.339    PRDATA_OBUF[1]
    T16                  OBUF (Prop_obuf_I_O)         3.533    11.872 r  PRDATA_OBUF[1]_inst/O
                         net (fo=0)                   0.000    11.872    PRDATA[1]
    T16                                                               r  PRDATA[1]
  -------------------------------------------------------------------    -------------------

Slack:                    inf
  Source:                 PRDATA_reg[4]/C
                            (rising edge-triggered cell FDCE clocked by pclk  {rise@0.000ns fall@5.000ns period=10.000ns})
  Destination:            PRDATA[4]
                            (output port)
  Path Group:             (none)
  Path Type:              Max at Slow Process Corner
  Data Path Delay:        6.637ns  (logic 4.055ns (61.101%)  route 2.582ns (38.899%))
  Logic Levels:           1  (OBUF=1)
  Clock Uncertainty:      0.025ns  ((TSJ^2 + TIJ^2)^1/2 + DJ) / 2 + PE
    Total System Jitter     (TSJ):    0.050ns
    Total Input Jitter      (TIJ):    0.000ns
    Discrete Jitter          (DJ):    0.000ns
    Phase Error              (PE):    0.000ns
  Timing Exception:       False Path

    Location             Delay type                Incr(ns)  Path(ns)    Netlist Resource(s)
  -------------------------------------------------------------------    -------------------
                         (clock pclk rise edge)       0.000     0.000 r  <hidden>
    F4                                                0.000     0.000 r  PCLK
                         net (fo=0)                   0.000     0.000    PCLK
    F4                   IBUF (Prop_ibuf_I_O)         1.590     1.590 r  PCLK_IBUF_inst/O
                         net (fo=1, routed)           1.967     3.557    PCLK_IBUF
    BUFGCTRL_X0Y16       BUFG (Prop_bufg_I_O)         0.096     3.653 r  PCLK_IBUF_BUFG_inst/O
                         net (fo=139, routed)         1.570     5.223    PCLK_IBUF_BUFG
    SLICE_X8Y42          FDCE                                         r  PRDATA_reg[4]/C
  -------------------------------------------------------------------    -------------------
    SLICE_X8Y42          FDCE (Prop_fdce_C_Q)         0.518     5.741 r  PRDATA_reg[4]/Q
                         net (fo=1, routed)           2.582     8.323    PRDATA_OBUF[4]
    T14                  OBUF (Prop_obuf_I_O)         3.537    11.860 r  PRDATA_OBUF[4]_inst/O
                         net (fo=0)                   0.000    11.860    PRDATA[4]
    T14                                                               r  PRDATA[4]
  -------------------------------------------------------------------    -------------------

Slack:                    inf
  Source:                 PRDATA_reg[7]/C
                            (rising edge-triggered cell FDCE clocked by pclk  {rise@0.000ns fall@5.000ns period=10.000ns})
  Destination:            PRDATA[7]
                            (output port)
  Path Group:             (none)
  Path Type:              Max at Slow Process Corner
  Data Path Delay:        6.592ns  (logic 4.047ns (61.392%)  route 2.545ns (38.608%))
  Logic Levels:           1  (OBUF=1)
  Clock Uncertainty:      0.025ns  ((TSJ^2 + TIJ^2)^1/2 + DJ) / 2 + PE
    Total System Jitter     (TSJ):    0.050ns
    Total Input Jitter      (TIJ):    0.000ns
    Discrete Jitter          (DJ):    0.000ns
    Phase Error              (PE):    0.000ns
  Timing Exception:       False Path

    Location             Delay type                Incr(ns)  Path(ns)    Netlist Resource(s)
  -------------------------------------------------------------------    -------------------
                         (clock pclk rise edge)       0.000     0.000 r  <hidden>
    F4                                                0.000     0.000 r  PCLK
                         net (fo=0)                   0.000     0.000    PCLK
    F4                   IBUF (Prop_ibuf_I_O)         1.590     1.590 r  PCLK_IBUF_inst/O
                         net (fo=1, routed)           1.967     3.557    PCLK_IBUF
    BUFGCTRL_X0Y16       BUFG (Prop_bufg_I_O)         0.096     3.653 r  PCLK_IBUF_BUFG_inst/O
                         net (fo=139, routed)         1.571     5.224    PCLK_IBUF_BUFG
    SLICE_X8Y43          FDCE                                         r  PRDATA_reg[7]/C
  -------------------------------------------------------------------    -------------------
    SLICE_X8Y43          FDCE (Prop_fdce_C_Q)         0.518     5.742 r  PRDATA_reg[7]/Q
                         net (fo=1, routed)           2.545     8.287    PRDATA_OBUF[7]
    R17                  OBUF (Prop_obuf_I_O)         3.529    11.816 r  PRDATA_OBUF[7]_inst/O
                         net (fo=0)                   0.000    11.816    PRDATA[7]
    R17                                                               r  PRDATA[7]
  -------------------------------------------------------------------    -------------------

Slack:                    inf
  Source:                 PRDATA_reg[2]/C
                            (rising edge-triggered cell FDCE clocked by pclk  {rise@0.000ns fall@5.000ns period=10.000ns})
  Destination:            PRDATA[2]
                            (output port)
  Path Group:             (none)
  Path Type:              Max at Slow Process Corner
  Data Path Delay:        6.581ns  (logic 3.987ns (60.587%)  route 2.594ns (39.413%))
  Logic Levels:           1  (OBUF=1)
  Clock Uncertainty:      0.025ns  ((TSJ^2 + TIJ^2)^1/2 + DJ) / 2 + PE
    Total System Jitter     (TSJ):    0.050ns
    Total Input Jitter      (TIJ):    0.000ns
    Discrete Jitter          (DJ):    0.000ns
    Phase Error              (PE):    0.000ns
  Timing Exception:       False Path

    Location             Delay type                Incr(ns)  Path(ns)    Netlist Resource(s)
  -------------------------------------------------------------------    -------------------
                         (clock pclk rise edge)       0.000     0.000 r  <hidden>
    F4                                                0.000     0.000 r  PCLK
                         net (fo=0)                   0.000     0.000    PCLK
    F4                   IBUF (Prop_ibuf_I_O)         1.590     1.590 r  PCLK_IBUF_inst/O
                         net (fo=1, routed)           1.967     3.557    PCLK_IBUF
    BUFGCTRL_X0Y16       BUFG (Prop_bufg_I_O)         0.096     3.653 r  PCLK_IBUF_BUFG_inst/O
                         net (fo=139, routed)         1.569     5.222    PCLK_IBUF_BUFG
    SLICE_X9Y40          FDCE                                         r  PRDATA_reg[2]/C
  -------------------------------------------------------------------    -------------------
    SLICE_X9Y40          FDCE (Prop_fdce_C_Q)         0.456     5.678 r  PRDATA_reg[2]/Q
                         net (fo=1, routed)           2.594     8.272    PRDATA_OBUF[2]
    R16                  OBUF (Prop_obuf_I_O)         3.531    11.803 r  PRDATA_OBUF[2]_inst/O
                         net (fo=0)                   0.000    11.803    PRDATA[2]
    R16                                                               r  PRDATA[2]
  -------------------------------------------------------------------    -------------------

Slack:                    inf
  Source:                 PREADY_reg/C
                            (rising edge-triggered cell FDCE clocked by pclk  {rise@0.000ns fall@5.000ns period=10.000ns})
  Destination:            PREADY
                            (output port)
  Path Group:             (none)
  Path Type:              Max at Slow Process Corner
  Data Path Delay:        6.500ns  (logic 4.020ns (61.846%)  route 2.480ns (38.154%))
  Logic Levels:           1  (OBUF=1)
  Clock Uncertainty:      0.025ns  ((TSJ^2 + TIJ^2)^1/2 + DJ) / 2 + PE
    Total System Jitter     (TSJ):    0.050ns
    Total Input Jitter      (TIJ):    0.000ns
    Discrete Jitter          (DJ):    0.000ns
    Phase Error              (PE):    0.000ns
  Timing Exception:       False Path

    Location             Delay type                Incr(ns)  Path(ns)    Netlist Resource(s)
  -------------------------------------------------------------------    -------------------
                         (clock pclk rise edge)       0.000     0.000 r  <hidden>
    F4                                                0.000     0.000 r  PCLK
                         net (fo=0)                   0.000     0.000    PCLK
    F4                   IBUF (Prop_ibuf_I_O)         1.590     1.590 r  PCLK_IBUF_inst/O
                         net (fo=1, routed)           1.967     3.557    PCLK_IBUF
    BUFGCTRL_X0Y16       BUFG (Prop_bufg_I_O)         0.096     3.653 r  PCLK_IBUF_BUFG_inst/O
                         net (fo=139, routed)         1.627     5.280    PCLK_IBUF_BUFG
    SLICE_X0Y29          FDCE                                         r  PREADY_reg/C
  -------------------------------------------------------------------    -------------------
    SLICE_X0Y29          FDCE (Prop_fdce_C_Q)         0.456     5.736 r  PREADY_reg/Q
                         net (fo=1, routed)           2.480     8.216    PREADY_OBUF
    U12                  OBUF (Prop_obuf_I_O)         3.564    11.780 r  PREADY_OBUF_inst/O
                         net (fo=0)                   0.000    11.780    PREADY
    U12                                                               r  PREADY
  -------------------------------------------------------------------    -------------------

Slack:                    inf
  Source:                 PRDATA_reg[6]/C
                            (rising edge-triggered cell FDCE clocked by pclk  {rise@0.000ns fall@5.000ns period=10.000ns})
  Destination:            PRDATA[6]
                            (output port)
  Path Group:             (none)
  Path Type:              Max at Slow Process Corner
  Data Path Delay:        6.492ns  (logic 4.036ns (62.164%)  route 2.456ns (37.836%))
  Logic Levels:           1  (OBUF=1)
  Clock Uncertainty:      0.025ns  ((TSJ^2 + TIJ^2)^1/2 + DJ) / 2 + PE
    Total System Jitter     (TSJ):    0.050ns
    Total Input Jitter      (TIJ):    0.000ns
    Discrete Jitter          (DJ):    0.000ns
    Phase Error              (PE):    0.000ns
  Timing Exception:       False Path

    Location             Delay type                Incr(ns)  Path(ns)    Netlist Resource(s)
  -------------------------------------------------------------------    -------------------
                         (clock pclk rise edge)       0.000     0.000 r  <hidden>
    F4                                                0.000     0.000 r  PCLK
                         net (fo=0)                   0.000     0.000    PCLK
    F4                   IBUF (Prop_ibuf_I_O)         1.590     1.590 r  PCLK_IBUF_inst/O
                         net (fo=1, routed)           1.967     3.557    PCLK_IBUF
    BUFGCTRL_X0Y16       BUFG (Prop_bufg_I_O)         0.096     3.653 r  PCLK_IBUF_BUFG_inst/O
                         net (fo=139, routed)         1.570     5.223    PCLK_IBUF_BUFG
    SLICE_X8Y42          FDCE                                         r  PRDATA_reg[6]/C
  -------------------------------------------------------------------    -------------------
    SLICE_X8Y42          FDCE (Prop_fdce_C_Q)         0.518     5.741 r  PRDATA_reg[6]/Q
                         net (fo=1, routed)           2.456     8.197    PRDATA_OBUF[6]
    P15                  OBUF (Prop_obuf_I_O)         3.518    11.715 r  PRDATA_OBUF[6]_inst/O
                         net (fo=0)                   0.000    11.715    PRDATA[6]
    P15                                                               r  PRDATA[6]
  -------------------------------------------------------------------    -------------------

Slack:                    inf
  Source:                 PRDATA_reg[3]/C
                            (rising edge-triggered cell FDCE clocked by pclk  {rise@0.000ns fall@5.000ns period=10.000ns})
  Destination:            PRDATA[3]
                            (output port)
  Path Group:             (none)
  Path Type:              Max at Slow Process Corner
  Data Path Delay:        6.422ns  (logic 4.054ns (63.126%)  route 2.368ns (36.874%))
  Logic Levels:           1  (OBUF=1)
  Clock Uncertainty:      0.025ns  ((TSJ^2 + TIJ^2)^1/2 + DJ) / 2 + PE
    Total System Jitter     (TSJ):    0.050ns
    Total Input Jitter      (TIJ):    0.000ns
    Discrete Jitter          (DJ):    0.000ns
    Phase Error              (PE):    0.000ns
  Timing Exception:       False Path

    Location             Delay type                Incr(ns)  Path(ns)    Netlist Resource(s)
  -------------------------------------------------------------------    -------------------
                         (clock pclk rise edge)       0.000     0.000 r  <hidden>
    F4                                                0.000     0.000 r  PCLK
                         net (fo=0)                   0.000     0.000    PCLK
    F4                   IBUF (Prop_ibuf_I_O)         1.590     1.590 r  PCLK_IBUF_inst/O
                         net (fo=1, routed)           1.967     3.557    PCLK_IBUF
    BUFGCTRL_X0Y16       BUFG (Prop_bufg_I_O)         0.096     3.653 r  PCLK_IBUF_BUFG_inst/O
                         net (fo=139, routed)         1.636     5.289    PCLK_IBUF_BUFG
    SLICE_X6Y41          FDCE                                         r  PRDATA_reg[3]/C
  -------------------------------------------------------------------    -------------------
    SLICE_X6Y41          FDCE (Prop_fdce_C_Q)         0.518     5.807 r  PRDATA_reg[3]/Q
                         net (fo=1, routed)           2.368     8.175    PRDATA_OBUF[3]
    T15                  OBUF (Prop_obuf_I_O)         3.536    11.712 r  PRDATA_OBUF[3]_inst/O
                         net (fo=0)                   0.000    11.712    PRDATA[3]
    T15                                                               r  PRDATA[3]
  -------------------------------------------------------------------    -------------------

Slack:                    inf
  Source:                 PRDATA_reg[0]/C
                            (rising edge-triggered cell FDCE clocked by pclk  {rise@0.000ns fall@5.000ns period=10.000ns})
  Destination:            PRDATA[0]
                            (output port)
  Path Group:             (none)
  Path Type:              Max at Slow Process Corner
  Data Path Delay:        6.413ns  (logic 4.065ns (63.391%)  route 2.348ns (36.609%))
  Logic Levels:           1  (OBUF=1)
  Clock Uncertainty:      0.025ns  ((TSJ^2 + TIJ^2)^1/2 + DJ) / 2 + PE
    Total System Jitter     (TSJ):    0.050ns
    Total Input Jitter      (TIJ):    0.000ns
    Discrete Jitter          (DJ):    0.000ns
    Phase Error              (PE):    0.000ns
  Timing Exception:       False Path

    Location             Delay type                Incr(ns)  Path(ns)    Netlist Resource(s)
  -------------------------------------------------------------------    -------------------
                         (clock pclk rise edge)       0.000     0.000 r  <hidden>
    F4                                                0.000     0.000 r  PCLK
                         net (fo=0)                   0.000     0.000    PCLK
    F4                   IBUF (Prop_ibuf_I_O)         1.590     1.590 r  PCLK_IBUF_inst/O
                         net (fo=1, routed)           1.967     3.557    PCLK_IBUF
    BUFGCTRL_X0Y16       BUFG (Prop_bufg_I_O)         0.096     3.653 r  PCLK_IBUF_BUFG_inst/O
                         net (fo=139, routed)         1.569     5.222    PCLK_IBUF_BUFG
    SLICE_X8Y40          FDCE                                         r  PRDATA_reg[0]/C
  -------------------------------------------------------------------    -------------------
    SLICE_X8Y40          FDCE (Prop_fdce_C_Q)         0.518     5.740 r  PRDATA_reg[0]/Q
                         net (fo=1, routed)           2.348     8.088    PRDATA_OBUF[0]
    V15                  OBUF (Prop_obuf_I_O)         3.547    11.635 r  PRDATA_OBUF[0]_inst/O
                         net (fo=0)                   0.000    11.635    PRDATA[0]
    V15                                                               r  PRDATA[0]
  -------------------------------------------------------------------    -------------------

Slack:                    inf
  Source:                 PRDATA_reg[5]/C
                            (rising edge-triggered cell FDCE clocked by pclk  {rise@0.000ns fall@5.000ns period=10.000ns})
  Destination:            PRDATA[5]
                            (output port)
  Path Group:             (none)
  Path Type:              Max at Slow Process Corner
  Data Path Delay:        6.324ns  (logic 4.042ns (63.912%)  route 2.282ns (36.088%))
  Logic Levels:           1  (OBUF=1)
  Clock Uncertainty:      0.025ns  ((TSJ^2 + TIJ^2)^1/2 + DJ) / 2 + PE
    Total System Jitter     (TSJ):    0.050ns
    Total Input Jitter      (TIJ):    0.000ns
    Discrete Jitter          (DJ):    0.000ns
    Phase Error              (PE):    0.000ns
  Timing Exception:       False Path

    Location             Delay type                Incr(ns)  Path(ns)    Netlist Resource(s)
  -------------------------------------------------------------------    -------------------
                         (clock pclk rise edge)       0.000     0.000 r  <hidden>
    F4                                                0.000     0.000 r  PCLK
                         net (fo=0)                   0.000     0.000    PCLK
    F4                   IBUF (Prop_ibuf_I_O)         1.590     1.590 r  PCLK_IBUF_inst/O
                         net (fo=1, routed)           1.967     3.557    PCLK_IBUF
    BUFGCTRL_X0Y16       BUFG (Prop_bufg_I_O)         0.096     3.653 r  PCLK_IBUF_BUFG_inst/O
                         net (fo=139, routed)         1.635     5.288    PCLK_IBUF_BUFG
    SLICE_X6Y39          FDCE                                         r  PRDATA_reg[5]/C
  -------------------------------------------------------------------    -------------------
    SLICE_X6Y39          FDCE (Prop_fdce_C_Q)         0.518     5.806 r  PRDATA_reg[5]/Q
                         net (fo=1, routed)           2.282     8.088    PRDATA_OBUF[5]
    R15                  OBUF (Prop_obuf_I_O)         3.524    11.612 r  PRDATA_OBUF[5]_inst/O
                         net (fo=0)                   0.000    11.612    PRDATA[5]
    R15                                                               r  PRDATA[5]
  -------------------------------------------------------------------    -------------------





Min Delay Paths
--------------------------------------------------------------------------------------
Slack:                    inf
  Source:                 PRDATA_reg[31]/C
                            (rising edge-triggered cell FDCE clocked by pclk  {rise@0.000ns fall@5.000ns period=10.000ns})
  Destination:            PRDATA[31]
                            (output port)
  Path Group:             (none)
  Path Type:              Min at Fast Process Corner
  Data Path Delay:        1.813ns  (logic 1.408ns (77.654%)  route 0.405ns (22.346%))
  Logic Levels:           1  (OBUF=1)
  Clock Uncertainty:      0.025ns  ((TSJ^2 + TIJ^2)^1/2 + DJ) / 2 + PE
    Total System Jitter     (TSJ):    0.050ns
    Total Input Jitter      (TIJ):    0.000ns
    Discrete Jitter          (DJ):    0.000ns
    Phase Error              (PE):    0.000ns
  Timing Exception:       False Path

    Location             Delay type                Incr(ns)  Path(ns)    Netlist Resource(s)
  -------------------------------------------------------------------    -------------------
                         (clock pclk rise edge)       0.000     0.000 r  <hidden>
    F4                                                0.000     0.000 r  PCLK
                         net (fo=0)                   0.000     0.000    PCLK
    F4                   IBUF (Prop_ibuf_I_O)         0.248     0.248 r  PCLK_IBUF_inst/O
                         net (fo=1, routed)           0.631     0.879    PCLK_IBUF
    BUFGCTRL_X0Y16       BUFG (Prop_bufg_I_O)         0.026     0.905 r  PCLK_IBUF_BUFG_inst/O
                         net (fo=139, routed)         0.595     1.500    PCLK_IBUF_BUFG
    SLICE_X6Y45          FDCE                                         r  PRDATA_reg[31]/C
  -------------------------------------------------------------------    -------------------
    SLICE_X6Y45          FDCE (Prop_fdce_C_Q)         0.164     1.664 r  PRDATA_reg[31]/Q
                         net (fo=1, routed)           0.405     2.069    PRDATA_OBUF[31]
    R11                  OBUF (Prop_obuf_I_O)         1.244     3.313 r  PRDATA_OBUF[31]_inst/O
                         net (fo=0)                   0.000     3.313    PRDATA[31]
    R11                                                               r  PRDATA[31]
  -------------------------------------------------------------------    -------------------

Slack:                    inf
  Source:                 PRDATA_reg[23]/C
                            (rising edge-triggered cell FDCE clocked by pclk  {rise@0.000ns fall@5.000ns period=10.000ns})
  Destination:            PRDATA[23]
                            (output port)
  Path Group:             (none)
  Path Type:              Min at Fast Process Corner
  Data Path Delay:        1.846ns  (logic 1.376ns (74.538%)  route 0.470ns (25.462%))
  Logic Levels:           1  (OBUF=1)
  Clock Uncertainty:      0.025ns  ((TSJ^2 + TIJ^2)^1/2 + DJ) / 2 + PE
    Total System Jitter     (TSJ):    0.050ns
    Total Input Jitter      (TIJ):    0.000ns
    Discrete Jitter          (DJ):    0.000ns
    Phase Error              (PE):    0.000ns
  Timing Exception:       False Path

    Location             Delay type                Incr(ns)  Path(ns)    Netlist Resource(s)
  -------------------------------------------------------------------    -------------------
                         (clock pclk rise edge)       0.000     0.000 r  <hidden>
    F4                                                0.000     0.000 r  PCLK
                         net (fo=0)                   0.000     0.000    PCLK
    F4                   IBUF (Prop_ibuf_I_O)         0.248     0.248 r  PCLK_IBUF_inst/O
                         net (fo=1, routed)           0.631     0.879    PCLK_IBUF
    BUFGCTRL_X0Y16       BUFG (Prop_bufg_I_O)         0.026     0.905 r  PCLK_IBUF_BUFG_inst/O
                         net (fo=139, routed)         0.567     1.472    PCLK_IBUF_BUFG
    SLICE_X9Y42          FDCE                                         r  PRDATA_reg[23]/C
  -------------------------------------------------------------------    -------------------
    SLICE_X9Y42          FDCE (Prop_fdce_C_Q)         0.141     1.613 r  PRDATA_reg[23]/Q
                         net (fo=1, routed)           0.470     2.083    PRDATA_OBUF[23]
    M18                  OBUF (Prop_obuf_I_O)         1.235     3.317 r  PRDATA_OBUF[23]_inst/O
                         net (fo=0)                   0.000     3.317    PRDATA[23]
    M18                                                               r  PRDATA[23]
  -------------------------------------------------------------------    -------------------

Slack:                    inf
  Source:                 PRDATA_reg[22]/C
                            (rising edge-triggered cell FDCE clocked by pclk  {rise@0.000ns fall@5.000ns period=10.000ns})
  Destination:            PRDATA[22]
                            (output port)
  Path Group:             (none)
  Path Type:              Min at Fast Process Corner
  Data Path Delay:        1.860ns  (logic 1.382ns (74.298%)  route 0.478ns (25.702%))
  Logic Levels:           1  (OBUF=1)
  Clock Uncertainty:      0.025ns  ((TSJ^2 + TIJ^2)^1/2 + DJ) / 2 + PE
    Total System Jitter     (TSJ):    0.050ns
    Total Input Jitter      (TIJ):    0.000ns
    Discrete Jitter          (DJ):    0.000ns
    Phase Error              (PE):    0.000ns
  Timing Exception:       False Path

    Location             Delay type                Incr(ns)  Path(ns)    Netlist Resource(s)
  -------------------------------------------------------------------    -------------------
                         (clock pclk rise edge)       0.000     0.000 r  <hidden>
    F4                                                0.000     0.000 r  PCLK
                         net (fo=0)                   0.000     0.000    PCLK
    F4                   IBUF (Prop_ibuf_I_O)         0.248     0.248 r  PCLK_IBUF_inst/O
                         net (fo=1, routed)           0.631     0.879    PCLK_IBUF
    BUFGCTRL_X0Y16       BUFG (Prop_bufg_I_O)         0.026     0.905 r  PCLK_IBUF_BUFG_inst/O
                         net (fo=139, routed)         0.567     1.472    PCLK_IBUF_BUFG
    SLICE_X9Y40          FDCE                                         r  PRDATA_reg[22]/C
  -------------------------------------------------------------------    -------------------
    SLICE_X9Y40          FDCE (Prop_fdce_C_Q)         0.141     1.613 r  PRDATA_reg[22]/Q
                         net (fo=1, routed)           0.478     2.091    PRDATA_OBUF[22]
    R12                  OBUF (Prop_obuf_I_O)         1.241     3.332 r  PRDATA_OBUF[22]_inst/O
                         net (fo=0)                   0.000     3.332    PRDATA[22]
    R12                                                               r  PRDATA[22]
  -------------------------------------------------------------------    -------------------

Slack:                    inf
  Source:                 PRDATA_reg[27]/C
                            (rising edge-triggered cell FDCE clocked by pclk  {rise@0.000ns fall@5.000ns period=10.000ns})
  Destination:            PRDATA[27]
                            (output port)
  Path Group:             (none)
  Path Type:              Min at Fast Process Corner
  Data Path Delay:        1.875ns  (logic 1.397ns (74.504%)  route 0.478ns (25.496%))
  Logic Levels:           1  (OBUF=1)
  Clock Uncertainty:      0.025ns  ((TSJ^2 + TIJ^2)^1/2 + DJ) / 2 + PE
    Total System Jitter     (TSJ):    0.050ns
    Total Input Jitter      (TIJ):    0.000ns
    Discrete Jitter          (DJ):    0.000ns
    Phase Error              (PE):    0.000ns
  Timing Exception:       False Path

    Location             Delay type                Incr(ns)  Path(ns)    Netlist Resource(s)
  -------------------------------------------------------------------    -------------------
                         (clock pclk rise edge)       0.000     0.000 r  <hidden>
    F4                                                0.000     0.000 r  PCLK
                         net (fo=0)                   0.000     0.000    PCLK
    F4                   IBUF (Prop_ibuf_I_O)         0.248     0.248 r  PCLK_IBUF_inst/O
                         net (fo=1, routed)           0.631     0.879    PCLK_IBUF
    BUFGCTRL_X0Y16       BUFG (Prop_bufg_I_O)         0.026     0.905 r  PCLK_IBUF_BUFG_inst/O
                         net (fo=139, routed)         0.568     1.473    PCLK_IBUF_BUFG
    SLICE_X8Y45          FDCE                                         r  PRDATA_reg[27]/C
  -------------------------------------------------------------------    -------------------
    SLICE_X8Y45          FDCE (Prop_fdce_C_Q)         0.164     1.637 r  PRDATA_reg[27]/Q
                         net (fo=1, routed)           0.478     2.115    PRDATA_OBUF[27]
    M14                  OBUF (Prop_obuf_I_O)         1.233     3.348 r  PRDATA_OBUF[27]_inst/O
                         net (fo=0)                   0.000     3.348    PRDATA[27]
    M14                                                               r  PRDATA[27]
  -------------------------------------------------------------------    -------------------

Slack:                    inf
  Source:                 PRDATA_reg[24]/C
                            (rising edge-triggered cell FDCE clocked by pclk  {rise@0.000ns fall@5.000ns period=10.000ns})
  Destination:            PRDATA[24]
                            (output port)
  Path Group:             (none)
  Path Type:              Min at Fast Process Corner
  Data Path Delay:        1.879ns  (logic 1.403ns (74.666%)  route 0.476ns (25.334%))
  Logic Levels:           1  (OBUF=1)
  Clock Uncertainty:      0.025ns  ((TSJ^2 + TIJ^2)^1/2 + DJ) / 2 + PE
    Total System Jitter     (TSJ):    0.050ns
    Total Input Jitter      (TIJ):    0.000ns
    Discrete Jitter          (DJ):    0.000ns
    Phase Error              (PE):    0.000ns
  Timing Exception:       False Path

    Location             Delay type                Incr(ns)  Path(ns)    Netlist Resource(s)
  -------------------------------------------------------------------    -------------------
                         (clock pclk rise edge)       0.000     0.000 r  <hidden>
    F4                                                0.000     0.000 r  PCLK
                         net (fo=0)                   0.000     0.000    PCLK
    F4                   IBUF (Prop_ibuf_I_O)         0.248     0.248 r  PCLK_IBUF_inst/O
                         net (fo=1, routed)           0.631     0.879    PCLK_IBUF
    BUFGCTRL_X0Y16       BUFG (Prop_bufg_I_O)         0.026     0.905 r  PCLK_IBUF_BUFG_inst/O
                         net (fo=139, routed)         0.567     1.472    PCLK_IBUF_BUFG
    SLICE_X8Y41          FDCE                                         r  PRDATA_reg[24]/C
  -------------------------------------------------------------------    -------------------
    SLICE_X8Y41          FDCE (Prop_fdce_C_Q)         0.164     1.636 r  PRDATA_reg[24]/Q
                         net (fo=1, routed)           0.476     2.112    PRDATA_OBUF[24]
    L18                  OBUF (Prop_obuf_I_O)         1.239     3.351 r  PRDATA_OBUF[24]_inst/O
                         net (fo=0)                   0.000     3.351    PRDATA[24]
    L18                                                               r  PRDATA[24]
  -------------------------------------------------------------------    -------------------

Slack:                    inf
  Source:                 PRDATA_reg[28]/C
                            (rising edge-triggered cell FDCE clocked by pclk  {rise@0.000ns fall@5.000ns period=10.000ns})
  Destination:            PRDATA[28]
                            (output port)
  Path Group:             (none)
  Path Type:              Min at Fast Process Corner
  Data Path Delay:        1.880ns  (logic 1.404ns (74.678%)  route 0.476ns (25.322%))
  Logic Levels:           1  (OBUF=1)
  Clock Uncertainty:      0.025ns  ((TSJ^2 + TIJ^2)^1/2 + DJ) / 2 + PE
    Total System Jitter     (TSJ):    0.050ns
    Total Input Jitter      (TIJ):    0.000ns
    Discrete Jitter          (DJ):    0.000ns
    Phase Error              (PE):    0.000ns
  Timing Exception:       False Path

    Location             Delay type                Incr(ns)  Path(ns)    Netlist Resource(s)
  -------------------------------------------------------------------    -------------------
                         (clock pclk rise edge)       0.000     0.000 r  <hidden>
    F4                                                0.000     0.000 r  PCLK
                         net (fo=0)                   0.000     0.000    PCLK
    F4                   IBUF (Prop_ibuf_I_O)         0.248     0.248 r  PCLK_IBUF_inst/O
                         net (fo=1, routed)           0.631     0.879    PCLK_IBUF
    BUFGCTRL_X0Y16       BUFG (Prop_bufg_I_O)         0.026     0.905 r  PCLK_IBUF_BUFG_inst/O
                         net (fo=139, routed)         0.568     1.473    PCLK_IBUF_BUFG
    SLICE_X8Y45          FDCE                                         r  PRDATA_reg[28]/C
  -------------------------------------------------------------------    -------------------
    SLICE_X8Y45          FDCE (Prop_fdce_C_Q)         0.164     1.637 r  PRDATA_reg[28]/Q
                         net (fo=1, routed)           0.476     2.113    PRDATA_OBUF[28]
    L14                  OBUF (Prop_obuf_I_O)         1.240     3.353 r  PRDATA_OBUF[28]_inst/O
                         net (fo=0)                   0.000     3.353    PRDATA[28]
    L14                                                               r  PRDATA[28]
  -------------------------------------------------------------------    -------------------

Slack:                    inf
  Source:                 PRDATA_reg[21]/C
                            (rising edge-triggered cell FDCE clocked by pclk  {rise@0.000ns fall@5.000ns period=10.000ns})
  Destination:            PRDATA[21]
                            (output port)
  Path Group:             (none)
  Path Type:              Min at Fast Process Corner
  Data Path Delay:        1.882ns  (logic 1.405ns (74.635%)  route 0.477ns (25.365%))
  Logic Levels:           1  (OBUF=1)
  Clock Uncertainty:      0.025ns  ((TSJ^2 + TIJ^2)^1/2 + DJ) / 2 + PE
    Total System Jitter     (TSJ):    0.050ns
    Total Input Jitter      (TIJ):    0.000ns
    Discrete Jitter          (DJ):    0.000ns
    Phase Error              (PE):    0.000ns
  Timing Exception:       False Path

    Location             Delay type                Incr(ns)  Path(ns)    Netlist Resource(s)
  -------------------------------------------------------------------    -------------------
                         (clock pclk rise edge)       0.000     0.000 r  <hidden>
    F4                                                0.000     0.000 r  PCLK
                         net (fo=0)                   0.000     0.000    PCLK
    F4                   IBUF (Prop_ibuf_I_O)         0.248     0.248 r  PCLK_IBUF_inst/O
                         net (fo=1, routed)           0.631     0.879    PCLK_IBUF
    BUFGCTRL_X0Y16       BUFG (Prop_bufg_I_O)         0.026     0.905 r  PCLK_IBUF_BUFG_inst/O
                         net (fo=139, routed)         0.566     1.471    PCLK_IBUF_BUFG
    SLICE_X8Y39          FDCE                                         r  PRDATA_reg[21]/C
  -------------------------------------------------------------------    -------------------
    SLICE_X8Y39          FDCE (Prop_fdce_C_Q)         0.164     1.635 r  PRDATA_reg[21]/Q
                         net (fo=1, routed)           0.477     2.112    PRDATA_OBUF[21]
    R13                  OBUF (Prop_obuf_I_O)         1.241     3.353 r  PRDATA_OBUF[21]_inst/O
                         net (fo=0)                   0.000     3.353    PRDATA[21]
    R13                                                               r  PRDATA[21]
  -------------------------------------------------------------------    -------------------

Slack:                    inf
  Source:                 PRDATA_reg[25]/C
                            (rising edge-triggered cell FDCE clocked by pclk  {rise@0.000ns fall@5.000ns period=10.000ns})
  Destination:            PRDATA[25]
                            (output port)
  Path Group:             (none)
  Path Type:              Min at Fast Process Corner
  Data Path Delay:        1.881ns  (logic 1.404ns (74.636%)  route 0.477ns (25.364%))
  Logic Levels:           1  (OBUF=1)
  Clock Uncertainty:      0.025ns  ((TSJ^2 + TIJ^2)^1/2 + DJ) / 2 + PE
    Total System Jitter     (TSJ):    0.050ns
    Total Input Jitter      (TIJ):    0.000ns
    Discrete Jitter          (DJ):    0.000ns
    Phase Error              (PE):    0.000ns
  Timing Exception:       False Path

    Location             Delay type                Incr(ns)  Path(ns)    Netlist Resource(s)
  -------------------------------------------------------------------    -------------------
                         (clock pclk rise edge)       0.000     0.000 r  <hidden>
    F4                                                0.000     0.000 r  PCLK
                         net (fo=0)                   0.000     0.000    PCLK
    F4                   IBUF (Prop_ibuf_I_O)         0.248     0.248 r  PCLK_IBUF_inst/O
                         net (fo=1, routed)           0.631     0.879    PCLK_IBUF
    BUFGCTRL_X0Y16       BUFG (Prop_bufg_I_O)         0.026     0.905 r  PCLK_IBUF_BUFG_inst/O
                         net (fo=139, routed)         0.568     1.473    PCLK_IBUF_BUFG
    SLICE_X8Y43          FDCE                                         r  PRDATA_reg[25]/C
  -------------------------------------------------------------------    -------------------
    SLICE_X8Y43          FDCE (Prop_fdce_C_Q)         0.164     1.637 r  PRDATA_reg[25]/Q
                         net (fo=1, routed)           0.477     2.114    PRDATA_OBUF[25]
    L16                  OBUF (Prop_obuf_I_O)         1.240     3.354 r  PRDATA_OBUF[25]_inst/O
                         net (fo=0)                   0.000     3.354    PRDATA[25]
    L16                                                               r  PRDATA[25]
  -------------------------------------------------------------------    -------------------

Slack:                    inf
  Source:                 PRDATA_reg[20]/C
                            (rising edge-triggered cell FDCE clocked by pclk  {rise@0.000ns fall@5.000ns period=10.000ns})
  Destination:            PRDATA[20]
                            (output port)
  Path Group:             (none)
  Path Type:              Min at Fast Process Corner
  Data Path Delay:        1.895ns  (logic 1.390ns (73.366%)  route 0.505ns (26.633%))
  Logic Levels:           1  (OBUF=1)
  Clock Uncertainty:      0.025ns  ((TSJ^2 + TIJ^2)^1/2 + DJ) / 2 + PE
    Total System Jitter     (TSJ):    0.050ns
    Total Input Jitter      (TIJ):    0.000ns
    Discrete Jitter          (DJ):    0.000ns
    Phase Error              (PE):    0.000ns
  Timing Exception:       False Path

    Location             Delay type                Incr(ns)  Path(ns)    Netlist Resource(s)
  -------------------------------------------------------------------    -------------------
                         (clock pclk rise edge)       0.000     0.000 r  <hidden>
    F4                                                0.000     0.000 r  PCLK
                         net (fo=0)                   0.000     0.000    PCLK
    F4                   IBUF (Prop_ibuf_I_O)         0.248     0.248 r  PCLK_IBUF_inst/O
                         net (fo=1, routed)           0.631     0.879    PCLK_IBUF
    BUFGCTRL_X0Y16       BUFG (Prop_bufg_I_O)         0.026     0.905 r  PCLK_IBUF_BUFG_inst/O
                         net (fo=139, routed)         0.567     1.472    PCLK_IBUF_BUFG
    SLICE_X8Y41          FDCE                                         r  PRDATA_reg[20]/C
  -------------------------------------------------------------------    -------------------
    SLICE_X8Y41          FDCE (Prop_fdce_C_Q)         0.164     1.636 r  PRDATA_reg[20]/Q
                         net (fo=1, routed)           0.505     2.140    PRDATA_OBUF[20]
    L13                  OBUF (Prop_obuf_I_O)         1.226     3.367 r  PRDATA_OBUF[20]_inst/O
                         net (fo=0)                   0.000     3.367    PRDATA[20]
    L13                                                               r  PRDATA[20]
  -------------------------------------------------------------------    -------------------

Slack:                    inf
  Source:                 PRDATA_reg[12]/C
                            (rising edge-triggered cell FDCE clocked by pclk  {rise@0.000ns fall@5.000ns period=10.000ns})
  Destination:            PRDATA[12]
                            (output port)
  Path Group:             (none)
  Path Type:              Min at Fast Process Corner
  Data Path Delay:        1.873ns  (logic 1.383ns (73.808%)  route 0.491ns (26.192%))
  Logic Levels:           1  (OBUF=1)
  Clock Uncertainty:      0.025ns  ((TSJ^2 + TIJ^2)^1/2 + DJ) / 2 + PE
    Total System Jitter     (TSJ):    0.050ns
    Total Input Jitter      (TIJ):    0.000ns
    Discrete Jitter          (DJ):    0.000ns
    Phase Error              (PE):    0.000ns
  Timing Exception:       False Path

    Location             Delay type                Incr(ns)  Path(ns)    Netlist Resource(s)
  -------------------------------------------------------------------    -------------------
                         (clock pclk rise edge)       0.000     0.000 r  <hidden>
    F4                                                0.000     0.000 r  PCLK
                         net (fo=0)                   0.000     0.000    PCLK
    F4                   IBUF (Prop_ibuf_I_O)         0.248     0.248 r  PCLK_IBUF_inst/O
                         net (fo=1, routed)           0.631     0.879    PCLK_IBUF
    BUFGCTRL_X0Y16       BUFG (Prop_bufg_I_O)         0.026     0.905 r  PCLK_IBUF_BUFG_inst/O
                         net (fo=139, routed)         0.594     1.499    PCLK_IBUF_BUFG
    SLICE_X6Y41          FDCE                                         r  PRDATA_reg[12]/C
  -------------------------------------------------------------------    -------------------
    SLICE_X6Y41          FDCE (Prop_fdce_C_Q)         0.164     1.663 r  PRDATA_reg[12]/Q
                         net (fo=1, routed)           0.491     2.153    PRDATA_OBUF[12]
    M16                  OBUF (Prop_obuf_I_O)         1.219     3.372 r  PRDATA_OBUF[12]_inst/O
                         net (fo=0)                   0.000     3.372    PRDATA[12]
    M16                                                               r  PRDATA[12]
  -------------------------------------------------------------------    -------------------





--------------------------------------------------------------------------------------
Path Group:  (none)
From Clock:  
  To Clock:  pclk

Max Delay           238 Endpoints
Min Delay           238 Endpoints
--------------------------------------------------------------------------------------


Max Delay Paths
--------------------------------------------------------------------------------------
Slack:                    inf
  Source:                 PADDR[13]
                            (input port)
  Destination:            PRDATA_reg[1]/D
                            (rising edge-triggered cell FDCE clocked by pclk  {rise@0.000ns fall@5.000ns period=10.000ns})
  Path Group:             (none)
  Path Type:              Setup (Max at Slow Process Corner)
  Data Path Delay:        7.573ns  (logic 1.970ns (26.016%)  route 5.603ns (73.984%))
  Logic Levels:           4  (IBUF=1 LUT4=1 LUT6=2)
  Clock Path Skew:        4.814ns (DCD - SCD + CPR)
    Destination Clock Delay (DCD):    4.814ns
    Source Clock Delay      (SCD):    0.000ns
    Clock Pessimism Removal (CPR):    0.000ns
  Clock Uncertainty:      0.025ns  ((TSJ^2 + TIJ^2)^1/2 + DJ) / 2 + PE
    Total System Jitter     (TSJ):    0.050ns
    Total Input Jitter      (TIJ):    0.000ns
    Discrete Jitter          (DJ):    0.000ns
    Phase Error              (PE):    0.000ns
  Timing Exception:       False Path

    Location             Delay type                Incr(ns)  Path(ns)    Netlist Resource(s)
  -------------------------------------------------------------------    -------------------
    K15                                               0.000     0.000 f  PADDR[13]
                         net (fo=0)                   0.000     0.000    PADDR[13]
    K15                  IBUF (Prop_ibuf_I_O)         1.598     1.598 f  PADDR_IBUF[13]_inst/O
                         net (fo=1, routed)           2.253     3.851    u_reio_crypt/PADDR_IBUF[13]
    SLICE_X0Y17          LUT4 (Prop_lut4_I1_O)        0.124     3.975 f  u_reio_crypt/start_zkp_internal_i_4/O
                         net (fo=1, routed)           1.378     5.353    u_reio_crypt/start_zkp_internal_i_4_n_0
    SLICE_X0Y43          LUT6 (Prop_lut6_I0_O)        0.124     5.477 r  u_reio_crypt/start_zkp_internal_i_2/O
                         net (fo=33, routed)          1.972     7.449    u_reio_crypt/start_zkp_internal_i_9_0
    SLICE_X8Y39          LUT6 (Prop_lut6_I3_O)        0.124     7.573 r  u_reio_crypt/PRDATA[1]_i_1/O
                         net (fo=1, routed)           0.000     7.573    u_reio_crypt_n_31
    SLICE_X8Y39          FDCE                                         r  PRDATA_reg[1]/D
  -------------------------------------------------------------------    -------------------

                         (clock pclk rise edge)       0.000     0.000 r  <hidden>
    F4                                                0.000     0.000 r  PCLK
                         net (fo=0)                   0.000     0.000    PCLK
    F4                   IBUF (Prop_ibuf_I_O)         1.410     1.410 r  PCLK_IBUF_inst/O
                         net (fo=1, routed)           1.862     3.272    PCLK_IBUF
    BUFGCTRL_X0Y16       BUFG (Prop_bufg_I_O)         0.091     3.363 r  PCLK_IBUF_BUFG_inst/O
                         net (fo=139, routed)         1.451     4.814    PCLK_IBUF_BUFG
    SLICE_X8Y39          FDCE                                         r  PRDATA_reg[1]/C

Slack:                    inf
  Source:                 PADDR[13]
                            (input port)
  Destination:            PRDATA_reg[2]/D
                            (rising edge-triggered cell FDCE clocked by pclk  {rise@0.000ns fall@5.000ns period=10.000ns})
  Path Group:             (none)
  Path Type:              Setup (Max at Slow Process Corner)
  Data Path Delay:        7.424ns  (logic 1.970ns (26.539%)  route 5.454ns (73.461%))
  Logic Levels:           4  (IBUF=1 LUT4=1 LUT6=2)
  Clock Path Skew:        4.814ns (DCD - SCD + CPR)
    Destination Clock Delay (DCD):    4.814ns
    Source Clock Delay      (SCD):    0.000ns
    Clock Pessimism Removal (CPR):    0.000ns
  Clock Uncertainty:      0.025ns  ((TSJ^2 + TIJ^2)^1/2 + DJ) / 2 + PE
    Total System Jitter     (TSJ):    0.050ns
    Total Input Jitter      (TIJ):    0.000ns
    Discrete Jitter          (DJ):    0.000ns
    Phase Error              (PE):    0.000ns
  Timing Exception:       False Path

    Location             Delay type                Incr(ns)  Path(ns)    Netlist Resource(s)
  -------------------------------------------------------------------    -------------------
    K15                                               0.000     0.000 f  PADDR[13]
                         net (fo=0)                   0.000     0.000    PADDR[13]
    K15                  IBUF (Prop_ibuf_I_O)         1.598     1.598 f  PADDR_IBUF[13]_inst/O
                         net (fo=1, routed)           2.253     3.851    u_reio_crypt/PADDR_IBUF[13]
    SLICE_X0Y17          LUT4 (Prop_lut4_I1_O)        0.124     3.975 f  u_reio_crypt/start_zkp_internal_i_4/O
                         net (fo=1, routed)           1.378     5.353    u_reio_crypt/start_zkp_internal_i_4_n_0
    SLICE_X0Y43          LUT6 (Prop_lut6_I0_O)        0.124     5.477 r  u_reio_crypt/start_zkp_internal_i_2/O
                         net (fo=33, routed)          1.823     7.300    u_reio_crypt/start_zkp_internal_i_9_0
    SLICE_X9Y40          LUT6 (Prop_lut6_I3_O)        0.124     7.424 r  u_reio_crypt/PRDATA[2]_i_1/O
                         net (fo=1, routed)           0.000     7.424    u_reio_crypt_n_30
    SLICE_X9Y40          FDCE                                         r  PRDATA_reg[2]/D
  -------------------------------------------------------------------    -------------------

                         (clock pclk rise edge)       0.000     0.000 r  <hidden>
    F4                                                0.000     0.000 r  PCLK
                         net (fo=0)                   0.000     0.000    PCLK
    F4                   IBUF (Prop_ibuf_I_O)         1.410     1.410 r  PCLK_IBUF_inst/O
                         net (fo=1, routed)           1.862     3.272    PCLK_IBUF
    BUFGCTRL_X0Y16       BUFG (Prop_bufg_I_O)         0.091     3.363 r  PCLK_IBUF_BUFG_inst/O
                         net (fo=139, routed)         1.451     4.814    PCLK_IBUF_BUFG
    SLICE_X9Y40          FDCE                                         r  PRDATA_reg[2]/C

Slack:                    inf
  Source:                 PADDR[13]
                            (input port)
  Destination:            PRDATA_reg[30]/D
                            (rising edge-triggered cell FDCE clocked by pclk  {rise@0.000ns fall@5.000ns period=10.000ns})
  Path Group:             (none)
  Path Type:              Setup (Max at Slow Process Corner)
  Data Path Delay:        7.242ns  (logic 1.970ns (27.204%)  route 5.272ns (72.796%))
  Logic Levels:           4  (IBUF=1 LUT4=1 LUT6=2)
  Clock Path Skew:        4.816ns (DCD - SCD + CPR)
    Destination Clock Delay (DCD):    4.816ns
    Source Clock Delay      (SCD):    0.000ns
    Clock Pessimism Removal (CPR):    0.000ns
  Clock Uncertainty:      0.025ns  ((TSJ^2 + TIJ^2)^1/2 + DJ) / 2 + PE
    Total System Jitter     (TSJ):    0.050ns
    Total Input Jitter      (TIJ):    0.000ns
    Discrete Jitter          (DJ):    0.000ns
    Phase Error              (PE):    0.000ns
  Timing Exception:       False Path

    Location             Delay type                Incr(ns)  Path(ns)    Netlist Resource(s)
  -------------------------------------------------------------------    -------------------
    K15                                               0.000     0.000 f  PADDR[13]
                         net (fo=0)                   0.000     0.000    PADDR[13]
    K15                  IBUF (Prop_ibuf_I_O)         1.598     1.598 f  PADDR_IBUF[13]_inst/O
                         net (fo=1, routed)           2.253     3.851    u_reio_crypt/PADDR_IBUF[13]
    SLICE_X0Y17          LUT4 (Prop_lut4_I1_O)        0.124     3.975 f  u_reio_crypt/start_zkp_internal_i_4/O
                         net (fo=1, routed)           1.378     5.353    u_reio_crypt/start_zkp_internal_i_4_n_0
    SLICE_X0Y43          LUT6 (Prop_lut6_I0_O)        0.124     5.477 r  u_reio_crypt/start_zkp_internal_i_2/O
                         net (fo=33, routed)          1.641     7.118    u_reio_crypt/start_zkp_internal_i_9_0
    SLICE_X8Y45          LUT6 (Prop_lut6_I3_O)        0.124     7.242 r  u_reio_crypt/PRDATA[30]_i_1/O
                         net (fo=1, routed)           0.000     7.242    u_reio_crypt_n_2
    SLICE_X8Y45          FDCE                                         r  PRDATA_reg[30]/D
  -------------------------------------------------------------------    -------------------

                         (clock pclk rise edge)       0.000     0.000 r  <hidden>
    F4                                                0.000     0.000 r  PCLK
                         net (fo=0)                   0.000     0.000    PCLK
    F4                   IBUF (Prop_ibuf_I_O)         1.410     1.410 r  PCLK_IBUF_inst/O
                         net (fo=1, routed)           1.862     3.272    PCLK_IBUF
    BUFGCTRL_X0Y16       BUFG (Prop_bufg_I_O)         0.091     3.363 r  PCLK_IBUF_BUFG_inst/O
                         net (fo=139, routed)         1.453     4.816    PCLK_IBUF_BUFG
    SLICE_X8Y45          FDCE                                         r  PRDATA_reg[30]/C

Slack:                    inf
  Source:                 PADDR[13]
                            (input port)
  Destination:            PRDATA_reg[29]/D
                            (rising edge-triggered cell FDCE clocked by pclk  {rise@0.000ns fall@5.000ns period=10.000ns})
  Path Group:             (none)
  Path Type:              Setup (Max at Slow Process Corner)
  Data Path Delay:        7.228ns  (logic 1.970ns (27.257%)  route 5.258ns (72.743%))
  Logic Levels:           4  (IBUF=1 LUT4=1 LUT6=2)
  Clock Path Skew:        4.816ns (DCD - SCD + CPR)
    Destination Clock Delay (DCD):    4.816ns
    Source Clock Delay      (SCD):    0.000ns
    Clock Pessimism Removal (CPR):    0.000ns
  Clock Uncertainty:      0.025ns  ((TSJ^2 + TIJ^2)^1/2 + DJ) / 2 + PE
    Total System Jitter     (TSJ):    0.050ns
    Total Input Jitter      (TIJ):    0.000ns
    Discrete Jitter          (DJ):    0.000ns
    Phase Error              (PE):    0.000ns
  Timing Exception:       False Path

    Location             Delay type                Incr(ns)  Path(ns)    Netlist Resource(s)
  -------------------------------------------------------------------    -------------------
    K15                                               0.000     0.000 f  PADDR[13]
                         net (fo=0)                   0.000     0.000    PADDR[13]
    K15                  IBUF (Prop_ibuf_I_O)         1.598     1.598 f  PADDR_IBUF[13]_inst/O
                         net (fo=1, routed)           2.253     3.851    u_reio_crypt/PADDR_IBUF[13]
    SLICE_X0Y17          LUT4 (Prop_lut4_I1_O)        0.124     3.975 f  u_reio_crypt/start_zkp_internal_i_4/O
                         net (fo=1, routed)           1.378     5.353    u_reio_crypt/start_zkp_internal_i_4_n_0
    SLICE_X0Y43          LUT6 (Prop_lut6_I0_O)        0.124     5.477 r  u_reio_crypt/start_zkp_internal_i_2/O
                         net (fo=33, routed)          1.627     7.104    u_reio_crypt/start_zkp_internal_i_9_0
    SLICE_X8Y45          LUT6 (Prop_lut6_I3_O)        0.124     7.228 r  u_reio_crypt/PRDATA[29]_i_1/O
                         net (fo=1, routed)           0.000     7.228    u_reio_crypt_n_3
    SLICE_X8Y45          FDCE                                         r  PRDATA_reg[29]/D
  -------------------------------------------------------------------    -------------------

                         (clock pclk rise edge)       0.000     0.000 r  <hidden>
    F4                                                0.000     0.000 r  PCLK
                         net (fo=0)                   0.000     0.000    PCLK
    F4                   IBUF (Prop_ibuf_I_O)         1.410     1.410 r  PCLK_IBUF_inst/O
                         net (fo=1, routed)           1.862     3.272    PCLK_IBUF
    BUFGCTRL_X0Y16       BUFG (Prop_bufg_I_O)         0.091     3.363 r  PCLK_IBUF_BUFG_inst/O
                         net (fo=139, routed)         1.453     4.816    PCLK_IBUF_BUFG
    SLICE_X8Y45          FDCE                                         r  PRDATA_reg[29]/C

Slack:                    inf
  Source:                 PADDR[13]
                            (input port)
  Destination:            PRDATA_reg[20]/D
                            (rising edge-triggered cell FDCE clocked by pclk  {rise@0.000ns fall@5.000ns period=10.000ns})
  Path Group:             (none)
  Path Type:              Setup (Max at Slow Process Corner)
  Data Path Delay:        7.226ns  (logic 1.970ns (27.266%)  route 5.255ns (72.734%))
  Logic Levels:           4  (IBUF=1 LUT4=1 LUT6=2)
  Clock Path Skew:        4.815ns (DCD - SCD + CPR)
    Destination Clock Delay (DCD):    4.815ns
    Source Clock Delay      (SCD):    0.000ns
    Clock Pessimism Removal (CPR):    0.000ns
  Clock Uncertainty:      0.025ns  ((TSJ^2 + TIJ^2)^1/2 + DJ) / 2 + PE
    Total System Jitter     (TSJ):    0.050ns
    Total Input Jitter      (TIJ):    0.000ns
    Discrete Jitter          (DJ):    0.000ns
    Phase Error              (PE):    0.000ns
  Timing Exception:       False Path

    Location             Delay type                Incr(ns)  Path(ns)    Netlist Resource(s)
  -------------------------------------------------------------------    -------------------
    K15                                               0.000     0.000 f  PADDR[13]
                         net (fo=0)                   0.000     0.000    PADDR[13]
    K15                  IBUF (Prop_ibuf_I_O)         1.598     1.598 f  PADDR_IBUF[13]_inst/O
                         net (fo=1, routed)           2.253     3.851    u_reio_crypt/PADDR_IBUF[13]
    SLICE_X0Y17          LUT4 (Prop_lut4_I1_O)        0.124     3.975 f  u_reio_crypt/start_zkp_internal_i_4/O
                         net (fo=1, routed)           1.378     5.353    u_reio_crypt/start_zkp_internal_i_4_n_0
    SLICE_X0Y43          LUT6 (Prop_lut6_I0_O)        0.124     5.477 r  u_reio_crypt/start_zkp_internal_i_2/O
                         net (fo=33, routed)          1.625     7.102    u_reio_crypt/start_zkp_internal_i_9_0
    SLICE_X8Y41          LUT6 (Prop_lut6_I3_O)        0.124     7.226 r  u_reio_crypt/PRDATA[20]_i_1/O
                         net (fo=1, routed)           0.000     7.226    u_reio_crypt_n_12
    SLICE_X8Y41          FDCE                                         r  PRDATA_reg[20]/D
  -------------------------------------------------------------------    -------------------

                         (clock pclk rise edge)       0.000     0.000 r  <hidden>
    F4                                                0.000     0.000 r  PCLK
                         net (fo=0)                   0.000     0.000    PCLK
    F4                   IBUF (Prop_ibuf_I_O)         1.410     1.410 r  PCLK_IBUF_inst/O
                         net (fo=1, routed)           1.862     3.272    PCLK_IBUF
    BUFGCTRL_X0Y16       BUFG (Prop_bufg_I_O)         0.091     3.363 r  PCLK_IBUF_BUFG_inst/O
                         net (fo=139, routed)         1.452     4.815    PCLK_IBUF_BUFG
    SLICE_X8Y41          FDCE                                         r  PRDATA_reg[20]/C

Slack:                    inf
  Source:                 PADDR[13]
                            (input port)
  Destination:            PRDATA_reg[0]/D
                            (rising edge-triggered cell FDCE clocked by pclk  {rise@0.000ns fall@5.000ns period=10.000ns})
  Path Group:             (none)
  Path Type:              Setup (Max at Slow Process Corner)
  Data Path Delay:        7.221ns  (logic 1.970ns (27.285%)  route 5.251ns (72.715%))
  Logic Levels:           4  (IBUF=1 LUT4=1 LUT6=2)
  Clock Path Skew:        4.814ns (DCD - SCD + CPR)
    Destination Clock Delay (DCD):    4.814ns
    Source Clock Delay      (SCD):    0.000ns
    Clock Pessimism Removal (CPR):    0.000ns
  Clock Uncertainty:      0.025ns  ((TSJ^2 + TIJ^2)^1/2 + DJ) / 2 + PE
    Total System Jitter     (TSJ):    0.050ns
    Total Input Jitter      (TIJ):    0.000ns
    Discrete Jitter          (DJ):    0.000ns
    Phase Error              (PE):    0.000ns
  Timing Exception:       False Path

    Location             Delay type                Incr(ns)  Path(ns)    Netlist Resource(s)
  -------------------------------------------------------------------    -------------------
    K15                                               0.000     0.000 f  PADDR[13]
                         net (fo=0)                   0.000     0.000    PADDR[13]
    K15                  IBUF (Prop_ibuf_I_O)         1.598     1.598 f  PADDR_IBUF[13]_inst/O
                         net (fo=1, routed)           2.253     3.851    u_reio_crypt/PADDR_IBUF[13]
    SLICE_X0Y17          LUT4 (Prop_lut4_I1_O)        0.124     3.975 f  u_reio_crypt/start_zkp_internal_i_4/O
                         net (fo=1, routed)           1.378     5.353    u_reio_crypt/start_zkp_internal_i_4_n_0
    SLICE_X0Y43          LUT6 (Prop_lut6_I0_O)        0.124     5.477 r  u_reio_crypt/start_zkp_internal_i_2/O
                         net (fo=33, routed)          1.620     7.097    u_reio_crypt/start_zkp_internal_i_9_0
    SLICE_X8Y40          LUT6 (Prop_lut6_I3_O)        0.124     7.221 r  u_reio_crypt/PRDATA[0]_i_1/O
                         net (fo=1, routed)           0.000     7.221    u_reio_crypt_n_32
    SLICE_X8Y40          FDCE                                         r  PRDATA_reg[0]/D
  -------------------------------------------------------------------    -------------------

                         (clock pclk rise edge)       0.000     0.000 r  <hidden>
    F4                                                0.000     0.000 r  PCLK
                         net (fo=0)                   0.000     0.000    PCLK
    F4                   IBUF (Prop_ibuf_I_O)         1.410     1.410 r  PCLK_IBUF_inst/O
                         net (fo=1, routed)           1.862     3.272    PCLK_IBUF
    BUFGCTRL_X0Y16       BUFG (Prop_bufg_I_O)         0.091     3.363 r  PCLK_IBUF_BUFG_inst/O
                         net (fo=139, routed)         1.451     4.814    PCLK_IBUF_BUFG
    SLICE_X8Y40          FDCE                                         r  PRDATA_reg[0]/C

Slack:                    inf
  Source:                 PADDR[13]
                            (input port)
  Destination:            PRDATA_reg[10]/D
                            (rising edge-triggered cell FDCE clocked by pclk  {rise@0.000ns fall@5.000ns period=10.000ns})
  Path Group:             (none)
  Path Type:              Setup (Max at Slow Process Corner)
  Data Path Delay:        7.218ns  (logic 1.970ns (27.296%)  route 5.248ns (72.704%))
  Logic Levels:           4  (IBUF=1 LUT4=1 LUT6=2)
  Clock Path Skew:        4.814ns (DCD - SCD + CPR)
    Destination Clock Delay (DCD):    4.814ns
    Source Clock Delay      (SCD):    0.000ns
    Clock Pessimism Removal (CPR):    0.000ns
  Clock Uncertainty:      0.025ns  ((TSJ^2 + TIJ^2)^1/2 + DJ) / 2 + PE
    Total System Jitter     (TSJ):    0.050ns
    Total Input Jitter      (TIJ):    0.000ns
    Discrete Jitter          (DJ):    0.000ns
    Phase Error              (PE):    0.000ns
  Timing Exception:       False Path

    Location             Delay type                Incr(ns)  Path(ns)    Netlist Resource(s)
  -------------------------------------------------------------------    -------------------
    K15                                               0.000     0.000 f  PADDR[13]
                         net (fo=0)                   0.000     0.000    PADDR[13]
    K15                  IBUF (Prop_ibuf_I_O)         1.598     1.598 f  PADDR_IBUF[13]_inst/O
                         net (fo=1, routed)           2.253     3.851    u_reio_crypt/PADDR_IBUF[13]
    SLICE_X0Y17          LUT4 (Prop_lut4_I1_O)        0.124     3.975 f  u_reio_crypt/start_zkp_internal_i_4/O
                         net (fo=1, routed)           1.378     5.353    u_reio_crypt/start_zkp_internal_i_4_n_0
    SLICE_X0Y43          LUT6 (Prop_lut6_I0_O)        0.124     5.477 r  u_reio_crypt/start_zkp_internal_i_2/O
                         net (fo=33, routed)          1.617     7.094    u_reio_crypt/start_zkp_internal_i_9_0
    SLICE_X8Y40          LUT6 (Prop_lut6_I3_O)        0.124     7.218 r  u_reio_crypt/PRDATA[10]_i_1/O
                         net (fo=1, routed)           0.000     7.218    u_reio_crypt_n_22
    SLICE_X8Y40          FDCE                                         r  PRDATA_reg[10]/D
  -------------------------------------------------------------------    -------------------

                         (clock pclk rise edge)       0.000     0.000 r  <hidden>
    F4                                                0.000     0.000 r  PCLK
                         net (fo=0)                   0.000     0.000    PCLK
    F4                   IBUF (Prop_ibuf_I_O)         1.410     1.410 r  PCLK_IBUF_inst/O
                         net (fo=1, routed)           1.862     3.272    PCLK_IBUF
    BUFGCTRL_X0Y16       BUFG (Prop_bufg_I_O)         0.091     3.363 r  PCLK_IBUF_BUFG_inst/O
                         net (fo=139, routed)         1.451     4.814    PCLK_IBUF_BUFG
    SLICE_X8Y40          FDCE                                         r  PRDATA_reg[10]/C

Slack:                    inf
  Source:                 PADDR[13]
                            (input port)
  Destination:            PRDATA_reg[24]/D
                            (rising edge-triggered cell FDCE clocked by pclk  {rise@0.000ns fall@5.000ns period=10.000ns})
  Path Group:             (none)
  Path Type:              Setup (Max at Slow Process Corner)
  Data Path Delay:        7.218ns  (logic 1.970ns (27.296%)  route 5.247ns (72.704%))
  Logic Levels:           4  (IBUF=1 LUT4=1 LUT6=2)
  Clock Path Skew:        4.815ns (DCD - SCD + CPR)
    Destination Clock Delay (DCD):    4.815ns
    Source Clock Delay      (SCD):    0.000ns
    Clock Pessimism Removal (CPR):    0.000ns
  Clock Uncertainty:      0.025ns  ((TSJ^2 + TIJ^2)^1/2 + DJ) / 2 + PE
    Total System Jitter     (TSJ):    0.050ns
    Total Input Jitter      (TIJ):    0.000ns
    Discrete Jitter          (DJ):    0.000ns
    Phase Error              (PE):    0.000ns
  Timing Exception:       False Path

    Location             Delay type                Incr(ns)  Path(ns)    Netlist Resource(s)
  -------------------------------------------------------------------    -------------------
    K15                                               0.000     0.000 f  PADDR[13]
                         net (fo=0)                   0.000     0.000    PADDR[13]
    K15                  IBUF (Prop_ibuf_I_O)         1.598     1.598 f  PADDR_IBUF[13]_inst/O
                         net (fo=1, routed)           2.253     3.851    u_reio_crypt/PADDR_IBUF[13]
    SLICE_X0Y17          LUT4 (Prop_lut4_I1_O)        0.124     3.975 f  u_reio_crypt/start_zkp_internal_i_4/O
                         net (fo=1, routed)           1.378     5.353    u_reio_crypt/start_zkp_internal_i_4_n_0
    SLICE_X0Y43          LUT6 (Prop_lut6_I0_O)        0.124     5.477 r  u_reio_crypt/start_zkp_internal_i_2/O
                         net (fo=33, routed)          1.617     7.094    u_reio_crypt/start_zkp_internal_i_9_0
    SLICE_X8Y41          LUT6 (Prop_lut6_I3_O)        0.124     7.218 r  u_reio_crypt/PRDATA[24]_i_1/O
                         net (fo=1, routed)           0.000     7.218    u_reio_crypt_n_8
    SLICE_X8Y41          FDCE                                         r  PRDATA_reg[24]/D
  -------------------------------------------------------------------    -------------------

                         (clock pclk rise edge)       0.000     0.000 r  <hidden>
    F4                                                0.000     0.000 r  PCLK
                         net (fo=0)                   0.000     0.000    PCLK
    F4                   IBUF (Prop_ibuf_I_O)         1.410     1.410 r  PCLK_IBUF_inst/O
                         net (fo=1, routed)           1.862     3.272    PCLK_IBUF
    BUFGCTRL_X0Y16       BUFG (Prop_bufg_I_O)         0.091     3.363 r  PCLK_IBUF_BUFG_inst/O
                         net (fo=139, routed)         1.452     4.815    PCLK_IBUF_BUFG
    SLICE_X8Y41          FDCE                                         r  PRDATA_reg[24]/C

Slack:                    inf
  Source:                 PADDR[13]
                            (input port)
  Destination:            PRDATA_reg[22]/D
                            (rising edge-triggered cell FDCE clocked by pclk  {rise@0.000ns fall@5.000ns period=10.000ns})
  Path Group:             (none)
  Path Type:              Setup (Max at Slow Process Corner)
  Data Path Delay:        7.202ns  (logic 1.970ns (27.357%)  route 5.232ns (72.643%))
  Logic Levels:           4  (IBUF=1 LUT4=1 LUT6=2)
  Clock Path Skew:        4.814ns (DCD - SCD + CPR)
    Destination Clock Delay (DCD):    4.814ns
    Source Clock Delay      (SCD):    0.000ns
    Clock Pessimism Removal (CPR):    0.000ns
  Clock Uncertainty:      0.025ns  ((TSJ^2 + TIJ^2)^1/2 + DJ) / 2 + PE
    Total System Jitter     (TSJ):    0.050ns
    Total Input Jitter      (TIJ):    0.000ns
    Discrete Jitter          (DJ):    0.000ns
    Phase Error              (PE):    0.000ns
  Timing Exception:       False Path

    Location             Delay type                Incr(ns)  Path(ns)    Netlist Resource(s)
  -------------------------------------------------------------------    -------------------
    K15                                               0.000     0.000 f  PADDR[13]
                         net (fo=0)                   0.000     0.000    PADDR[13]
    K15                  IBUF (Prop_ibuf_I_O)         1.598     1.598 f  PADDR_IBUF[13]_inst/O
                         net (fo=1, routed)           2.253     3.851    u_reio_crypt/PADDR_IBUF[13]
    SLICE_X0Y17          LUT4 (Prop_lut4_I1_O)        0.124     3.975 f  u_reio_crypt/start_zkp_internal_i_4/O
                         net (fo=1, routed)           1.378     5.353    u_reio_crypt/start_zkp_internal_i_4_n_0
    SLICE_X0Y43          LUT6 (Prop_lut6_I0_O)        0.124     5.477 r  u_reio_crypt/start_zkp_internal_i_2/O
                         net (fo=33, routed)          1.601     7.078    u_reio_crypt/start_zkp_internal_i_9_0
    SLICE_X9Y40          LUT6 (Prop_lut6_I3_O)        0.124     7.202 r  u_reio_crypt/PRDATA[22]_i_1/O
                         net (fo=1, routed)           0.000     7.202    u_reio_crypt_n_10
    SLICE_X9Y40          FDCE                                         r  PRDATA_reg[22]/D
  -------------------------------------------------------------------    -------------------

                         (clock pclk rise edge)       0.000     0.000 r  <hidden>
    F4                                                0.000     0.000 r  PCLK
                         net (fo=0)                   0.000     0.000    PCLK
    F4                   IBUF (Prop_ibuf_I_O)         1.410     1.410 r  PCLK_IBUF_inst/O
                         net (fo=1, routed)           1.862     3.272    PCLK_IBUF
    BUFGCTRL_X0Y16       BUFG (Prop_bufg_I_O)         0.091     3.363 r  PCLK_IBUF_BUFG_inst/O
                         net (fo=139, routed)         1.451     4.814    PCLK_IBUF_BUFG
    SLICE_X9Y40          FDCE                                         r  PRDATA_reg[22]/C

Slack:                    inf
  Source:                 PADDR[13]
                            (input port)
  Destination:            PRDATA_reg[18]/D
                            (rising edge-triggered cell FDCE clocked by pclk  {rise@0.000ns fall@5.000ns period=10.000ns})
  Path Group:             (none)
  Path Type:              Setup (Max at Slow Process Corner)
  Data Path Delay:        7.178ns  (logic 1.970ns (27.446%)  route 5.208ns (72.554%))
  Logic Levels:           4  (IBUF=1 LUT4=1 LUT6=2)
  Clock Path Skew:        4.814ns (DCD - SCD + CPR)
    Destination Clock Delay (DCD):    4.814ns
    Source Clock Delay      (SCD):    0.000ns
    Clock Pessimism Removal (CPR):    0.000ns
  Clock Uncertainty:      0.025ns  ((TSJ^2 + TIJ^2)^1/2 + DJ) / 2 + PE
    Total System Jitter     (TSJ):    0.050ns
    Total Input Jitter      (TIJ):    0.000ns
    Discrete Jitter          (DJ):    0.000ns
    Phase Error              (PE):    0.000ns
  Timing Exception:       False Path

    Location             Delay type                Incr(ns)  Path(ns)    Netlist Resource(s)
  -------------------------------------------------------------------    -------------------
    K15                                               0.000     0.000 f  PADDR[13]
                         net (fo=0)                   0.000     0.000    PADDR[13]
    K15                  IBUF (Prop_ibuf_I_O)         1.598     1.598 f  PADDR_IBUF[13]_inst/O
                         net (fo=1, routed)           2.253     3.851    u_reio_crypt/PADDR_IBUF[13]
    SLICE_X0Y17          LUT4 (Prop_lut4_I1_O)        0.124     3.975 f  u_reio_crypt/start_zkp_internal_i_4/O
                         net (fo=1, routed)           1.378     5.353    u_reio_crypt/start_zkp_internal_i_4_n_0
    SLICE_X0Y43          LUT6 (Prop_lut6_I0_O)        0.124     5.477 r  u_reio_crypt/start_zkp_internal_i_2/O
                         net (fo=33, routed)          1.578     7.054    u_reio_crypt/start_zkp_internal_i_9_0
    SLICE_X8Y39          LUT6 (Prop_lut6_I3_O)        0.124     7.178 r  u_reio_crypt/PRDATA[18]_i_1/O
                         net (fo=1, routed)           0.000     7.178    u_reio_crypt_n_14
    SLICE_X8Y39          FDCE                                         r  PRDATA_reg[18]/D
  -------------------------------------------------------------------    -------------------

                         (clock pclk rise edge)       0.000     0.000 r  <hidden>
    F4                                                0.000     0.000 r  PCLK
                         net (fo=0)                   0.000     0.000    PCLK
    F4                   IBUF (Prop_ibuf_I_O)         1.410     1.410 r  PCLK_IBUF_inst/O
                         net (fo=1, routed)           1.862     3.272    PCLK_IBUF
    BUFGCTRL_X0Y16       BUFG (Prop_bufg_I_O)         0.091     3.363 r  PCLK_IBUF_BUFG_inst/O
                         net (fo=139, routed)         1.451     4.814    PCLK_IBUF_BUFG
    SLICE_X8Y39          FDCE                                         r  PRDATA_reg[18]/C





Min Delay Paths
--------------------------------------------------------------------------------------
Slack:                    inf
  Source:                 PSEL
                            (input port)
  Destination:            PREADY_reg/D
                            (rising edge-triggered cell FDCE clocked by pclk  {rise@0.000ns fall@5.000ns period=10.000ns})
  Path Group:             (none)
  Path Type:              Hold (Min at Fast Process Corner)
  Data Path Delay:        0.985ns  (logic 0.261ns (26.460%)  route 0.724ns (73.540%))
  Logic Levels:           1  (IBUF=1)
  Clock Path Skew:        2.006ns (DCD - SCD - CPR)
    Destination Clock Delay (DCD):    2.006ns
    Source Clock Delay      (SCD):    0.000ns
    Clock Pessimism Removal (CPR):    -0.000ns
  Timing Exception:       False Path

    Location             Delay type                Incr(ns)  Path(ns)    Netlist Resource(s)
  -------------------------------------------------------------------    -------------------
    V11                                               0.000     0.000 r  PSEL
                         net (fo=0)                   0.000     0.000    PSEL
    V11                  IBUF (Prop_ibuf_I_O)         0.261     0.261 r  PSEL_IBUF_inst/O
                         net (fo=35, routed)          0.724     0.985    PSEL_IBUF
    SLICE_X0Y29          FDCE                                         r  PREADY_reg/D
  -------------------------------------------------------------------    -------------------

                         (clock pclk rise edge)       0.000     0.000 r  <hidden>
    F4                                                0.000     0.000 r  PCLK
                         net (fo=0)                   0.000     0.000    PCLK
    F4                   IBUF (Prop_ibuf_I_O)         0.436     0.436 r  PCLK_IBUF_inst/O
                         net (fo=1, routed)           0.685     1.121    PCLK_IBUF
    BUFGCTRL_X0Y16       BUFG (Prop_bufg_I_O)         0.029     1.150 r  PCLK_IBUF_BUFG_inst/O
                         net (fo=139, routed)         0.857     2.006    PCLK_IBUF_BUFG
    SLICE_X0Y29          FDCE                                         r  PREADY_reg/C

Slack:                    inf
  Source:                 PRESETn
                            (input port)
  Destination:            PREADY_reg/CLR
                            (removal check against rising-edge clock pclk  {rise@0.000ns fall@5.000ns period=10.000ns})
  Path Group:             (none)
  Path Type:              Removal (Min at Fast Process Corner)
  Data Path Delay:        1.093ns  (logic 0.297ns (27.218%)  route 0.795ns (72.782%))
  Logic Levels:           2  (IBUF=1 LUT1=1)
  Clock Path Skew:        2.006ns (DCD - SCD - CPR)
    Destination Clock Delay (DCD):    2.006ns
    Source Clock Delay      (SCD):    0.000ns
    Clock Pessimism Removal (CPR):    -0.000ns
  Timing Exception:       False Path

    Location             Delay type                Incr(ns)  Path(ns)    Netlist Resource(s)
  -------------------------------------------------------------------    -------------------
    T10                                               0.000     0.000 r  PRESETn
                         net (fo=0)                   0.000     0.000    PRESETn
    T10                  IBUF (Prop_ibuf_I_O)         0.252     0.252 r  PRESETn_IBUF_inst/O
                         net (fo=1, routed)           0.605     0.858    u_reio_crypt/PRESETn_IBUF
    SLICE_X0Y29          LUT1 (Prop_lut1_I0_O)        0.045     0.903 f  u_reio_crypt/FSM_sequential_current_state[1]_i_2/O
                         net (fo=139, routed)         0.190     1.093    u_reio_crypt_n_0
    SLICE_X0Y29          FDCE                                         f  PREADY_reg/CLR
  -------------------------------------------------------------------    -------------------

                         (clock pclk rise edge)       0.000     0.000 r  <hidden>
    F4                                                0.000     0.000 r  PCLK
                         net (fo=0)                   0.000     0.000    PCLK
    F4                   IBUF (Prop_ibuf_I_O)         0.436     0.436 r  PCLK_IBUF_inst/O
                         net (fo=1, routed)           0.685     1.121    PCLK_IBUF
    BUFGCTRL_X0Y16       BUFG (Prop_bufg_I_O)         0.029     1.150 r  PCLK_IBUF_BUFG_inst/O
                         net (fo=139, routed)         0.857     2.006    PCLK_IBUF_BUFG
    SLICE_X0Y29          FDCE                                         r  PREADY_reg/C

Slack:                    inf
  Source:                 PWRITE
                            (input port)
  Destination:            PRDATA_reg[12]/D
                            (rising edge-triggered cell FDCE clocked by pclk  {rise@0.000ns fall@5.000ns period=10.000ns})
  Path Group:             (none)
  Path Type:              Hold (Min at Fast Process Corner)
  Data Path Delay:        1.109ns  (logic 0.307ns (27.701%)  route 0.801ns (72.299%))
  Logic Levels:           2  (IBUF=1 LUT6=1)
  Clock Path Skew:        2.014ns (DCD - SCD - CPR)
    Destination Clock Delay (DCD):    2.014ns
    Source Clock Delay      (SCD):    0.000ns
    Clock Pessimism Removal (CPR):    -0.000ns
  Timing Exception:       False Path

    Location             Delay type                Incr(ns)  Path(ns)    Netlist Resource(s)
  -------------------------------------------------------------------    -------------------
    V10                                               0.000     0.000 f  PWRITE
                         net (fo=0)                   0.000     0.000    PWRITE
    V10                  IBUF (Prop_ibuf_I_O)         0.262     0.262 f  PWRITE_IBUF_inst/O
                         net (fo=33, routed)          0.801     1.064    u_reio_crypt/PWRITE_IBUF
    SLICE_X6Y41          LUT6 (Prop_lut6_I0_O)        0.045     1.109 r  u_reio_crypt/PRDATA[12]_i_1/O
                         net (fo=1, routed)           0.000     1.109    u_reio_crypt_n_20
    SLICE_X6Y41          FDCE                                         r  PRDATA_reg[12]/D
  -------------------------------------------------------------------    -------------------

                         (clock pclk rise edge)       0.000     0.000 r  <hidden>
    F4                                                0.000     0.000 r  PCLK
                         net (fo=0)                   0.000     0.000    PCLK
    F4                   IBUF (Prop_ibuf_I_O)         0.436     0.436 r  PCLK_IBUF_inst/O
                         net (fo=1, routed)           0.685     1.121    PCLK_IBUF
    BUFGCTRL_X0Y16       BUFG (Prop_bufg_I_O)         0.029     1.150 r  PCLK_IBUF_BUFG_inst/O
                         net (fo=139, routed)         0.865     2.014    PCLK_IBUF_BUFG
    SLICE_X6Y41          FDCE                                         r  PRDATA_reg[12]/C

Slack:                    inf
  Source:                 PWRITE
                            (input port)
  Destination:            PRDATA_reg[5]/D
                            (rising edge-triggered cell FDCE clocked by pclk  {rise@0.000ns fall@5.000ns period=10.000ns})
  Path Group:             (none)
  Path Type:              Hold (Min at Fast Process Corner)
  Data Path Delay:        1.188ns  (logic 0.307ns (25.841%)  route 0.881ns (74.159%))
  Logic Levels:           2  (IBUF=1 LUT6=1)
  Clock Path Skew:        2.013ns (DCD - SCD - CPR)
    Destination Clock Delay (DCD):    2.013ns
    Source Clock Delay      (SCD):    0.000ns
    Clock Pessimism Removal (CPR):    -0.000ns
  Timing Exception:       False Path

    Location             Delay type                Incr(ns)  Path(ns)    Netlist Resource(s)
  -------------------------------------------------------------------    -------------------
    V10                                               0.000     0.000 f  PWRITE
                         net (fo=0)                   0.000     0.000    PWRITE
    V10                  IBUF (Prop_ibuf_I_O)         0.262     0.262 f  PWRITE_IBUF_inst/O
                         net (fo=33, routed)          0.881     1.143    u_reio_crypt/PWRITE_IBUF
    SLICE_X6Y39          LUT6 (Prop_lut6_I0_O)        0.045     1.188 r  u_reio_crypt/PRDATA[5]_i_1/O
                         net (fo=1, routed)           0.000     1.188    u_reio_crypt_n_27
    SLICE_X6Y39          FDCE                                         r  PRDATA_reg[5]/D
  -------------------------------------------------------------------    -------------------

                         (clock pclk rise edge)       0.000     0.000 r  <hidden>
    F4                                                0.000     0.000 r  PCLK
                         net (fo=0)                   0.000     0.000    PCLK
    F4                   IBUF (Prop_ibuf_I_O)         0.436     0.436 r  PCLK_IBUF_inst/O
                         net (fo=1, routed)           0.685     1.121    PCLK_IBUF
    BUFGCTRL_X0Y16       BUFG (Prop_bufg_I_O)         0.029     1.150 r  PCLK_IBUF_BUFG_inst/O
                         net (fo=139, routed)         0.864     2.013    PCLK_IBUF_BUFG
    SLICE_X6Y39          FDCE                                         r  PRDATA_reg[5]/C

Slack:                    inf
  Source:                 PWRITE
                            (input port)
  Destination:            PRDATA_reg[3]/D
                            (rising edge-triggered cell FDCE clocked by pclk  {rise@0.000ns fall@5.000ns period=10.000ns})
  Path Group:             (none)
  Path Type:              Hold (Min at Fast Process Corner)
  Data Path Delay:        1.192ns  (logic 0.307ns (25.771%)  route 0.884ns (74.229%))
  Logic Levels:           2  (IBUF=1 LUT6=1)
  Clock Path Skew:        2.014ns (DCD - SCD - CPR)
    Destination Clock Delay (DCD):    2.014ns
    Source Clock Delay      (SCD):    0.000ns
    Clock Pessimism Removal (CPR):    -0.000ns
  Timing Exception:       False Path

    Location             Delay type                Incr(ns)  Path(ns)    Netlist Resource(s)
  -------------------------------------------------------------------    -------------------
    V10                                               0.000     0.000 f  PWRITE
                         net (fo=0)                   0.000     0.000    PWRITE
    V10                  IBUF (Prop_ibuf_I_O)         0.262     0.262 f  PWRITE_IBUF_inst/O
                         net (fo=33, routed)          0.884     1.147    u_reio_crypt/PWRITE_IBUF
    SLICE_X6Y41          LUT6 (Prop_lut6_I0_O)        0.045     1.192 r  u_reio_crypt/PRDATA[3]_i_1/O
                         net (fo=1, routed)           0.000     1.192    u_reio_crypt_n_29
    SLICE_X6Y41          FDCE                                         r  PRDATA_reg[3]/D
  -------------------------------------------------------------------    -------------------

                         (clock pclk rise edge)       0.000     0.000 r  <hidden>
    F4                                                0.000     0.000 r  PCLK
                         net (fo=0)                   0.000     0.000    PCLK
    F4                   IBUF (Prop_ibuf_I_O)         0.436     0.436 r  PCLK_IBUF_inst/O
                         net (fo=1, routed)           0.685     1.121    PCLK_IBUF
    BUFGCTRL_X0Y16       BUFG (Prop_bufg_I_O)         0.029     1.150 r  PCLK_IBUF_BUFG_inst/O
                         net (fo=139, routed)         0.865     2.014    PCLK_IBUF_BUFG
    SLICE_X6Y41          FDCE                                         r  PRDATA_reg[3]/C

Slack:                    inf
  Source:                 PADDR[27]
                            (input port)
  Destination:            PRDATA_reg[13]/D
                            (rising edge-triggered cell FDCE clocked by pclk  {rise@0.000ns fall@5.000ns period=10.000ns})
  Path Group:             (none)
  Path Type:              Hold (Min at Fast Process Corner)
  Data Path Delay:        1.258ns  (logic 0.339ns (26.908%)  route 0.920ns (73.092%))
  Logic Levels:           3  (IBUF=1 LUT4=1 LUT6=1)
  Clock Path Skew:        2.015ns (DCD - SCD - CPR)
    Destination Clock Delay (DCD):    2.015ns
    Source Clock Delay      (SCD):    0.000ns
    Clock Pessimism Removal (CPR):    -0.000ns
  Timing Exception:       False Path

    Location             Delay type                Incr(ns)  Path(ns)    Netlist Resource(s)
  -------------------------------------------------------------------    -------------------
    K13                                               0.000     0.000 f  PADDR[27]
                         net (fo=0)                   0.000     0.000    PADDR[27]
    K13                  IBUF (Prop_ibuf_I_O)         0.249     0.249 f  PADDR_IBUF[27]_inst/O
                         net (fo=1, routed)           0.420     0.669    u_reio_crypt/PADDR_IBUF[27]
    SLICE_X0Y65          LUT4 (Prop_lut4_I1_O)        0.045     0.714 f  u_reio_crypt/start_zkp_internal_i_3/O
                         net (fo=33, routed)          0.500     1.213    u_reio_crypt/PADDR[29]
    SLICE_X6Y43          LUT6 (Prop_lut6_I5_O)        0.045     1.258 r  u_reio_crypt/PRDATA[13]_i_1/O
                         net (fo=1, routed)           0.000     1.258    u_reio_crypt_n_19
    SLICE_X6Y43          FDCE                                         r  PRDATA_reg[13]/D
  -------------------------------------------------------------------    -------------------

                         (clock pclk rise edge)       0.000     0.000 r  <hidden>
    F4                                                0.000     0.000 r  PCLK
                         net (fo=0)                   0.000     0.000    PCLK
    F4                   IBUF (Prop_ibuf_I_O)         0.436     0.436 r  PCLK_IBUF_inst/O
                         net (fo=1, routed)           0.685     1.121    PCLK_IBUF
    BUFGCTRL_X0Y16       BUFG (Prop_bufg_I_O)         0.029     1.150 r  PCLK_IBUF_BUFG_inst/O
                         net (fo=139, routed)         0.866     2.015    PCLK_IBUF_BUFG
    SLICE_X6Y43          FDCE                                         r  PRDATA_reg[13]/C

Slack:                    inf
  Source:                 PWDATA[2]
                            (input port)
  Destination:            u_reio_crypt/pipeline_reg_reg[2]/D
                            (rising edge-triggered cell FDCE clocked by pclk  {rise@0.000ns fall@5.000ns period=10.000ns})
  Path Group:             (none)
  Path Type:              Hold (Min at Fast Process Corner)
  Data Path Delay:        1.269ns  (logic 0.292ns (22.979%)  route 0.977ns (77.021%))
  Logic Levels:           2  (IBUF=1 LUT6=1)
  Clock Path Skew:        1.986ns (DCD - SCD - CPR)
    Destination Clock Delay (DCD):    1.986ns
    Source Clock Delay      (SCD):    0.000ns
    Clock Pessimism Removal (CPR):    -0.000ns
  Timing Exception:       False Path

    Location             Delay type                Incr(ns)  Path(ns)    Netlist Resource(s)
  -------------------------------------------------------------------    -------------------
    H16                                               0.000     0.000 r  PWDATA[2]
                         net (fo=0)                   0.000     0.000    PWDATA[2]
    H16                  IBUF (Prop_ibuf_I_O)         0.247     0.247 r  PWDATA_IBUF[2]_inst/O
                         net (fo=1, routed)           0.977     1.224    u_reio_crypt/PWDATA_IBUF[2]
    SLICE_X11Y40         LUT6 (Prop_lut6_I2_O)        0.045     1.269 r  u_reio_crypt/pipeline_reg[2]_i_1/O
                         net (fo=1, routed)           0.000     1.269    u_reio_crypt/p_0_in[2]
    SLICE_X11Y40         FDCE                                         r  u_reio_crypt/pipeline_reg_reg[2]/D
  -------------------------------------------------------------------    -------------------

                         (clock pclk rise edge)       0.000     0.000 r  <hidden>
    F4                                                0.000     0.000 r  PCLK
                         net (fo=0)                   0.000     0.000    PCLK
    F4                   IBUF (Prop_ibuf_I_O)         0.436     0.436 r  PCLK_IBUF_inst/O
                         net (fo=1, routed)           0.685     1.121    PCLK_IBUF
    BUFGCTRL_X0Y16       BUFG (Prop_bufg_I_O)         0.029     1.150 r  PCLK_IBUF_BUFG_inst/O
                         net (fo=139, routed)         0.837     1.986    u_reio_crypt/CLK
    SLICE_X11Y40         FDCE                                         r  u_reio_crypt/pipeline_reg_reg[2]/C

Slack:                    inf
  Source:                 PRESETn
                            (input port)
  Destination:            PSLVERR_reg/CLR
                            (removal check against rising-edge clock pclk  {rise@0.000ns fall@5.000ns period=10.000ns})
  Path Group:             (none)
  Path Type:              Removal (Min at Fast Process Corner)
  Data Path Delay:        1.272ns  (logic 0.297ns (23.388%)  route 0.974ns (76.612%))
  Logic Levels:           2  (IBUF=1 LUT1=1)
  Clock Path Skew:        2.016ns (DCD - SCD - CPR)
    Destination Clock Delay (DCD):    2.016ns
    Source Clock Delay      (SCD):    0.000ns
    Clock Pessimism Removal (CPR):    -0.000ns
  Timing Exception:       False Path

    Location             Delay type                Incr(ns)  Path(ns)    Netlist Resource(s)
  -------------------------------------------------------------------    -------------------
    T10                                               0.000     0.000 r  PRESETn
                         net (fo=0)                   0.000     0.000    PRESETn
    T10                  IBUF (Prop_ibuf_I_O)         0.252     0.252 r  PRESETn_IBUF_inst/O
                         net (fo=1, routed)           0.605     0.858    u_reio_crypt/PRESETn_IBUF
    SLICE_X0Y29          LUT1 (Prop_lut1_I0_O)        0.045     0.903 f  u_reio_crypt/FSM_sequential_current_state[1]_i_2/O
                         net (fo=139, routed)         0.369     1.272    u_reio_crypt_n_0
    SLICE_X0Y40          FDCE                                         f  PSLVERR_reg/CLR
  -------------------------------------------------------------------    -------------------

                         (clock pclk rise edge)       0.000     0.000 r  <hidden>
    F4                                                0.000     0.000 r  PCLK
                         net (fo=0)                   0.000     0.000    PCLK
    F4                   IBUF (Prop_ibuf_I_O)         0.436     0.436 r  PCLK_IBUF_inst/O
                         net (fo=1, routed)           0.685     1.121    PCLK_IBUF
    BUFGCTRL_X0Y16       BUFG (Prop_bufg_I_O)         0.029     1.150 r  PCLK_IBUF_BUFG_inst/O
                         net (fo=139, routed)         0.867     2.016    PCLK_IBUF_BUFG
    SLICE_X0Y40          FDCE                                         r  PSLVERR_reg/C

Slack:                    inf
  Source:                 PWRITE
                            (input port)
  Destination:            PRDATA_reg[20]/D
                            (rising edge-triggered cell FDCE clocked by pclk  {rise@0.000ns fall@5.000ns period=10.000ns})
  Path Group:             (none)
  Path Type:              Hold (Min at Fast Process Corner)
  Data Path Delay:        1.273ns  (logic 0.307ns (24.122%)  route 0.966ns (75.878%))
  Logic Levels:           2  (IBUF=1 LUT6=1)
  Clock Path Skew:        1.986ns (DCD - SCD - CPR)
    Destination Clock Delay (DCD):    1.986ns
    Source Clock Delay      (SCD):    0.000ns
    Clock Pessimism Removal (CPR):    -0.000ns
  Timing Exception:       False Path

    Location             Delay type                Incr(ns)  Path(ns)    Netlist Resource(s)
  -------------------------------------------------------------------    -------------------
    V10                                               0.000     0.000 f  PWRITE
                         net (fo=0)                   0.000     0.000    PWRITE
    V10                  IBUF (Prop_ibuf_I_O)         0.262     0.262 f  PWRITE_IBUF_inst/O
                         net (fo=33, routed)          0.966     1.228    u_reio_crypt/PWRITE_IBUF
    SLICE_X8Y41          LUT6 (Prop_lut6_I0_O)        0.045     1.273 r  u_reio_crypt/PRDATA[20]_i_1/O
                         net (fo=1, routed)           0.000     1.273    u_reio_crypt_n_12
    SLICE_X8Y41          FDCE                                         r  PRDATA_reg[20]/D
  -------------------------------------------------------------------    -------------------

                         (clock pclk rise edge)       0.000     0.000 r  <hidden>
    F4                                                0.000     0.000 r  PCLK
                         net (fo=0)                   0.000     0.000    PCLK
    F4                   IBUF (Prop_ibuf_I_O)         0.436     0.436 r  PCLK_IBUF_inst/O
                         net (fo=1, routed)           0.685     1.121    PCLK_IBUF
    BUFGCTRL_X0Y16       BUFG (Prop_bufg_I_O)         0.029     1.150 r  PCLK_IBUF_BUFG_inst/O
                         net (fo=139, routed)         0.837     1.986    PCLK_IBUF_BUFG
    SLICE_X8Y41          FDCE                                         r  PRDATA_reg[20]/C

Slack:                    inf
  Source:                 PWRITE
                            (input port)
  Destination:            PRDATA_reg[17]/D
                            (rising edge-triggered cell FDCE clocked by pclk  {rise@0.000ns fall@5.000ns period=10.000ns})
  Path Group:             (none)
  Path Type:              Hold (Min at Fast Process Corner)
  Data Path Delay:        1.284ns  (logic 0.307ns (23.914%)  route 0.977ns (76.086%))
  Logic Levels:           2  (IBUF=1 LUT6=1)
  Clock Path Skew:        1.986ns (DCD - SCD - CPR)
    Destination Clock Delay (DCD):    1.986ns
    Source Clock Delay      (SCD):    0.000ns
    Clock Pessimism Removal (CPR):    -0.000ns
  Timing Exception:       False Path

    Location             Delay type                Incr(ns)  Path(ns)    Netlist Resource(s)
  -------------------------------------------------------------------    -------------------
    V10                                               0.000     0.000 f  PWRITE
                         net (fo=0)                   0.000     0.000    PWRITE
    V10                  IBUF (Prop_ibuf_I_O)         0.262     0.262 f  PWRITE_IBUF_inst/O
                         net (fo=33, routed)          0.977     1.239    u_reio_crypt/PWRITE_IBUF
    SLICE_X8Y40          LUT6 (Prop_lut6_I0_O)        0.045     1.284 r  u_reio_crypt/PRDATA[17]_i_1/O
                         net (fo=1, routed)           0.000     1.284    u_reio_crypt_n_15
    SLICE_X8Y40          FDCE                                         r  PRDATA_reg[17]/D
  -------------------------------------------------------------------    -------------------

                         (clock pclk rise edge)       0.000     0.000 r  <hidden>
    F4                                                0.000     0.000 r  PCLK
                         net (fo=0)                   0.000     0.000    PCLK
    F4                   IBUF (Prop_ibuf_I_O)         0.436     0.436 r  PCLK_IBUF_inst/O
                         net (fo=1, routed)           0.685     1.121    PCLK_IBUF
    BUFGCTRL_X0Y16       BUFG (Prop_bufg_I_O)         0.029     1.150 r  PCLK_IBUF_BUFG_inst/O
                         net (fo=139, routed)         0.837     1.986    PCLK_IBUF_BUFG
    SLICE_X8Y40          FDCE                                         r  PRDATA_reg[17]/C





--------------------------------------------------------------------------------------
Path Group:  (none)
From Clock:  pclk
  To Clock:  

Max Delay             1 Endpoint
Min Delay             1 Endpoint
--------------------------------------------------------------------------------------


Max Delay Paths
--------------------------------------------------------------------------------------
Slack:                    inf
  Source:                 security_breach_reg_reg/C
                            (rising edge-triggered cell FDCE clocked by pclk  {rise@0.000ns fall@5.000ns period=10.000ns})
  Destination:            SIG_CRYPT_HARD_RESET
                            (output port)
  Path Group:             (none)
  Path Type:              Max at Slow Process Corner
  Data Path Delay:        8.670ns  (logic 4.116ns (47.478%)  route 4.554ns (52.522%))
  Logic Levels:           2  (LUT2=1 OBUF=1)
  Clock Uncertainty:      0.025ns  ((TSJ^2 + TIJ^2)^1/2 + DJ) / 2 + PE
    Total System Jitter     (TSJ):    0.050ns
    Total Input Jitter      (TIJ):    0.000ns
    Discrete Jitter          (DJ):    0.000ns
    Phase Error              (PE):    0.000ns

    Location             Delay type                Incr(ns)  Path(ns)    Netlist Resource(s)
  -------------------------------------------------------------------    -------------------
                         (clock pclk rise edge)       0.000     0.000 r  <hidden>
    F4                                                0.000     0.000 r  PCLK
                         net (fo=0)                   0.000     0.000    PCLK
    F4                   IBUF (Prop_ibuf_I_O)         1.590     1.590 r  PCLK_IBUF_inst/O
                         net (fo=1, routed)           1.967     3.557    PCLK_IBUF
    BUFGCTRL_X0Y16       BUFG (Prop_bufg_I_O)         0.096     3.653 r  PCLK_IBUF_BUFG_inst/O
                         net (fo=139, routed)         1.619     5.272    PCLK_IBUF_BUFG
    SLICE_X0Y64          FDCE                                         r  security_breach_reg_reg/C
  -------------------------------------------------------------------    -------------------
    SLICE_X0Y64          FDCE (Prop_fdce_C_Q)         0.456     5.728 r  security_breach_reg_reg/Q
                         net (fo=75, routed)          2.892     8.619    security_breach_reg
    SLICE_X3Y12          LUT2 (Prop_lut2_I0_O)        0.124     8.743 r  SIG_CRYPT_HARD_RESET_OBUF_inst_i_1/O
                         net (fo=1, routed)           1.662    10.405    SIG_CRYPT_HARD_RESET_OBUF
    T11                  OBUF (Prop_obuf_I_O)         3.536    13.942 r  SIG_CRYPT_HARD_RESET_OBUF_inst/O
                         net (fo=0)                   0.000    13.942    SIG_CRYPT_HARD_RESET
    T11                                                               r  SIG_CRYPT_HARD_RESET
  -------------------------------------------------------------------    -------------------





Min Delay Paths
--------------------------------------------------------------------------------------
Slack:                    inf
  Source:                 security_breach_reg_reg/C
                            (rising edge-triggered cell FDCE clocked by pclk  {rise@0.000ns fall@5.000ns period=10.000ns})
  Destination:            SIG_CRYPT_HARD_RESET
                            (output port)
  Path Group:             (none)
  Path Type:              Min at Fast Process Corner
  Data Path Delay:        2.992ns  (logic 1.423ns (47.569%)  route 1.569ns (52.431%))
  Logic Levels:           2  (LUT2=1 OBUF=1)
  Clock Uncertainty:      0.025ns  ((TSJ^2 + TIJ^2)^1/2 + DJ) / 2 + PE
    Total System Jitter     (TSJ):    0.050ns
    Total Input Jitter      (TIJ):    0.000ns
    Discrete Jitter          (DJ):    0.000ns
    Phase Error              (PE):    0.000ns

    Location             Delay type                Incr(ns)  Path(ns)    Netlist Resource(s)
  -------------------------------------------------------------------    -------------------
                         (clock pclk rise edge)       0.000     0.000 r  <hidden>
    F4                                                0.000     0.000 r  PCLK
                         net (fo=0)                   0.000     0.000    PCLK
    F4                   IBUF (Prop_ibuf_I_O)         0.248     0.248 r  PCLK_IBUF_inst/O
                         net (fo=1, routed)           0.631     0.879    PCLK_IBUF
    BUFGCTRL_X0Y16       BUFG (Prop_bufg_I_O)         0.026     0.905 r  PCLK_IBUF_BUFG_inst/O
                         net (fo=139, routed)         0.587     1.492    PCLK_IBUF_BUFG
    SLICE_X0Y64          FDCE                                         r  security_breach_reg_reg/C
  -------------------------------------------------------------------    -------------------
    SLICE_X0Y64          FDCE (Prop_fdce_C_Q)         0.141     1.633 r  security_breach_reg_reg/Q
                         net (fo=75, routed)          1.242     2.875    security_breach_reg
    SLICE_X3Y12          LUT2 (Prop_lut2_I0_O)        0.045     2.920 r  SIG_CRYPT_HARD_RESET_OBUF_inst_i_1/O
                         net (fo=1, routed)           0.327     3.247    SIG_CRYPT_HARD_RESET_OBUF
    T11                  OBUF (Prop_obuf_I_O)         1.237     4.484 r  SIG_CRYPT_HARD_RESET_OBUF_inst/O
                         net (fo=0)                   0.000     4.484    SIG_CRYPT_HARD_RESET
    T11                                                               r  SIG_CRYPT_HARD_RESET
  -------------------------------------------------------------------    -------------------





--------------------------------------------------------------------------------------
Path Group:  (none)
From Clock:  
  To Clock:  pclk

Max Delay             2 Endpoints
Min Delay             2 Endpoints
--------------------------------------------------------------------------------------


Max Delay Paths
--------------------------------------------------------------------------------------
Slack:                    inf
  Source:                 VOLTAGE_GLITCH_DETECT
                            (input port)
  Destination:            security_breach_reg_reg/CE
                            (rising edge-triggered cell FDCE clocked by pclk  {rise@0.000ns fall@5.000ns period=10.000ns})
  Path Group:             (none)
  Path Type:              Setup (Max at Slow Process Corner)
  Data Path Delay:        2.760ns  (logic 1.589ns (57.567%)  route 1.171ns (42.433%))
  Logic Levels:           1  (IBUF=1)
  Clock Path Skew:        4.863ns (DCD - SCD + CPR)
    Destination Clock Delay (DCD):    4.863ns
    Source Clock Delay      (SCD):    0.000ns
    Clock Pessimism Removal (CPR):    0.000ns
  Clock Uncertainty:      0.025ns  ((TSJ^2 + TIJ^2)^1/2 + DJ) / 2 + PE
    Total System Jitter     (TSJ):    0.050ns
    Total Input Jitter      (TIJ):    0.000ns
    Discrete Jitter          (DJ):    0.000ns
    Phase Error              (PE):    0.000ns

    Location             Delay type                Incr(ns)  Path(ns)    Netlist Resource(s)
  -------------------------------------------------------------------    -------------------
    H14                                               0.000     0.000 r  VOLTAGE_GLITCH_DETECT
                         net (fo=0)                   0.000     0.000    VOLTAGE_GLITCH_DETECT
    H14                  IBUF (Prop_ibuf_I_O)         1.589     1.589 r  VOLTAGE_GLITCH_DETECT_IBUF_inst/O
                         net (fo=3, routed)           1.171     2.760    VOLTAGE_GLITCH_DETECT_IBUF
    SLICE_X0Y64          FDCE                                         r  security_breach_reg_reg/CE
  -------------------------------------------------------------------    -------------------

                         (clock pclk rise edge)       0.000     0.000 r  <hidden>
    F4                                                0.000     0.000 r  PCLK
                         net (fo=0)                   0.000     0.000    PCLK
    F4                   IBUF (Prop_ibuf_I_O)         1.410     1.410 r  PCLK_IBUF_inst/O
                         net (fo=1, routed)           1.862     3.272    PCLK_IBUF
    BUFGCTRL_X0Y16       BUFG (Prop_bufg_I_O)         0.091     3.363 r  PCLK_IBUF_BUFG_inst/O
                         net (fo=139, routed)         1.501     4.863    PCLK_IBUF_BUFG
    SLICE_X0Y64          FDCE                                         r  security_breach_reg_reg/C

Slack:                    inf
  Source:                 VOLTAGE_GLITCH_DETECT
                            (input port)
  Destination:            security_breach_reg_reg/D
                            (rising edge-triggered cell FDCE clocked by pclk  {rise@0.000ns fall@5.000ns period=10.000ns})
  Path Group:             (none)
  Path Type:              Setup (Max at Slow Process Corner)
  Data Path Delay:        2.577ns  (logic 1.589ns (61.664%)  route 0.988ns (38.336%))
  Logic Levels:           1  (IBUF=1)
  Clock Path Skew:        4.863ns (DCD - SCD + CPR)
    Destination Clock Delay (DCD):    4.863ns
    Source Clock Delay      (SCD):    0.000ns
    Clock Pessimism Removal (CPR):    0.000ns
  Clock Uncertainty:      0.025ns  ((TSJ^2 + TIJ^2)^1/2 + DJ) / 2 + PE
    Total System Jitter     (TSJ):    0.050ns
    Total Input Jitter      (TIJ):    0.000ns
    Discrete Jitter          (DJ):    0.000ns
    Phase Error              (PE):    0.000ns

    Location             Delay type                Incr(ns)  Path(ns)    Netlist Resource(s)
  -------------------------------------------------------------------    -------------------
    H14                                               0.000     0.000 r  VOLTAGE_GLITCH_DETECT
                         net (fo=0)                   0.000     0.000    VOLTAGE_GLITCH_DETECT
    H14                  IBUF (Prop_ibuf_I_O)         1.589     1.589 r  VOLTAGE_GLITCH_DETECT_IBUF_inst/O
                         net (fo=3, routed)           0.988     2.577    VOLTAGE_GLITCH_DETECT_IBUF
    SLICE_X0Y64          FDCE                                         r  security_breach_reg_reg/D
  -------------------------------------------------------------------    -------------------

                         (clock pclk rise edge)       0.000     0.000 r  <hidden>
    F4                                                0.000     0.000 r  PCLK
                         net (fo=0)                   0.000     0.000    PCLK
    F4                   IBUF (Prop_ibuf_I_O)         1.410     1.410 r  PCLK_IBUF_inst/O
                         net (fo=1, routed)           1.862     3.272    PCLK_IBUF
    BUFGCTRL_X0Y16       BUFG (Prop_bufg_I_O)         0.091     3.363 r  PCLK_IBUF_BUFG_inst/O
                         net (fo=139, routed)         1.501     4.863    PCLK_IBUF_BUFG
    SLICE_X0Y64          FDCE                                         r  security_breach_reg_reg/C





Min Delay Paths
--------------------------------------------------------------------------------------
Slack:                    inf
  Source:                 VOLTAGE_GLITCH_DETECT
                            (input port)
  Destination:            security_breach_reg_reg/D
                            (rising edge-triggered cell FDCE clocked by pclk  {rise@0.000ns fall@5.000ns period=10.000ns})
  Path Group:             (none)
  Path Type:              Hold (Min at Fast Process Corner)
  Data Path Delay:        0.656ns  (logic 0.247ns (37.643%)  route 0.409ns (62.357%))
  Logic Levels:           1  (IBUF=1)
  Clock Path Skew:        2.006ns (DCD - SCD - CPR)
    Destination Clock Delay (DCD):    2.006ns
    Source Clock Delay      (SCD):    0.000ns
    Clock Pessimism Removal (CPR):    -0.000ns

    Location             Delay type                Incr(ns)  Path(ns)    Netlist Resource(s)
  -------------------------------------------------------------------    -------------------
    H14                                               0.000     0.000 r  VOLTAGE_GLITCH_DETECT
                         net (fo=0)                   0.000     0.000    VOLTAGE_GLITCH_DETECT
    H14                  IBUF (Prop_ibuf_I_O)         0.247     0.247 r  VOLTAGE_GLITCH_DETECT_IBUF_inst/O
                         net (fo=3, routed)           0.409     0.656    VOLTAGE_GLITCH_DETECT_IBUF
    SLICE_X0Y64          FDCE                                         r  security_breach_reg_reg/D
  -------------------------------------------------------------------    -------------------

                         (clock pclk rise edge)       0.000     0.000 r  <hidden>
    F4                                                0.000     0.000 r  PCLK
                         net (fo=0)                   0.000     0.000    PCLK
    F4                   IBUF (Prop_ibuf_I_O)         0.436     0.436 r  PCLK_IBUF_inst/O
                         net (fo=1, routed)           0.685     1.121    PCLK_IBUF
    BUFGCTRL_X0Y16       BUFG (Prop_bufg_I_O)         0.029     1.150 r  PCLK_IBUF_BUFG_inst/O
                         net (fo=139, routed)         0.856     2.006    PCLK_IBUF_BUFG
    SLICE_X0Y64          FDCE                                         r  security_breach_reg_reg/C

Slack:                    inf
  Source:                 VOLTAGE_GLITCH_DETECT
                            (input port)
  Destination:            security_breach_reg_reg/CE
                            (rising edge-triggered cell FDCE clocked by pclk  {rise@0.000ns fall@5.000ns period=10.000ns})
  Path Group:             (none)
  Path Type:              Hold (Min at Fast Process Corner)
  Data Path Delay:        0.710ns  (logic 0.247ns (34.758%)  route 0.463ns (65.242%))
  Logic Levels:           1  (IBUF=1)
  Clock Path Skew:        2.006ns (DCD - SCD - CPR)
    Destination Clock Delay (DCD):    2.006ns
    Source Clock Delay      (SCD):    0.000ns
    Clock Pessimism Removal (CPR):    -0.000ns

    Location             Delay type                Incr(ns)  Path(ns)    Netlist Resource(s)
  -------------------------------------------------------------------    -------------------
    H14                                               0.000     0.000 r  VOLTAGE_GLITCH_DETECT
                         net (fo=0)                   0.000     0.000    VOLTAGE_GLITCH_DETECT
    H14                  IBUF (Prop_ibuf_I_O)         0.247     0.247 r  VOLTAGE_GLITCH_DETECT_IBUF_inst/O
                         net (fo=3, routed)           0.463     0.710    VOLTAGE_GLITCH_DETECT_IBUF
    SLICE_X0Y64          FDCE                                         r  security_breach_reg_reg/CE
  -------------------------------------------------------------------    -------------------

                         (clock pclk rise edge)       0.000     0.000 r  <hidden>
    F4                                                0.000     0.000 r  PCLK
                         net (fo=0)                   0.000     0.000    PCLK
    F4                   IBUF (Prop_ibuf_I_O)         0.436     0.436 r  PCLK_IBUF_inst/O
                         net (fo=1, routed)           0.685     1.121    PCLK_IBUF
    BUFGCTRL_X0Y16       BUFG (Prop_bufg_I_O)         0.029     1.150 r  PCLK_IBUF_BUFG_inst/O
                         net (fo=139, routed)         0.856     2.006    PCLK_IBUF_BUFG
    SLICE_X0Y64          FDCE                                         r  security_breach_reg_reg/C





