Copyright 1986-2022 Xilinx, Inc. All Rights Reserved. Copyright 2022-2026 Advanced Micro Devices, Inc. All Rights Reserved.
------------------------------------------------------------------------------------------------------------------------------------------------------------------------------------------------------------------------------------------------------------------
| Tool Version : Vivado v.2026.1 (win64) Build 6511674 Tue Jun 16 11:02:23 MDT 2026
| Date         : Fri Sep 25 23:36:18 2026
| Host         : PC1-2D running 64-bit major release  (build 9200)
| Command      : report_timing_summary -max_paths 10 -routable_nets -report_unconstrained -file SPU_103_L3_Top_AXI_timing_summary_routed.rpt -pb SPU_103_L3_Top_AXI_timing_summary_routed.pb -rpx SPU_103_L3_Top_AXI_timing_summary_routed.rpx -warn_on_violation
| Design       : SPU_103_L3_Top_AXI
| Device       : 7a12tl-cpg238
| Speed File   : -2L  PRODUCTION 1.14 2018-01-25
| Design State : Routed
------------------------------------------------------------------------------------------------------------------------------------------------------------------------------------------------------------------------------------------------------------------

Timing Summary Report

------------------------------------------------------------------------------------------------
| Timer Settings
| --------------
------------------------------------------------------------------------------------------------

  Enable Multi Corner Analysis               :  Yes
  Enable Pessimism Removal                   :  Yes
  Pessimism Removal Resolution               :  Nearest Common Node
  Enable Input Delay Default Clock           :  No
  Enable Preset / Clear Arcs                 :  No
  Disable Flight Delays                      :  No
  Ignore I/O Paths                           :  No
  Timing Early Launch at Borrowing Latches   :  No
  Borrow Time for Max Delay Exceptions       :  Yes
  Merge Timing Exceptions                    :  Yes
  Inter-SLR Compensation                     :  Conservative

  Corner  Analyze    Analyze    
  Name    Max Paths  Min Paths  
  ------  ---------  ---------  
  Slow    Yes        Yes        
  Fast    Yes        Yes        


------------------------------------------------------------------------------------------------
| Report Methodology
| ------------------
------------------------------------------------------------------------------------------------

Rule       Severity  Description                    Violations  
---------  --------  -----------------------------  ----------  
TIMING-9   Warning   Unknown CDC Logic              1           
TIMING-18  Warning   Missing input or output delay  149         

Note: This report is based on the most recent report_methodology run and may not be up-to-date. Run report_methodology on the current design for the latest report.



check_timing report

Table of Contents
-----------------
1. checking no_clock (0)
2. checking constant_clock (0)
3. checking pulse_width_clock (0)
4. checking unconstrained_internal_endpoints (0)
5. checking no_input_delay (17)
6. checking no_output_delay (36)
7. checking multiple_clock (0)
8. checking generated_clocks (0)
9. checking loops (0)
10. checking partial_input_delay (0)
11. checking partial_output_delay (0)
12. checking latch_loops (0)

1. checking no_clock (0)
------------------------
 There are 0 register/latch pins with no clock.


2. checking constant_clock (0)
------------------------------
 There are 0 register/latch pins with constant_clock.


3. checking pulse_width_clock (0)
---------------------------------
 There are 0 register/latch pins which need pulse_width check


4. checking unconstrained_internal_endpoints (0)
------------------------------------------------
 There are 0 pins that are not constrained for maximum delay.

 There are 0 pins that are not constrained for maximum delay due to constant clock.


5. checking no_input_delay (17)
-------------------------------
 There are 17 input ports with no input delay specified. (HIGH)

 There are 0 input ports with no input delay but user has a false path constraint.


6. checking no_output_delay (36)
--------------------------------
 There are 36 ports with no output delay specified. (HIGH)

 There are 0 ports with no output delay but user has a false path constraint

 There are 0 ports with no output delay but with a timing clock defined on it or propagating through it


7. checking multiple_clock (0)
------------------------------
 There are 0 register/latch pins with multiple clocks.


8. checking generated_clocks (0)
--------------------------------
 There are 0 generated clocks that are not connected to a clock source.


9. checking loops (0)
---------------------
 There are 0 combinational loops in the design.


10. checking partial_input_delay (0)
------------------------------------
 There are 0 input ports with partial input delay specified.


11. checking partial_output_delay (0)
-------------------------------------
 There are 0 ports with partial output delay specified.


12. checking latch_loops (0)
----------------------------
 There are 0 combinational latch loops in the design through latch input



------------------------------------------------------------------------------------------------
| Design Timing Summary
| ---------------------
------------------------------------------------------------------------------------------------

    WNS(ns)      TNS(ns)  TNS Failing Endpoints  TNS Total Endpoints      WHS(ns)      THS(ns)  THS Failing Endpoints  THS Total Endpoints     WPWS(ns)     TPWS(ns)  TPWS Failing Endpoints  TPWS Total Endpoints  
    -------      -------  ---------------------  -------------------      -------      -------  ---------------------  -------------------     --------     --------  ----------------------  --------------------  
      0.531        0.000                      0                  241        0.142        0.000                      0                  241        0.750        0.000                       0                   154  


All user specified timing constraints are met.


------------------------------------------------------------------------------------------------
| Clock Summary
| -------------
------------------------------------------------------------------------------------------------

Clock       Waveform(ns)         Period(ns)      Frequency(MHz)
-----       ------------         ----------      --------------
axi_aclk    {0.000 1.250}        2.500           400.000         
phy_rx_clk  {0.000 4.000}        8.000           125.000         


------------------------------------------------------------------------------------------------
| Intra Clock Table
| -----------------
------------------------------------------------------------------------------------------------

Clock             WNS(ns)      TNS(ns)  TNS Failing Endpoints  TNS Total Endpoints      WHS(ns)      THS(ns)  THS Failing Endpoints  THS Total Endpoints     WPWS(ns)     TPWS(ns)  TPWS Failing Endpoints  TPWS Total Endpoints  
-----             -------      -------  ---------------------  -------------------      -------      -------  ---------------------  -------------------     --------     --------  ----------------------  --------------------  
axi_aclk            0.531        0.000                      0                   43        0.142        0.000                      0                   43        0.750        0.000                       0                    47  
phy_rx_clk          3.891        0.000                      0                  198        0.165        0.000                      0                  198        3.500        0.000                       0                   107  


------------------------------------------------------------------------------------------------
| Inter Clock Table
| -----------------
------------------------------------------------------------------------------------------------

From Clock    To Clock          WNS(ns)      TNS(ns)  TNS Failing Endpoints  TNS Total Endpoints      WHS(ns)      THS(ns)  THS Failing Endpoints  THS Total Endpoints  
----------    --------          -------      -------  ---------------------  -------------------      -------      -------  ---------------------  -------------------  


------------------------------------------------------------------------------------------------
| Other Path Groups Table
| -----------------------
------------------------------------------------------------------------------------------------

Path Group    From Clock    To Clock          WNS(ns)      TNS(ns)  TNS Failing Endpoints  TNS Total Endpoints      WHS(ns)      THS(ns)  THS Failing Endpoints  THS Total Endpoints  
----------    ----------    --------          -------      -------  ---------------------  -------------------      -------      -------  ---------------------  -------------------  


------------------------------------------------------------------------------------------------
| User Ignored Path Table
| -----------------------
------------------------------------------------------------------------------------------------

Path Group    From Clock    To Clock    
----------    ----------    --------    
(none)        axi_aclk      axi_aclk      
(none)        phy_rx_clk    axi_aclk      
(none)        axi_aclk      phy_rx_clk    


------------------------------------------------------------------------------------------------
| Unconstrained Path Table
| ------------------------
------------------------------------------------------------------------------------------------

Path Group    From Clock    To Clock    
----------    ----------    --------    
(none)        axi_aclk                    
(none)        phy_rx_clk                  
(none)                      axi_aclk      
(none)                      phy_rx_clk    


------------------------------------------------------------------------------------------------
| Timing Details
| --------------
------------------------------------------------------------------------------------------------


---------------------------------------------------------------------------------------------------
From Clock:  axi_aclk
  To Clock:  axi_aclk

Setup :            0  Failing Endpoints,  Worst Slack        0.531ns,  Total Violation        0.000ns
Hold  :            0  Failing Endpoints,  Worst Slack        0.142ns,  Total Violation        0.000ns
PW    :            0  Failing Endpoints,  Worst Slack        0.750ns,  Total Violation        0.000ns
---------------------------------------------------------------------------------------------------


Max Delay Paths
--------------------------------------------------------------------------------------
Slack (MET) :             0.531ns  (required time - arrival time)
  Source:                 s_axi_rval_reg/C
                            (rising edge-triggered cell FDRE clocked by axi_aclk  {rise@0.000ns fall@1.250ns period=2.500ns})
  Destination:            s_axi_rdata_reg[29]/CE
                            (rising edge-triggered cell FDRE clocked by axi_aclk  {rise@0.000ns fall@1.250ns period=2.500ns})
  Path Group:             axi_aclk
  Path Type:              Setup (Max at Slow Process Corner)
  Requirement:            2.500ns  (axi_aclk rise@2.500ns - axi_aclk rise@0.000ns)
  Data Path Delay:        1.537ns  (logic 0.684ns (44.494%)  route 0.853ns (55.506%))
  Logic Levels:           1  (LUT2=1)
  Clock Path Skew:        -0.052ns (DCD - SCD + CPR)
    Destination Clock Delay (DCD):    0.986ns = ( 3.486 - 2.500 ) 
    Source Clock Delay      (SCD):    1.038ns
    Clock Pessimism Removal (CPR):    0.000ns
  Clock Uncertainty:      0.035ns  ((TSJ^2 + TIJ^2)^1/2 + DJ) / 2 + PE
    Total System Jitter     (TSJ):    0.071ns
    Total Input Jitter      (TIJ):    0.000ns
    Discrete Jitter          (DJ):    0.000ns
    Phase Error              (PE):    0.000ns

    Location             Delay type                Incr(ns)  Path(ns)    Netlist Resource(s)
  -------------------------------------------------------------------    -------------------
                         (clock axi_aclk rise edge)
                                                      0.000     0.000 r  <hidden>
                                                      0.000     0.000 r  axi_aclk
                         net (fo=46, unset)           1.038     1.038    axi_aclk
    SLICE_X7Y46          FDRE                                         r  s_axi_rval_reg/C
  -------------------------------------------------------------------    -------------------
    SLICE_X7Y46          FDRE (Prop_fdre_C_Q)         0.536     1.574 f  s_axi_rval_reg/Q
                         net (fo=2, routed)           0.269     1.843    s_axi_rval
    SLICE_X7Y46          LUT2 (Prop_lut2_I1_O)        0.148     1.991 r  s_axi_rdata[31]_i_2/O
                         net (fo=32, routed)          0.584     2.575    s_axi_rdata0
    SLICE_X7Y51          FDRE                                         r  s_axi_rdata_reg[29]/CE
  -------------------------------------------------------------------    -------------------

                         (clock axi_aclk rise edge)
                                                      2.500     2.500 r  <hidden>
                                                      0.000     2.500 r  axi_aclk
                         net (fo=46, unset)           0.986     3.486    axi_aclk
    SLICE_X7Y51          FDRE                                         r  s_axi_rdata_reg[29]/C
                         clock pessimism              0.000     3.486    <hidden>
                         clock uncertainty           -0.035     3.451    <hidden>
    SLICE_X7Y51          FDRE (Setup_fdre_C_CE)      -0.344     3.107    s_axi_rdata_reg[29]
  -------------------------------------------------------------------
                         required time                          3.107    <hidden>
                         arrival time                          -2.575    <hidden>
  -------------------------------------------------------------------
                         slack                                  0.531    <hidden>

Slack (MET) :             0.556ns  (required time - arrival time)
  Source:                 s_axi_rval_reg/C
                            (rising edge-triggered cell FDRE clocked by axi_aclk  {rise@0.000ns fall@1.250ns period=2.500ns})
  Destination:            s_axi_rdata_reg[26]/CE
                            (rising edge-triggered cell FDRE clocked by axi_aclk  {rise@0.000ns fall@1.250ns period=2.500ns})
  Path Group:             axi_aclk
  Path Type:              Setup (Max at Slow Process Corner)
  Requirement:            2.500ns  (axi_aclk rise@2.500ns - axi_aclk rise@0.000ns)
  Data Path Delay:        1.513ns  (logic 0.684ns (45.218%)  route 0.829ns (54.782%))
  Logic Levels:           1  (LUT2=1)
  Clock Path Skew:        -0.052ns (DCD - SCD + CPR)
    Destination Clock Delay (DCD):    0.986ns = ( 3.486 - 2.500 ) 
    Source Clock Delay      (SCD):    1.038ns
    Clock Pessimism Removal (CPR):    0.000ns
  Clock Uncertainty:      0.035ns  ((TSJ^2 + TIJ^2)^1/2 + DJ) / 2 + PE
    Total System Jitter     (TSJ):    0.071ns
    Total Input Jitter      (TIJ):    0.000ns
    Discrete Jitter          (DJ):    0.000ns
    Phase Error              (PE):    0.000ns

    Location             Delay type                Incr(ns)  Path(ns)    Netlist Resource(s)
  -------------------------------------------------------------------    -------------------
                         (clock axi_aclk rise edge)
                                                      0.000     0.000 r  <hidden>
                                                      0.000     0.000 r  axi_aclk
                         net (fo=46, unset)           1.038     1.038    axi_aclk
    SLICE_X7Y46          FDRE                                         r  s_axi_rval_reg/C
  -------------------------------------------------------------------    -------------------
    SLICE_X7Y46          FDRE (Prop_fdre_C_Q)         0.536     1.574 f  s_axi_rval_reg/Q
                         net (fo=2, routed)           0.269     1.843    s_axi_rval
    SLICE_X7Y46          LUT2 (Prop_lut2_I1_O)        0.148     1.991 r  s_axi_rdata[31]_i_2/O
                         net (fo=32, routed)          0.559     2.551    s_axi_rdata0
    SLICE_X7Y50          FDRE                                         r  s_axi_rdata_reg[26]/CE
  -------------------------------------------------------------------    -------------------

                         (clock axi_aclk rise edge)
                                                      2.500     2.500 r  <hidden>
                                                      0.000     2.500 r  axi_aclk
                         net (fo=46, unset)           0.986     3.486    axi_aclk
    SLICE_X7Y50          FDRE                                         r  s_axi_rdata_reg[26]/C
                         clock pessimism              0.000     3.486    <hidden>
                         clock uncertainty           -0.035     3.451    <hidden>
    SLICE_X7Y50          FDRE (Setup_fdre_C_CE)      -0.344     3.107    s_axi_rdata_reg[26]
  -------------------------------------------------------------------
                         required time                          3.107    <hidden>
                         arrival time                          -2.551    <hidden>
  -------------------------------------------------------------------
                         slack                                  0.556    <hidden>

Slack (MET) :             0.556ns  (required time - arrival time)
  Source:                 s_axi_rval_reg/C
                            (rising edge-triggered cell FDRE clocked by axi_aclk  {rise@0.000ns fall@1.250ns period=2.500ns})
  Destination:            s_axi_rdata_reg[28]/CE
                            (rising edge-triggered cell FDRE clocked by axi_aclk  {rise@0.000ns fall@1.250ns period=2.500ns})
  Path Group:             axi_aclk
  Path Type:              Setup (Max at Slow Process Corner)
  Requirement:            2.500ns  (axi_aclk rise@2.500ns - axi_aclk rise@0.000ns)
  Data Path Delay:        1.513ns  (logic 0.684ns (45.218%)  route 0.829ns (54.782%))
  Logic Levels:           1  (LUT2=1)
  Clock Path Skew:        -0.052ns (DCD - SCD + CPR)
    Destination Clock Delay (DCD):    0.986ns = ( 3.486 - 2.500 ) 
    Source Clock Delay      (SCD):    1.038ns
    Clock Pessimism Removal (CPR):    0.000ns
  Clock Uncertainty:      0.035ns  ((TSJ^2 + TIJ^2)^1/2 + DJ) / 2 + PE
    Total System Jitter     (TSJ):    0.071ns
    Total Input Jitter      (TIJ):    0.000ns
    Discrete Jitter          (DJ):    0.000ns
    Phase Error              (PE):    0.000ns

    Location             Delay type                Incr(ns)  Path(ns)    Netlist Resource(s)
  -------------------------------------------------------------------    -------------------
                         (clock axi_aclk rise edge)
                                                      0.000     0.000 r  <hidden>
                                                      0.000     0.000 r  axi_aclk
                         net (fo=46, unset)           1.038     1.038    axi_aclk
    SLICE_X7Y46          FDRE                                         r  s_axi_rval_reg/C
  -------------------------------------------------------------------    -------------------
    SLICE_X7Y46          FDRE (Prop_fdre_C_Q)         0.536     1.574 f  s_axi_rval_reg/Q
                         net (fo=2, routed)           0.269     1.843    s_axi_rval
    SLICE_X7Y46          LUT2 (Prop_lut2_I1_O)        0.148     1.991 r  s_axi_rdata[31]_i_2/O
                         net (fo=32, routed)          0.559     2.551    s_axi_rdata0
    SLICE_X7Y50          FDRE                                         r  s_axi_rdata_reg[28]/CE
  -------------------------------------------------------------------    -------------------

                         (clock axi_aclk rise edge)
                                                      2.500     2.500 r  <hidden>
                                                      0.000     2.500 r  axi_aclk
                         net (fo=46, unset)           0.986     3.486    axi_aclk
    SLICE_X7Y50          FDRE                                         r  s_axi_rdata_reg[28]/C
                         clock pessimism              0.000     3.486    <hidden>
                         clock uncertainty           -0.035     3.451    <hidden>
    SLICE_X7Y50          FDRE (Setup_fdre_C_CE)      -0.344     3.107    s_axi_rdata_reg[28]
  -------------------------------------------------------------------
                         required time                          3.107    <hidden>
                         arrival time                          -2.551    <hidden>
  -------------------------------------------------------------------
                         slack                                  0.556    <hidden>

Slack (MET) :             0.556ns  (required time - arrival time)
  Source:                 s_axi_rval_reg/C
                            (rising edge-triggered cell FDRE clocked by axi_aclk  {rise@0.000ns fall@1.250ns period=2.500ns})
  Destination:            s_axi_rdata_reg[30]/CE
                            (rising edge-triggered cell FDRE clocked by axi_aclk  {rise@0.000ns fall@1.250ns period=2.500ns})
  Path Group:             axi_aclk
  Path Type:              Setup (Max at Slow Process Corner)
  Requirement:            2.500ns  (axi_aclk rise@2.500ns - axi_aclk rise@0.000ns)
  Data Path Delay:        1.513ns  (logic 0.684ns (45.218%)  route 0.829ns (54.782%))
  Logic Levels:           1  (LUT2=1)
  Clock Path Skew:        -0.052ns (DCD - SCD + CPR)
    Destination Clock Delay (DCD):    0.986ns = ( 3.486 - 2.500 ) 
    Source Clock Delay      (SCD):    1.038ns
    Clock Pessimism Removal (CPR):    0.000ns
  Clock Uncertainty:      0.035ns  ((TSJ^2 + TIJ^2)^1/2 + DJ) / 2 + PE
    Total System Jitter     (TSJ):    0.071ns
    Total Input Jitter      (TIJ):    0.000ns
    Discrete Jitter          (DJ):    0.000ns
    Phase Error              (PE):    0.000ns

    Location             Delay type                Incr(ns)  Path(ns)    Netlist Resource(s)
  -------------------------------------------------------------------    -------------------
                         (clock axi_aclk rise edge)
                                                      0.000     0.000 r  <hidden>
                                                      0.000     0.000 r  axi_aclk
                         net (fo=46, unset)           1.038     1.038    axi_aclk
    SLICE_X7Y46          FDRE                                         r  s_axi_rval_reg/C
  -------------------------------------------------------------------    -------------------
    SLICE_X7Y46          FDRE (Prop_fdre_C_Q)         0.536     1.574 f  s_axi_rval_reg/Q
                         net (fo=2, routed)           0.269     1.843    s_axi_rval
    SLICE_X7Y46          LUT2 (Prop_lut2_I1_O)        0.148     1.991 r  s_axi_rdata[31]_i_2/O
                         net (fo=32, routed)          0.559     2.551    s_axi_rdata0
    SLICE_X7Y50          FDRE                                         r  s_axi_rdata_reg[30]/CE
  -------------------------------------------------------------------    -------------------

                         (clock axi_aclk rise edge)
                                                      2.500     2.500 r  <hidden>
                                                      0.000     2.500 r  axi_aclk
                         net (fo=46, unset)           0.986     3.486    axi_aclk
    SLICE_X7Y50          FDRE                                         r  s_axi_rdata_reg[30]/C
                         clock pessimism              0.000     3.486    <hidden>
                         clock uncertainty           -0.035     3.451    <hidden>
    SLICE_X7Y50          FDRE (Setup_fdre_C_CE)      -0.344     3.107    s_axi_rdata_reg[30]
  -------------------------------------------------------------------
                         required time                          3.107    <hidden>
                         arrival time                          -2.551    <hidden>
  -------------------------------------------------------------------
                         slack                                  0.556    <hidden>

Slack (MET) :             0.556ns  (required time - arrival time)
  Source:                 s_axi_rval_reg/C
                            (rising edge-triggered cell FDRE clocked by axi_aclk  {rise@0.000ns fall@1.250ns period=2.500ns})
  Destination:            s_axi_rdata_reg[31]/CE
                            (rising edge-triggered cell FDRE clocked by axi_aclk  {rise@0.000ns fall@1.250ns period=2.500ns})
  Path Group:             axi_aclk
  Path Type:              Setup (Max at Slow Process Corner)
  Requirement:            2.500ns  (axi_aclk rise@2.500ns - axi_aclk rise@0.000ns)
  Data Path Delay:        1.513ns  (logic 0.684ns (45.218%)  route 0.829ns (54.782%))
  Logic Levels:           1  (LUT2=1)
  Clock Path Skew:        -0.052ns (DCD - SCD + CPR)
    Destination Clock Delay (DCD):    0.986ns = ( 3.486 - 2.500 ) 
    Source Clock Delay      (SCD):    1.038ns
    Clock Pessimism Removal (CPR):    0.000ns
  Clock Uncertainty:      0.035ns  ((TSJ^2 + TIJ^2)^1/2 + DJ) / 2 + PE
    Total System Jitter     (TSJ):    0.071ns
    Total Input Jitter      (TIJ):    0.000ns
    Discrete Jitter          (DJ):    0.000ns
    Phase Error              (PE):    0.000ns

    Location             Delay type                Incr(ns)  Path(ns)    Netlist Resource(s)
  -------------------------------------------------------------------    -------------------
                         (clock axi_aclk rise edge)
                                                      0.000     0.000 r  <hidden>
                                                      0.000     0.000 r  axi_aclk
                         net (fo=46, unset)           1.038     1.038    axi_aclk
    SLICE_X7Y46          FDRE                                         r  s_axi_rval_reg/C
  -------------------------------------------------------------------    -------------------
    SLICE_X7Y46          FDRE (Prop_fdre_C_Q)         0.536     1.574 f  s_axi_rval_reg/Q
                         net (fo=2, routed)           0.269     1.843    s_axi_rval
    SLICE_X7Y46          LUT2 (Prop_lut2_I1_O)        0.148     1.991 r  s_axi_rdata[31]_i_2/O
                         net (fo=32, routed)          0.559     2.551    s_axi_rdata0
    SLICE_X7Y50          FDRE                                         r  s_axi_rdata_reg[31]/CE
  -------------------------------------------------------------------    -------------------

                         (clock axi_aclk rise edge)
                                                      2.500     2.500 r  <hidden>
                                                      0.000     2.500 r  axi_aclk
                         net (fo=46, unset)           0.986     3.486    axi_aclk
    SLICE_X7Y50          FDRE                                         r  s_axi_rdata_reg[31]/C
                         clock pessimism              0.000     3.486    <hidden>
                         clock uncertainty           -0.035     3.451    <hidden>
    SLICE_X7Y50          FDRE (Setup_fdre_C_CE)      -0.344     3.107    s_axi_rdata_reg[31]
  -------------------------------------------------------------------
                         required time                          3.107    <hidden>
                         arrival time                          -2.551    <hidden>
  -------------------------------------------------------------------
                         slack                                  0.556    <hidden>

Slack (MET) :             0.566ns  (required time - arrival time)
  Source:                 s_axi_rval_reg/C
                            (rising edge-triggered cell FDRE clocked by axi_aclk  {rise@0.000ns fall@1.250ns period=2.500ns})
  Destination:            s_axi_rdata_reg[23]/CE
                            (rising edge-triggered cell FDRE clocked by axi_aclk  {rise@0.000ns fall@1.250ns period=2.500ns})
  Path Group:             axi_aclk
  Path Type:              Setup (Max at Slow Process Corner)
  Requirement:            2.500ns  (axi_aclk rise@2.500ns - axi_aclk rise@0.000ns)
  Data Path Delay:        1.503ns  (logic 0.684ns (45.505%)  route 0.819ns (54.495%))
  Logic Levels:           1  (LUT2=1)
  Clock Path Skew:        -0.052ns (DCD - SCD + CPR)
    Destination Clock Delay (DCD):    0.986ns = ( 3.486 - 2.500 ) 
    Source Clock Delay      (SCD):    1.038ns
    Clock Pessimism Removal (CPR):    0.000ns
  Clock Uncertainty:      0.035ns  ((TSJ^2 + TIJ^2)^1/2 + DJ) / 2 + PE
    Total System Jitter     (TSJ):    0.071ns
    Total Input Jitter      (TIJ):    0.000ns
    Discrete Jitter          (DJ):    0.000ns
    Phase Error              (PE):    0.000ns

    Location             Delay type                Incr(ns)  Path(ns)    Netlist Resource(s)
  -------------------------------------------------------------------    -------------------
                         (clock axi_aclk rise edge)
                                                      0.000     0.000 r  <hidden>
                                                      0.000     0.000 r  axi_aclk
                         net (fo=46, unset)           1.038     1.038    axi_aclk
    SLICE_X7Y46          FDRE                                         r  s_axi_rval_reg/C
  -------------------------------------------------------------------    -------------------
    SLICE_X7Y46          FDRE (Prop_fdre_C_Q)         0.536     1.574 f  s_axi_rval_reg/Q
                         net (fo=2, routed)           0.269     1.843    s_axi_rval
    SLICE_X7Y46          LUT2 (Prop_lut2_I1_O)        0.148     1.991 r  s_axi_rdata[31]_i_2/O
                         net (fo=32, routed)          0.550     2.541    s_axi_rdata0
    SLICE_X7Y49          FDRE                                         r  s_axi_rdata_reg[23]/CE
  -------------------------------------------------------------------    -------------------

                         (clock axi_aclk rise edge)
                                                      2.500     2.500 r  <hidden>
                                                      0.000     2.500 r  axi_aclk
                         net (fo=46, unset)           0.986     3.486    axi_aclk
    SLICE_X7Y49          FDRE                                         r  s_axi_rdata_reg[23]/C
                         clock pessimism              0.000     3.486    <hidden>
                         clock uncertainty           -0.035     3.451    <hidden>
    SLICE_X7Y49          FDRE (Setup_fdre_C_CE)      -0.344     3.107    s_axi_rdata_reg[23]
  -------------------------------------------------------------------
                         required time                          3.107    <hidden>
                         arrival time                          -2.541    <hidden>
  -------------------------------------------------------------------
                         slack                                  0.566    <hidden>

Slack (MET) :             0.566ns  (required time - arrival time)
  Source:                 s_axi_rval_reg/C
                            (rising edge-triggered cell FDRE clocked by axi_aclk  {rise@0.000ns fall@1.250ns period=2.500ns})
  Destination:            s_axi_rdata_reg[24]/CE
                            (rising edge-triggered cell FDRE clocked by axi_aclk  {rise@0.000ns fall@1.250ns period=2.500ns})
  Path Group:             axi_aclk
  Path Type:              Setup (Max at Slow Process Corner)
  Requirement:            2.500ns  (axi_aclk rise@2.500ns - axi_aclk rise@0.000ns)
  Data Path Delay:        1.503ns  (logic 0.684ns (45.505%)  route 0.819ns (54.495%))
  Logic Levels:           1  (LUT2=1)
  Clock Path Skew:        -0.052ns (DCD - SCD + CPR)
    Destination Clock Delay (DCD):    0.986ns = ( 3.486 - 2.500 ) 
    Source Clock Delay      (SCD):    1.038ns
    Clock Pessimism Removal (CPR):    0.000ns
  Clock Uncertainty:      0.035ns  ((TSJ^2 + TIJ^2)^1/2 + DJ) / 2 + PE
    Total System Jitter     (TSJ):    0.071ns
    Total Input Jitter      (TIJ):    0.000ns
    Discrete Jitter          (DJ):    0.000ns
    Phase Error              (PE):    0.000ns

    Location             Delay type                Incr(ns)  Path(ns)    Netlist Resource(s)
  -------------------------------------------------------------------    -------------------
                         (clock axi_aclk rise edge)
                                                      0.000     0.000 r  <hidden>
                                                      0.000     0.000 r  axi_aclk
                         net (fo=46, unset)           1.038     1.038    axi_aclk
    SLICE_X7Y46          FDRE                                         r  s_axi_rval_reg/C
  -------------------------------------------------------------------    -------------------
    SLICE_X7Y46          FDRE (Prop_fdre_C_Q)         0.536     1.574 f  s_axi_rval_reg/Q
                         net (fo=2, routed)           0.269     1.843    s_axi_rval
    SLICE_X7Y46          LUT2 (Prop_lut2_I1_O)        0.148     1.991 r  s_axi_rdata[31]_i_2/O
                         net (fo=32, routed)          0.550     2.541    s_axi_rdata0
    SLICE_X7Y49          FDRE                                         r  s_axi_rdata_reg[24]/CE
  -------------------------------------------------------------------    -------------------

                         (clock axi_aclk rise edge)
                                                      2.500     2.500 r  <hidden>
                                                      0.000     2.500 r  axi_aclk
                         net (fo=46, unset)           0.986     3.486    axi_aclk
    SLICE_X7Y49          FDRE                                         r  s_axi_rdata_reg[24]/C
                         clock pessimism              0.000     3.486    <hidden>
                         clock uncertainty           -0.035     3.451    <hidden>
    SLICE_X7Y49          FDRE (Setup_fdre_C_CE)      -0.344     3.107    s_axi_rdata_reg[24]
  -------------------------------------------------------------------
                         required time                          3.107    <hidden>
                         arrival time                          -2.541    <hidden>
  -------------------------------------------------------------------
                         slack                                  0.566    <hidden>

Slack (MET) :             0.586ns  (required time - arrival time)
  Source:                 r_clear_watchdog_reg[0]/C
                            (rising edge-triggered cell FDRE clocked by axi_aclk  {rise@0.000ns fall@1.250ns period=2.500ns})
  Destination:            r_clear_watchdog_reg[0]/D
                            (rising edge-triggered cell FDRE clocked by axi_aclk  {rise@0.000ns fall@1.250ns period=2.500ns})
  Path Group:             axi_aclk
  Path Type:              Setup (Max at Slow Process Corner)
  Requirement:            2.500ns  (axi_aclk rise@2.500ns - axi_aclk rise@0.000ns)
  Data Path Delay:        1.937ns  (logic 0.906ns (46.775%)  route 1.031ns (53.225%))
  Logic Levels:           2  (LUT5=1 LUT6=1)
  Clock Path Skew:        -0.052ns (DCD - SCD + CPR)
    Destination Clock Delay (DCD):    0.986ns = ( 3.486 - 2.500 ) 
    Source Clock Delay      (SCD):    1.038ns
    Clock Pessimism Removal (CPR):    0.000ns
  Clock Uncertainty:      0.035ns  ((TSJ^2 + TIJ^2)^1/2 + DJ) / 2 + PE
    Total System Jitter     (TSJ):    0.071ns
    Total Input Jitter      (TIJ):    0.000ns
    Discrete Jitter          (DJ):    0.000ns
    Phase Error              (PE):    0.000ns

    Location             Delay type                Incr(ns)  Path(ns)    Netlist Resource(s)
  -------------------------------------------------------------------    -------------------
                         (clock axi_aclk rise edge)
                                                      0.000     0.000 r  <hidden>
                                                      0.000     0.000 r  axi_aclk
                         net (fo=46, unset)           1.038     1.038    axi_aclk
    SLICE_X8Y44          FDRE                                         r  r_clear_watchdog_reg[0]/C
  -------------------------------------------------------------------    -------------------
    SLICE_X8Y44          FDRE (Prop_fdre_C_Q)         0.610     1.648 r  r_clear_watchdog_reg[0]/Q
                         net (fo=2, routed)           0.277     1.925    r_clear_watchdog_reg_n_0_[0]
    SLICE_X9Y44          LUT6 (Prop_lut6_I5_O)        0.148     2.073 r  r_clear_watchdog[0]_i_2/O
                         net (fo=1, routed)           0.754     2.827    r_clear_watchdog[0]_i_2_n_0
    SLICE_X8Y44          LUT5 (Prop_lut5_I0_O)        0.148     2.975 r  r_clear_watchdog[0]_i_1/O
                         net (fo=1, routed)           0.000     2.975    r_clear_watchdog[0]_i_1_n_0
    SLICE_X8Y44          FDRE                                         r  r_clear_watchdog_reg[0]/D
  -------------------------------------------------------------------    -------------------

                         (clock axi_aclk rise edge)
                                                      2.500     2.500 r  <hidden>
                                                      0.000     2.500 r  axi_aclk
                         net (fo=46, unset)           0.986     3.486    axi_aclk
    SLICE_X8Y44          FDRE                                         r  r_clear_watchdog_reg[0]/C
                         clock pessimism              0.000     3.486    <hidden>
                         clock uncertainty           -0.035     3.451    <hidden>
    SLICE_X8Y44          FDRE (Setup_fdre_C_D)        0.110     3.561    r_clear_watchdog_reg[0]
  -------------------------------------------------------------------
                         required time                          3.561    <hidden>
                         arrival time                          -2.975    <hidden>
  -------------------------------------------------------------------
                         slack                                  0.586    <hidden>

Slack (MET) :             0.602ns  (required time - arrival time)
  Source:                 s_axi_rval_reg/C
                            (rising edge-triggered cell FDRE clocked by axi_aclk  {rise@0.000ns fall@1.250ns period=2.500ns})
  Destination:            s_axi_rdata_reg[0]/CE
                            (rising edge-triggered cell FDRE clocked by axi_aclk  {rise@0.000ns fall@1.250ns period=2.500ns})
  Path Group:             axi_aclk
  Path Type:              Setup (Max at Slow Process Corner)
  Requirement:            2.500ns  (axi_aclk rise@2.500ns - axi_aclk rise@0.000ns)
  Data Path Delay:        1.509ns  (logic 0.684ns (45.335%)  route 0.825ns (54.665%))
  Logic Levels:           1  (LUT2=1)
  Clock Path Skew:        -0.052ns (DCD - SCD + CPR)
    Destination Clock Delay (DCD):    0.986ns = ( 3.486 - 2.500 ) 
    Source Clock Delay      (SCD):    1.038ns
    Clock Pessimism Removal (CPR):    0.000ns
  Clock Uncertainty:      0.035ns  ((TSJ^2 + TIJ^2)^1/2 + DJ) / 2 + PE
    Total System Jitter     (TSJ):    0.071ns
    Total Input Jitter      (TIJ):    0.000ns
    Discrete Jitter          (DJ):    0.000ns
    Phase Error              (PE):    0.000ns

    Location             Delay type                Incr(ns)  Path(ns)    Netlist Resource(s)
  -------------------------------------------------------------------    -------------------
                         (clock axi_aclk rise edge)
                                                      0.000     0.000 r  <hidden>
                                                      0.000     0.000 r  axi_aclk
                         net (fo=46, unset)           1.038     1.038    axi_aclk
    SLICE_X7Y46          FDRE                                         r  s_axi_rval_reg/C
  -------------------------------------------------------------------    -------------------
    SLICE_X7Y46          FDRE (Prop_fdre_C_Q)         0.536     1.574 f  s_axi_rval_reg/Q
                         net (fo=2, routed)           0.269     1.843    s_axi_rval
    SLICE_X7Y46          LUT2 (Prop_lut2_I1_O)        0.148     1.991 r  s_axi_rdata[31]_i_2/O
                         net (fo=32, routed)          0.555     2.547    s_axi_rdata0
    SLICE_X6Y45          FDRE                                         r  s_axi_rdata_reg[0]/CE
  -------------------------------------------------------------------    -------------------

                         (clock axi_aclk rise edge)
                                                      2.500     2.500 r  <hidden>
                                                      0.000     2.500 r  axi_aclk
                         net (fo=46, unset)           0.986     3.486    axi_aclk
    SLICE_X6Y45          FDRE                                         r  s_axi_rdata_reg[0]/C
                         clock pessimism              0.000     3.486    <hidden>
                         clock uncertainty           -0.035     3.451    <hidden>
    SLICE_X6Y45          FDRE (Setup_fdre_C_CE)      -0.302     3.149    s_axi_rdata_reg[0]
  -------------------------------------------------------------------
                         required time                          3.149    <hidden>
                         arrival time                          -2.547    <hidden>
  -------------------------------------------------------------------
                         slack                                  0.602    <hidden>

Slack (MET) :             0.602ns  (required time - arrival time)
  Source:                 s_axi_rval_reg/C
                            (rising edge-triggered cell FDRE clocked by axi_aclk  {rise@0.000ns fall@1.250ns period=2.500ns})
  Destination:            s_axi_rdata_reg[1]/CE
                            (rising edge-triggered cell FDRE clocked by axi_aclk  {rise@0.000ns fall@1.250ns period=2.500ns})
  Path Group:             axi_aclk
  Path Type:              Setup (Max at Slow Process Corner)
  Requirement:            2.500ns  (axi_aclk rise@2.500ns - axi_aclk rise@0.000ns)
  Data Path Delay:        1.509ns  (logic 0.684ns (45.335%)  route 0.825ns (54.665%))
  Logic Levels:           1  (LUT2=1)
  Clock Path Skew:        -0.052ns (DCD - SCD + CPR)
    Destination Clock Delay (DCD):    0.986ns = ( 3.486 - 2.500 ) 
    Source Clock Delay      (SCD):    1.038ns
    Clock Pessimism Removal (CPR):    0.000ns
  Clock Uncertainty:      0.035ns  ((TSJ^2 + TIJ^2)^1/2 + DJ) / 2 + PE
    Total System Jitter     (TSJ):    0.071ns
    Total Input Jitter      (TIJ):    0.000ns
    Discrete Jitter          (DJ):    0.000ns
    Phase Error              (PE):    0.000ns

    Location             Delay type                Incr(ns)  Path(ns)    Netlist Resource(s)
  -------------------------------------------------------------------    -------------------
                         (clock axi_aclk rise edge)
                                                      0.000     0.000 r  <hidden>
                                                      0.000     0.000 r  axi_aclk
                         net (fo=46, unset)           1.038     1.038    axi_aclk
    SLICE_X7Y46          FDRE                                         r  s_axi_rval_reg/C
  -------------------------------------------------------------------    -------------------
    SLICE_X7Y46          FDRE (Prop_fdre_C_Q)         0.536     1.574 f  s_axi_rval_reg/Q
                         net (fo=2, routed)           0.269     1.843    s_axi_rval
    SLICE_X7Y46          LUT2 (Prop_lut2_I1_O)        0.148     1.991 r  s_axi_rdata[31]_i_2/O
                         net (fo=32, routed)          0.555     2.547    s_axi_rdata0
    SLICE_X6Y45          FDRE                                         r  s_axi_rdata_reg[1]/CE
  -------------------------------------------------------------------    -------------------

                         (clock axi_aclk rise edge)
                                                      2.500     2.500 r  <hidden>
                                                      0.000     2.500 r  axi_aclk
                         net (fo=46, unset)           0.986     3.486    axi_aclk
    SLICE_X6Y45          FDRE                                         r  s_axi_rdata_reg[1]/C
                         clock pessimism              0.000     3.486    <hidden>
                         clock uncertainty           -0.035     3.451    <hidden>
    SLICE_X6Y45          FDRE (Setup_fdre_C_CE)      -0.302     3.149    s_axi_rdata_reg[1]
  -------------------------------------------------------------------
                         required time                          3.149    <hidden>
                         arrival time                          -2.547    <hidden>
  -------------------------------------------------------------------
                         slack                                  0.602    <hidden>





Min Delay Paths
--------------------------------------------------------------------------------------
Slack (MET) :             0.142ns  (arrival time - required time)
  Source:                 core_inst/sync_paradox_reg1_reg[0]/C
                            (rising edge-triggered cell FDRE clocked by axi_aclk  {rise@0.000ns fall@1.250ns period=2.500ns})
  Destination:            core_inst/sync_paradox_reg2_reg[0]/D
                            (rising edge-triggered cell FDRE clocked by axi_aclk  {rise@0.000ns fall@1.250ns period=2.500ns})
  Path Group:             axi_aclk
  Path Type:              Hold (Min at Fast Process Corner)
  Requirement:            0.000ns  (axi_aclk rise@0.000ns - axi_aclk rise@0.000ns)
  Data Path Delay:        0.265ns  (logic 0.193ns (72.707%)  route 0.072ns (27.293%))
  Logic Levels:           0  
  Clock Path Skew:        0.027ns (DCD - SCD - CPR)
    Destination Clock Delay (DCD):    0.542ns
    Source Clock Delay      (SCD):    0.515ns
    Clock Pessimism Removal (CPR):    -0.000ns

    Location             Delay type                Incr(ns)  Path(ns)    Netlist Resource(s)
  -------------------------------------------------------------------    -------------------
                         (clock axi_aclk rise edge)
                                                      0.000     0.000 r  <hidden>
                                                      0.000     0.000 r  axi_aclk
                         net (fo=46, unset)           0.515     0.515    core_inst/axi_aclk
    SLICE_X1Y44          FDRE                                         r  core_inst/sync_paradox_reg1_reg[0]/C
  -------------------------------------------------------------------    -------------------
    SLICE_X1Y44          FDRE (Prop_fdre_C_Q)         0.193     0.708 r  core_inst/sync_paradox_reg1_reg[0]/Q
                         net (fo=1, routed)           0.072     0.780    core_inst/sync_paradox_reg1[0]
    SLICE_X1Y44          FDRE                                         r  core_inst/sync_paradox_reg2_reg[0]/D
  -------------------------------------------------------------------    -------------------

                         (clock axi_aclk rise edge)
                                                      0.000     0.000 r  <hidden>
                                                      0.000     0.000 r  axi_aclk
                         net (fo=46, unset)           0.542     0.542    core_inst/axi_aclk
    SLICE_X1Y44          FDRE                                         r  core_inst/sync_paradox_reg2_reg[0]/C
                         clock pessimism              0.000     0.542    <hidden>
    SLICE_X1Y44          FDRE (Hold_fdre_C_D)         0.096     0.638    core_inst/sync_paradox_reg2_reg[0]
  -------------------------------------------------------------------
                         required time                         -0.638    <hidden>
                         arrival time                           0.780    <hidden>
  -------------------------------------------------------------------
                         slack                                  0.142    <hidden>

Slack (MET) :             0.142ns  (arrival time - required time)
  Source:                 core_inst/sync_threat_reg1_reg[0]/C
                            (rising edge-triggered cell FDRE clocked by axi_aclk  {rise@0.000ns fall@1.250ns period=2.500ns})
  Destination:            core_inst/sync_threat_reg2_reg[0]/D
                            (rising edge-triggered cell FDRE clocked by axi_aclk  {rise@0.000ns fall@1.250ns period=2.500ns})
  Path Group:             axi_aclk
  Path Type:              Hold (Min at Fast Process Corner)
  Requirement:            0.000ns  (axi_aclk rise@0.000ns - axi_aclk rise@0.000ns)
  Data Path Delay:        0.265ns  (logic 0.193ns (72.707%)  route 0.072ns (27.293%))
  Logic Levels:           0  
  Clock Path Skew:        0.027ns (DCD - SCD - CPR)
    Destination Clock Delay (DCD):    0.542ns
    Source Clock Delay      (SCD):    0.515ns
    Clock Pessimism Removal (CPR):    -0.000ns

    Location             Delay type                Incr(ns)  Path(ns)    Netlist Resource(s)
  -------------------------------------------------------------------    -------------------
                         (clock axi_aclk rise edge)
                                                      0.000     0.000 r  <hidden>
                                                      0.000     0.000 r  axi_aclk
                         net (fo=46, unset)           0.515     0.515    core_inst/axi_aclk
    SLICE_X1Y43          FDRE                                         r  core_inst/sync_threat_reg1_reg[0]/C
  -------------------------------------------------------------------    -------------------
    SLICE_X1Y43          FDRE (Prop_fdre_C_Q)         0.193     0.708 r  core_inst/sync_threat_reg1_reg[0]/Q
                         net (fo=1, routed)           0.072     0.780    core_inst/sync_threat_reg1[0]
    SLICE_X1Y43          FDRE                                         r  core_inst/sync_threat_reg2_reg[0]/D
  -------------------------------------------------------------------    -------------------

                         (clock axi_aclk rise edge)
                                                      0.000     0.000 r  <hidden>
                                                      0.000     0.000 r  axi_aclk
                         net (fo=46, unset)           0.542     0.542    core_inst/axi_aclk
    SLICE_X1Y43          FDRE                                         r  core_inst/sync_threat_reg2_reg[0]/C
                         clock pessimism              0.000     0.542    <hidden>
    SLICE_X1Y43          FDRE (Hold_fdre_C_D)         0.096     0.638    core_inst/sync_threat_reg2_reg[0]
  -------------------------------------------------------------------
                         required time                         -0.638    <hidden>
                         arrival time                           0.780    <hidden>
  -------------------------------------------------------------------
                         slack                                  0.142    <hidden>

Slack (MET) :             0.152ns  (arrival time - required time)
  Source:                 core_inst/sync_paradox_reg1_reg[1]/C
                            (rising edge-triggered cell FDRE clocked by axi_aclk  {rise@0.000ns fall@1.250ns period=2.500ns})
  Destination:            core_inst/sync_paradox_reg2_reg[1]/D
                            (rising edge-triggered cell FDRE clocked by axi_aclk  {rise@0.000ns fall@1.250ns period=2.500ns})
  Path Group:             axi_aclk
  Path Type:              Hold (Min at Fast Process Corner)
  Requirement:            0.000ns  (axi_aclk rise@0.000ns - axi_aclk rise@0.000ns)
  Data Path Delay:        0.276ns  (logic 0.193ns (70.035%)  route 0.083ns (29.965%))
  Logic Levels:           0  
  Clock Path Skew:        0.027ns (DCD - SCD - CPR)
    Destination Clock Delay (DCD):    0.542ns
    Source Clock Delay      (SCD):    0.515ns
    Clock Pessimism Removal (CPR):    -0.000ns

    Location             Delay type                Incr(ns)  Path(ns)    Netlist Resource(s)
  -------------------------------------------------------------------    -------------------
                         (clock axi_aclk rise edge)
                                                      0.000     0.000 r  <hidden>
                                                      0.000     0.000 r  axi_aclk
                         net (fo=46, unset)           0.515     0.515    core_inst/axi_aclk
    SLICE_X0Y46          FDRE                                         r  core_inst/sync_paradox_reg1_reg[1]/C
  -------------------------------------------------------------------    -------------------
    SLICE_X0Y46          FDRE (Prop_fdre_C_Q)         0.193     0.708 r  core_inst/sync_paradox_reg1_reg[1]/Q
                         net (fo=1, routed)           0.083     0.790    core_inst/sync_paradox_reg1[1]
    SLICE_X0Y46          FDRE                                         r  core_inst/sync_paradox_reg2_reg[1]/D
  -------------------------------------------------------------------    -------------------

                         (clock axi_aclk rise edge)
                                                      0.000     0.000 r  <hidden>
                                                      0.000     0.000 r  axi_aclk
                         net (fo=46, unset)           0.542     0.542    core_inst/axi_aclk
    SLICE_X0Y46          FDRE                                         r  core_inst/sync_paradox_reg2_reg[1]/C
                         clock pessimism              0.000     0.542    <hidden>
    SLICE_X0Y46          FDRE (Hold_fdre_C_D)         0.096     0.638    core_inst/sync_paradox_reg2_reg[1]
  -------------------------------------------------------------------
                         required time                         -0.638    <hidden>
                         arrival time                           0.790    <hidden>
  -------------------------------------------------------------------
                         slack                                  0.152    <hidden>

Slack (MET) :             0.199ns  (arrival time - required time)
  Source:                 core_inst/sync_threat_reg1_reg[1]/C
                            (rising edge-triggered cell FDRE clocked by axi_aclk  {rise@0.000ns fall@1.250ns period=2.500ns})
  Destination:            core_inst/sync_threat_reg2_reg[1]/D
                            (rising edge-triggered cell FDRE clocked by axi_aclk  {rise@0.000ns fall@1.250ns period=2.500ns})
  Path Group:             axi_aclk
  Path Type:              Hold (Min at Fast Process Corner)
  Requirement:            0.000ns  (axi_aclk rise@0.000ns - axi_aclk rise@0.000ns)
  Data Path Delay:        0.295ns  (logic 0.223ns (75.479%)  route 0.072ns (24.521%))
  Logic Levels:           0  
  Clock Path Skew:        0.027ns (DCD - SCD - CPR)
    Destination Clock Delay (DCD):    0.542ns
    Source Clock Delay      (SCD):    0.515ns
    Clock Pessimism Removal (CPR):    -0.000ns

    Location             Delay type                Incr(ns)  Path(ns)    Netlist Resource(s)
  -------------------------------------------------------------------    -------------------
                         (clock axi_aclk rise edge)
                                                      0.000     0.000 r  <hidden>
                                                      0.000     0.000 r  axi_aclk
                         net (fo=46, unset)           0.515     0.515    core_inst/axi_aclk
    SLICE_X2Y41          FDRE                                         r  core_inst/sync_threat_reg1_reg[1]/C
  -------------------------------------------------------------------    -------------------
    SLICE_X2Y41          FDRE (Prop_fdre_C_Q)         0.223     0.738 r  core_inst/sync_threat_reg1_reg[1]/Q
                         net (fo=1, routed)           0.072     0.810    core_inst/sync_threat_reg1[1]
    SLICE_X2Y41          FDRE                                         r  core_inst/sync_threat_reg2_reg[1]/D
  -------------------------------------------------------------------    -------------------

                         (clock axi_aclk rise edge)
                                                      0.000     0.000 r  <hidden>
                                                      0.000     0.000 r  axi_aclk
                         net (fo=46, unset)           0.542     0.542    core_inst/axi_aclk
    SLICE_X2Y41          FDRE                                         r  core_inst/sync_threat_reg2_reg[1]/C
                         clock pessimism              0.000     0.542    <hidden>
    SLICE_X2Y41          FDRE (Hold_fdre_C_D)         0.069     0.611    core_inst/sync_threat_reg2_reg[1]
  -------------------------------------------------------------------
                         required time                         -0.611    <hidden>
                         arrival time                           0.810    <hidden>
  -------------------------------------------------------------------
                         slack                                  0.199    <hidden>

Slack (MET) :             0.314ns  (arrival time - required time)
  Source:                 r_paradox_mask_reg[0]/C
                            (rising edge-triggered cell FDRE clocked by axi_aclk  {rise@0.000ns fall@1.250ns period=2.500ns})
  Destination:            r_paradox_mask_reg[0]/D
                            (rising edge-triggered cell FDRE clocked by axi_aclk  {rise@0.000ns fall@1.250ns period=2.500ns})
  Path Group:             axi_aclk
  Path Type:              Hold (Min at Fast Process Corner)
  Requirement:            0.000ns  (axi_aclk rise@0.000ns - axi_aclk rise@0.000ns)
  Data Path Delay:        0.465ns  (logic 0.255ns (54.839%)  route 0.210ns (45.161%))
  Logic Levels:           1  (LUT6=1)
  Clock Path Skew:        0.027ns (DCD - SCD - CPR)
    Destination Clock Delay (DCD):    0.542ns
    Source Clock Delay      (SCD):    0.515ns
    Clock Pessimism Removal (CPR):    -0.000ns

    Location             Delay type                Incr(ns)  Path(ns)    Netlist Resource(s)
  -------------------------------------------------------------------    -------------------
                         (clock axi_aclk rise edge)
                                                      0.000     0.000 r  <hidden>
                                                      0.000     0.000 r  axi_aclk
                         net (fo=46, unset)           0.515     0.515    axi_aclk
    SLICE_X0Y44          FDRE                                         r  r_paradox_mask_reg[0]/C
  -------------------------------------------------------------------    -------------------
    SLICE_X0Y44          FDRE (Prop_fdre_C_Q)         0.193     0.708 r  r_paradox_mask_reg[0]/Q
                         net (fo=2, routed)           0.210     0.918    r_paradox_mask_reg_n_0_[0]
    SLICE_X0Y44          LUT6 (Prop_lut6_I5_O)        0.062     0.980 r  r_paradox_mask[0]_i_1/O
                         net (fo=1, routed)           0.000     0.980    r_paradox_mask[0]_i_1_n_0
    SLICE_X0Y44          FDRE                                         r  r_paradox_mask_reg[0]/D
  -------------------------------------------------------------------    -------------------

                         (clock axi_aclk rise edge)
                                                      0.000     0.000 r  <hidden>
                                                      0.000     0.000 r  axi_aclk
                         net (fo=46, unset)           0.542     0.542    axi_aclk
    SLICE_X0Y44          FDRE                                         r  r_paradox_mask_reg[0]/C
                         clock pessimism              0.000     0.542    <hidden>
    SLICE_X0Y44          FDRE (Hold_fdre_C_D)         0.124     0.666    r_paradox_mask_reg[0]
  -------------------------------------------------------------------
                         required time                         -0.666    <hidden>
                         arrival time                           0.980    <hidden>
  -------------------------------------------------------------------
                         slack                                  0.314    <hidden>

Slack (MET) :             0.314ns  (arrival time - required time)
  Source:                 r_threat_mask_reg[0]/C
                            (rising edge-triggered cell FDSE clocked by axi_aclk  {rise@0.000ns fall@1.250ns period=2.500ns})
  Destination:            r_threat_mask_reg[0]/D
                            (rising edge-triggered cell FDSE clocked by axi_aclk  {rise@0.000ns fall@1.250ns period=2.500ns})
  Path Group:             axi_aclk
  Path Type:              Hold (Min at Fast Process Corner)
  Requirement:            0.000ns  (axi_aclk rise@0.000ns - axi_aclk rise@0.000ns)
  Data Path Delay:        0.465ns  (logic 0.255ns (54.839%)  route 0.210ns (45.161%))
  Logic Levels:           1  (LUT6=1)
  Clock Path Skew:        0.027ns (DCD - SCD - CPR)
    Destination Clock Delay (DCD):    0.542ns
    Source Clock Delay      (SCD):    0.515ns
    Clock Pessimism Removal (CPR):    -0.000ns

    Location             Delay type                Incr(ns)  Path(ns)    Netlist Resource(s)
  -------------------------------------------------------------------    -------------------
                         (clock axi_aclk rise edge)
                                                      0.000     0.000 r  <hidden>
                                                      0.000     0.000 r  axi_aclk
                         net (fo=46, unset)           0.515     0.515    axi_aclk
    SLICE_X0Y43          FDSE                                         r  r_threat_mask_reg[0]/C
  -------------------------------------------------------------------    -------------------
    SLICE_X0Y43          FDSE (Prop_fdse_C_Q)         0.193     0.708 r  r_threat_mask_reg[0]/Q
                         net (fo=2, routed)           0.210     0.918    r_threat_mask_reg_n_0_[0]
    SLICE_X0Y43          LUT6 (Prop_lut6_I5_O)        0.062     0.980 r  r_threat_mask[0]_i_1/O
                         net (fo=1, routed)           0.000     0.980    r_threat_mask[0]_i_1_n_0
    SLICE_X0Y43          FDSE                                         r  r_threat_mask_reg[0]/D
  -------------------------------------------------------------------    -------------------

                         (clock axi_aclk rise edge)
                                                      0.000     0.000 r  <hidden>
                                                      0.000     0.000 r  axi_aclk
                         net (fo=46, unset)           0.542     0.542    axi_aclk
    SLICE_X0Y43          FDSE                                         r  r_threat_mask_reg[0]/C
                         clock pessimism              0.000     0.542    <hidden>
    SLICE_X0Y43          FDSE (Hold_fdse_C_D)         0.124     0.666    r_threat_mask_reg[0]
  -------------------------------------------------------------------
                         required time                         -0.666    <hidden>
                         arrival time                           0.980    <hidden>
  -------------------------------------------------------------------
                         slack                                  0.314    <hidden>

Slack (MET) :             0.316ns  (arrival time - required time)
  Source:                 r_threat_mask_reg[1]/C
                            (rising edge-triggered cell FDSE clocked by axi_aclk  {rise@0.000ns fall@1.250ns period=2.500ns})
  Destination:            r_threat_mask_reg[1]/D
                            (rising edge-triggered cell FDSE clocked by axi_aclk  {rise@0.000ns fall@1.250ns period=2.500ns})
  Path Group:             axi_aclk
  Path Type:              Hold (Min at Fast Process Corner)
  Requirement:            0.000ns  (axi_aclk rise@0.000ns - axi_aclk rise@0.000ns)
  Data Path Delay:        0.502ns  (logic 0.285ns (56.772%)  route 0.217ns (43.228%))
  Logic Levels:           1  (LUT6=1)
  Clock Path Skew:        0.027ns (DCD - SCD - CPR)
    Destination Clock Delay (DCD):    0.542ns
    Source Clock Delay      (SCD):    0.515ns
    Clock Pessimism Removal (CPR):    -0.000ns

    Location             Delay type                Incr(ns)  Path(ns)    Netlist Resource(s)
  -------------------------------------------------------------------    -------------------
                         (clock axi_aclk rise edge)
                                                      0.000     0.000 r  <hidden>
                                                      0.000     0.000 r  axi_aclk
                         net (fo=46, unset)           0.515     0.515    axi_aclk
    SLICE_X2Y42          FDSE                                         r  r_threat_mask_reg[1]/C
  -------------------------------------------------------------------    -------------------
    SLICE_X2Y42          FDSE (Prop_fdse_C_Q)         0.223     0.738 r  r_threat_mask_reg[1]/Q
                         net (fo=2, routed)           0.217     0.955    r_threat_mask_reg_n_0_[1]
    SLICE_X2Y42          LUT6 (Prop_lut6_I5_O)        0.062     1.017 r  r_threat_mask[1]_i_1/O
                         net (fo=1, routed)           0.000     1.017    r_threat_mask[1]_i_1_n_0
    SLICE_X2Y42          FDSE                                         r  r_threat_mask_reg[1]/D
  -------------------------------------------------------------------    -------------------

                         (clock axi_aclk rise edge)
                                                      0.000     0.000 r  <hidden>
                                                      0.000     0.000 r  axi_aclk
                         net (fo=46, unset)           0.542     0.542    axi_aclk
    SLICE_X2Y42          FDSE                                         r  r_threat_mask_reg[1]/C
                         clock pessimism              0.000     0.542    <hidden>
    SLICE_X2Y42          FDSE (Hold_fdse_C_D)         0.159     0.701    r_threat_mask_reg[1]
  -------------------------------------------------------------------
                         required time                         -0.701    <hidden>
                         arrival time                           1.017    <hidden>
  -------------------------------------------------------------------
                         slack                                  0.316    <hidden>

Slack (MET) :             0.326ns  (arrival time - required time)
  Source:                 r_paradox_mask_reg[1]/C
                            (rising edge-triggered cell FDRE clocked by axi_aclk  {rise@0.000ns fall@1.250ns period=2.500ns})
  Destination:            r_paradox_mask_reg[1]/D
                            (rising edge-triggered cell FDRE clocked by axi_aclk  {rise@0.000ns fall@1.250ns period=2.500ns})
  Path Group:             axi_aclk
  Path Type:              Hold (Min at Fast Process Corner)
  Requirement:            0.000ns  (axi_aclk rise@0.000ns - axi_aclk rise@0.000ns)
  Data Path Delay:        0.478ns  (logic 0.255ns (53.400%)  route 0.223ns (46.600%))
  Logic Levels:           1  (LUT6=1)
  Clock Path Skew:        0.027ns (DCD - SCD - CPR)
    Destination Clock Delay (DCD):    0.542ns
    Source Clock Delay      (SCD):    0.515ns
    Clock Pessimism Removal (CPR):    -0.000ns

    Location             Delay type                Incr(ns)  Path(ns)    Netlist Resource(s)
  -------------------------------------------------------------------    -------------------
                         (clock axi_aclk rise edge)
                                                      0.000     0.000 r  <hidden>
                                                      0.000     0.000 r  axi_aclk
                         net (fo=46, unset)           0.515     0.515    axi_aclk
    SLICE_X0Y47          FDRE                                         r  r_paradox_mask_reg[1]/C
  -------------------------------------------------------------------    -------------------
    SLICE_X0Y47          FDRE (Prop_fdre_C_Q)         0.193     0.708 r  r_paradox_mask_reg[1]/Q
                         net (fo=2, routed)           0.223     0.930    r_paradox_mask_reg_n_0_[1]
    SLICE_X0Y47          LUT6 (Prop_lut6_I5_O)        0.062     0.992 r  r_paradox_mask[1]_i_1/O
                         net (fo=1, routed)           0.000     0.992    r_paradox_mask[1]_i_1_n_0
    SLICE_X0Y47          FDRE                                         r  r_paradox_mask_reg[1]/D
  -------------------------------------------------------------------    -------------------

                         (clock axi_aclk rise edge)
                                                      0.000     0.000 r  <hidden>
                                                      0.000     0.000 r  axi_aclk
                         net (fo=46, unset)           0.542     0.542    axi_aclk
    SLICE_X0Y47          FDRE                                         r  r_paradox_mask_reg[1]/C
                         clock pessimism              0.000     0.542    <hidden>
    SLICE_X0Y47          FDRE (Hold_fdre_C_D)         0.124     0.666    r_paradox_mask_reg[1]
  -------------------------------------------------------------------
                         required time                         -0.666    <hidden>
                         arrival time                           0.992    <hidden>
  -------------------------------------------------------------------
                         slack                                  0.326    <hidden>

Slack (MET) :             0.371ns  (arrival time - required time)
  Source:                 s_axi_rval_reg/C
                            (rising edge-triggered cell FDRE clocked by axi_aclk  {rise@0.000ns fall@1.250ns period=2.500ns})
  Destination:            s_axi_rval_reg/D
                            (rising edge-triggered cell FDRE clocked by axi_aclk  {rise@0.000ns fall@1.250ns period=2.500ns})
  Path Group:             axi_aclk
  Path Type:              Hold (Min at Fast Process Corner)
  Requirement:            0.000ns  (axi_aclk rise@0.000ns - axi_aclk rise@0.000ns)
  Data Path Delay:        0.522ns  (logic 0.255ns (48.825%)  route 0.267ns (51.175%))
  Logic Levels:           1  (LUT4=1)
  Clock Path Skew:        0.027ns (DCD - SCD - CPR)
    Destination Clock Delay (DCD):    0.542ns
    Source Clock Delay      (SCD):    0.515ns
    Clock Pessimism Removal (CPR):    -0.000ns

    Location             Delay type                Incr(ns)  Path(ns)    Netlist Resource(s)
  -------------------------------------------------------------------    -------------------
                         (clock axi_aclk rise edge)
                                                      0.000     0.000 r  <hidden>
                                                      0.000     0.000 r  axi_aclk
                         net (fo=46, unset)           0.515     0.515    axi_aclk
    SLICE_X7Y46          FDRE                                         r  s_axi_rval_reg/C
  -------------------------------------------------------------------    -------------------
    SLICE_X7Y46          FDRE (Prop_fdre_C_Q)         0.193     0.708 r  s_axi_rval_reg/Q
                         net (fo=2, routed)           0.267     0.975    s_axi_rval
    SLICE_X7Y46          LUT4 (Prop_lut4_I1_O)        0.062     1.037 r  s_axi_rval_i_1/O
                         net (fo=1, routed)           0.000     1.037    s_axi_rval_i_1_n_0
    SLICE_X7Y46          FDRE                                         r  s_axi_rval_reg/D
  -------------------------------------------------------------------    -------------------

                         (clock axi_aclk rise edge)
                                                      0.000     0.000 r  <hidden>
                                                      0.000     0.000 r  axi_aclk
                         net (fo=46, unset)           0.542     0.542    axi_aclk
    SLICE_X7Y46          FDRE                                         r  s_axi_rval_reg/C
                         clock pessimism              0.000     0.542    <hidden>
    SLICE_X7Y46          FDRE (Hold_fdre_C_D)         0.124     0.666    s_axi_rval_reg
  -------------------------------------------------------------------
                         required time                         -0.666    <hidden>
                         arrival time                           1.037    <hidden>
  -------------------------------------------------------------------
                         slack                                  0.371    <hidden>

Slack (MET) :             0.426ns  (arrival time - required time)
  Source:                 s_axi_rval_reg/C
                            (rising edge-triggered cell FDRE clocked by axi_aclk  {rise@0.000ns fall@1.250ns period=2.500ns})
  Destination:            s_axi_rdata_reg[20]/CE
                            (rising edge-triggered cell FDRE clocked by axi_aclk  {rise@0.000ns fall@1.250ns period=2.500ns})
  Path Group:             axi_aclk
  Path Type:              Hold (Min at Fast Process Corner)
  Requirement:            0.000ns  (axi_aclk rise@0.000ns - axi_aclk rise@0.000ns)
  Data Path Delay:        0.635ns  (logic 0.255ns (40.135%)  route 0.380ns (59.865%))
  Logic Levels:           1  (LUT2=1)
  Clock Path Skew:        0.027ns (DCD - SCD - CPR)
    Destination Clock Delay (DCD):    0.542ns
    Source Clock Delay      (SCD):    0.515ns
    Clock Pessimism Removal (CPR):    -0.000ns

    Location             Delay type                Incr(ns)  Path(ns)    Netlist Resource(s)
  -------------------------------------------------------------------    -------------------
                         (clock axi_aclk rise edge)
                                                      0.000     0.000 r  <hidden>
                                                      0.000     0.000 r  axi_aclk
                         net (fo=46, unset)           0.515     0.515    axi_aclk
    SLICE_X7Y46          FDRE                                         r  s_axi_rval_reg/C
  -------------------------------------------------------------------    -------------------
    SLICE_X7Y46          FDRE (Prop_fdre_C_Q)         0.193     0.708 f  s_axi_rval_reg/Q
                         net (fo=2, routed)           0.134     0.842    s_axi_rval
    SLICE_X7Y46          LUT2 (Prop_lut2_I1_O)        0.062     0.904 r  s_axi_rdata[31]_i_2/O
                         net (fo=32, routed)          0.246     1.150    s_axi_rdata0
    SLICE_X6Y44          FDRE                                         r  s_axi_rdata_reg[20]/CE
  -------------------------------------------------------------------    -------------------

                         (clock axi_aclk rise edge)
                                                      0.000     0.000 r  <hidden>
                                                      0.000     0.000 r  axi_aclk
                         net (fo=46, unset)           0.542     0.542    axi_aclk
    SLICE_X6Y44          FDRE                                         r  s_axi_rdata_reg[20]/C
                         clock pessimism              0.000     0.542    <hidden>
    SLICE_X6Y44          FDRE (Hold_fdre_C_CE)        0.182     0.724    s_axi_rdata_reg[20]
  -------------------------------------------------------------------
                         required time                         -0.724    <hidden>
                         arrival time                           1.150    <hidden>
  -------------------------------------------------------------------
                         slack                                  0.426    <hidden>





Pulse Width Checks
--------------------------------------------------------------------------------------
Clock Name:         axi_aclk
Waveform(ns):       { 0.000 1.250 }
Period(ns):         2.500
Sources:            { axi_aclk }

Check Type        Corner  Lib Pin  Reference Pin  Required(ns)  Actual(ns)  Slack(ns)  Location      Pin
Min Period        n/a     FDRE/C   n/a            1.000         2.500       1.500      SLICE_X8Y44   r_clear_watchdog_reg[0]/C
Min Period        n/a     FDRE/C   n/a            1.000         2.500       1.500      SLICE_X0Y44   r_paradox_mask_reg[0]/C
Min Period        n/a     FDRE/C   n/a            1.000         2.500       1.500      SLICE_X0Y47   r_paradox_mask_reg[1]/C
Min Period        n/a     FDSE/C   n/a            1.000         2.500       1.500      SLICE_X0Y43   r_threat_mask_reg[0]/C
Min Period        n/a     FDSE/C   n/a            1.000         2.500       1.500      SLICE_X2Y42   r_threat_mask_reg[1]/C
Min Period        n/a     FDRE/C   n/a            1.000         2.500       1.500      SLICE_X20Y48  s_axi_bval_reg/C
Min Period        n/a     FDRE/C   n/a            1.000         2.500       1.500      SLICE_X6Y45   s_axi_rdata_reg[0]/C
Min Period        n/a     FDRE/C   n/a            1.000         2.500       1.500      SLICE_X7Y45   s_axi_rdata_reg[10]/C
Min Period        n/a     FDRE/C   n/a            1.000         2.500       1.500      SLICE_X7Y45   s_axi_rdata_reg[11]/C
Min Period        n/a     FDRE/C   n/a            1.000         2.500       1.500      SLICE_X6Y46   s_axi_rdata_reg[12]/C
Low Pulse Width   Slow    FDRE/C   n/a            0.500         1.250       0.750      SLICE_X8Y44   r_clear_watchdog_reg[0]/C
Low Pulse Width   Fast    FDRE/C   n/a            0.500         1.250       0.750      SLICE_X8Y44   r_clear_watchdog_reg[0]/C
Low Pulse Width   Slow    FDRE/C   n/a            0.500         1.250       0.750      SLICE_X0Y44   r_paradox_mask_reg[0]/C
Low Pulse Width   Fast    FDRE/C   n/a            0.500         1.250       0.750      SLICE_X0Y44   r_paradox_mask_reg[0]/C
Low Pulse Width   Slow    FDRE/C   n/a            0.500         1.250       0.750      SLICE_X0Y47   r_paradox_mask_reg[1]/C
Low Pulse Width   Fast    FDRE/C   n/a            0.500         1.250       0.750      SLICE_X0Y47   r_paradox_mask_reg[1]/C
Low Pulse Width   Slow    FDSE/C   n/a            0.500         1.250       0.750      SLICE_X0Y43   r_threat_mask_reg[0]/C
Low Pulse Width   Fast    FDSE/C   n/a            0.500         1.250       0.750      SLICE_X0Y43   r_threat_mask_reg[0]/C
Low Pulse Width   Slow    FDSE/C   n/a            0.500         1.250       0.750      SLICE_X2Y42   r_threat_mask_reg[1]/C
Low Pulse Width   Fast    FDSE/C   n/a            0.500         1.250       0.750      SLICE_X2Y42   r_threat_mask_reg[1]/C
High Pulse Width  Slow    FDRE/C   n/a            0.500         1.250       0.750      SLICE_X8Y44   r_clear_watchdog_reg[0]/C
High Pulse Width  Fast    FDRE/C   n/a            0.500         1.250       0.750      SLICE_X8Y44   r_clear_watchdog_reg[0]/C
High Pulse Width  Slow    FDRE/C   n/a            0.500         1.250       0.750      SLICE_X0Y44   r_paradox_mask_reg[0]/C
High Pulse Width  Fast    FDRE/C   n/a            0.500         1.250       0.750      SLICE_X0Y44   r_paradox_mask_reg[0]/C
High Pulse Width  Slow    FDRE/C   n/a            0.500         1.250       0.750      SLICE_X0Y47   r_paradox_mask_reg[1]/C
High Pulse Width  Fast    FDRE/C   n/a            0.500         1.250       0.750      SLICE_X0Y47   r_paradox_mask_reg[1]/C
High Pulse Width  Slow    FDSE/C   n/a            0.500         1.250       0.750      SLICE_X0Y43   r_threat_mask_reg[0]/C
High Pulse Width  Fast    FDSE/C   n/a            0.500         1.250       0.750      SLICE_X0Y43   r_threat_mask_reg[0]/C
High Pulse Width  Slow    FDSE/C   n/a            0.500         1.250       0.750      SLICE_X2Y42   r_threat_mask_reg[1]/C
High Pulse Width  Fast    FDSE/C   n/a            0.500         1.250       0.750      SLICE_X2Y42   r_threat_mask_reg[1]/C



---------------------------------------------------------------------------------------------------
From Clock:  phy_rx_clk
  To Clock:  phy_rx_clk

Setup :            0  Failing Endpoints,  Worst Slack        3.891ns,  Total Violation        0.000ns
Hold  :            0  Failing Endpoints,  Worst Slack        0.165ns,  Total Violation        0.000ns
PW    :            0  Failing Endpoints,  Worst Slack        3.500ns,  Total Violation        0.000ns
---------------------------------------------------------------------------------------------------


Max Delay Paths
--------------------------------------------------------------------------------------
Slack (MET) :             3.891ns  (required time - arrival time)
  Source:                 core_inst/sync_clear_wd2_reg/C
                            (rising edge-triggered cell FDRE clocked by phy_rx_clk  {rise@0.000ns fall@4.000ns period=8.000ns})
  Destination:            core_inst/r_count_clean_reg[28]/CE
                            (rising edge-triggered cell FDRE clocked by phy_rx_clk  {rise@0.000ns fall@4.000ns period=8.000ns})
  Path Group:             phy_rx_clk
  Path Type:              Setup (Max at Slow Process Corner)
  Requirement:            8.000ns  (phy_rx_clk rise@8.000ns - phy_rx_clk rise@0.000ns)
  Data Path Delay:        3.552ns  (logic 0.810ns (22.807%)  route 2.742ns (77.193%))
  Logic Levels:           1  (LUT5=1)
  Clock Path Skew:        -0.220ns (DCD - SCD + CPR)
    Destination Clock Delay (DCD):    2.800ns = ( 10.800 - 8.000 ) 
    Source Clock Delay      (SCD):    3.086ns
    Clock Pessimism Removal (CPR):    0.066ns
  Clock Uncertainty:      0.035ns  ((TSJ^2 + TIJ^2)^1/2 + DJ) / 2 + PE
    Total System Jitter     (TSJ):    0.071ns
    Total Input Jitter      (TIJ):    0.000ns
    Discrete Jitter          (DJ):    0.000ns
    Phase Error              (PE):    0.000ns

    Location             Delay type                Incr(ns)  Path(ns)    Netlist Resource(s)
  -------------------------------------------------------------------    -------------------
                         (clock phy_rx_clk rise edge)
                                                      0.000     0.000 r  <hidden>
                                                      0.000     0.000 r  phy_rx_clk
                         net (fo=0)                   1.038     1.038    core_inst/phy_rx_clk
    BUFGCTRL_X0Y16       BUFG (Prop_bufg_I_O)         0.138     1.176 r  core_inst/clk_buffer_inst/O
                         net (fo=106, routed)         1.910     3.086    core_inst/phy_rx_clk_buffered
    SLICE_X7Y44          FDRE                                         r  core_inst/sync_clear_wd2_reg/C
  -------------------------------------------------------------------    -------------------
    SLICE_X7Y44          FDRE (Prop_fdre_C_Q)         0.497     3.583 f  core_inst/sync_clear_wd2_reg/Q
                         net (fo=4, routed)           1.072     4.655    core_inst/sync_clear_wd2
    SLICE_X2Y44          LUT5 (Prop_lut5_I4_O)        0.313     4.968 r  core_inst/r_count_clean[0]_i_1/O
                         net (fo=32, routed)          1.670     6.638    core_inst/r_count_clean[0]_i_1_n_0
    SLICE_X6Y55          FDRE                                         r  core_inst/r_count_clean_reg[28]/CE
  -------------------------------------------------------------------    -------------------

                         (clock phy_rx_clk rise edge)
                                                      8.000     8.000 r  <hidden>
                                                      0.000     8.000 r  phy_rx_clk
                         net (fo=0)                   0.986     8.986    core_inst/phy_rx_clk
    BUFGCTRL_X0Y16       BUFG (Prop_bufg_I_O)         0.124     9.110 r  core_inst/clk_buffer_inst/O
                         net (fo=106, routed)         1.690    10.800    core_inst/phy_rx_clk_buffered
    SLICE_X6Y55          FDRE                                         r  core_inst/r_count_clean_reg[28]/C
                         clock pessimism              0.066    10.866    <hidden>
                         clock uncertainty           -0.035    10.831    <hidden>
    SLICE_X6Y55          FDRE (Setup_fdre_C_CE)      -0.302    10.529    core_inst/r_count_clean_reg[28]
  -------------------------------------------------------------------
                         required time                         10.529    <hidden>
                         arrival time                          -6.638    <hidden>
  -------------------------------------------------------------------
                         slack                                  3.891    <hidden>

Slack (MET) :             3.891ns  (required time - arrival time)
  Source:                 core_inst/sync_clear_wd2_reg/C
                            (rising edge-triggered cell FDRE clocked by phy_rx_clk  {rise@0.000ns fall@4.000ns period=8.000ns})
  Destination:            core_inst/r_count_clean_reg[29]/CE
                            (rising edge-triggered cell FDRE clocked by phy_rx_clk  {rise@0.000ns fall@4.000ns period=8.000ns})
  Path Group:             phy_rx_clk
  Path Type:              Setup (Max at Slow Process Corner)
  Requirement:            8.000ns  (phy_rx_clk rise@8.000ns - phy_rx_clk rise@0.000ns)
  Data Path Delay:        3.552ns  (logic 0.810ns (22.807%)  route 2.742ns (77.193%))
  Logic Levels:           1  (LUT5=1)
  Clock Path Skew:        -0.220ns (DCD - SCD + CPR)
    Destination Clock Delay (DCD):    2.800ns = ( 10.800 - 8.000 ) 
    Source Clock Delay      (SCD):    3.086ns
    Clock Pessimism Removal (CPR):    0.066ns
  Clock Uncertainty:      0.035ns  ((TSJ^2 + TIJ^2)^1/2 + DJ) / 2 + PE
    Total System Jitter     (TSJ):    0.071ns
    Total Input Jitter      (TIJ):    0.000ns
    Discrete Jitter          (DJ):    0.000ns
    Phase Error              (PE):    0.000ns

    Location             Delay type                Incr(ns)  Path(ns)    Netlist Resource(s)
  -------------------------------------------------------------------    -------------------
                         (clock phy_rx_clk rise edge)
                                                      0.000     0.000 r  <hidden>
                                                      0.000     0.000 r  phy_rx_clk
                         net (fo=0)                   1.038     1.038    core_inst/phy_rx_clk
    BUFGCTRL_X0Y16       BUFG (Prop_bufg_I_O)         0.138     1.176 r  core_inst/clk_buffer_inst/O
                         net (fo=106, routed)         1.910     3.086    core_inst/phy_rx_clk_buffered
    SLICE_X7Y44          FDRE                                         r  core_inst/sync_clear_wd2_reg/C
  -------------------------------------------------------------------    -------------------
    SLICE_X7Y44          FDRE (Prop_fdre_C_Q)         0.497     3.583 f  core_inst/sync_clear_wd2_reg/Q
                         net (fo=4, routed)           1.072     4.655    core_inst/sync_clear_wd2
    SLICE_X2Y44          LUT5 (Prop_lut5_I4_O)        0.313     4.968 r  core_inst/r_count_clean[0]_i_1/O
                         net (fo=32, routed)          1.670     6.638    core_inst/r_count_clean[0]_i_1_n_0
    SLICE_X6Y55          FDRE                                         r  core_inst/r_count_clean_reg[29]/CE
  -------------------------------------------------------------------    -------------------

                         (clock phy_rx_clk rise edge)
                                                      8.000     8.000 r  <hidden>
                                                      0.000     8.000 r  phy_rx_clk
                         net (fo=0)                   0.986     8.986    core_inst/phy_rx_clk
    BUFGCTRL_X0Y16       BUFG (Prop_bufg_I_O)         0.124     9.110 r  core_inst/clk_buffer_inst/O
                         net (fo=106, routed)         1.690    10.800    core_inst/phy_rx_clk_buffered
    SLICE_X6Y55          FDRE                                         r  core_inst/r_count_clean_reg[29]/C
                         clock pessimism              0.066    10.866    <hidden>
                         clock uncertainty           -0.035    10.831    <hidden>
    SLICE_X6Y55          FDRE (Setup_fdre_C_CE)      -0.302    10.529    core_inst/r_count_clean_reg[29]
  -------------------------------------------------------------------
                         required time                         10.529    <hidden>
                         arrival time                          -6.638    <hidden>
  -------------------------------------------------------------------
                         slack                                  3.891    <hidden>

Slack (MET) :             3.891ns  (required time - arrival time)
  Source:                 core_inst/sync_clear_wd2_reg/C
                            (rising edge-triggered cell FDRE clocked by phy_rx_clk  {rise@0.000ns fall@4.000ns period=8.000ns})
  Destination:            core_inst/r_count_clean_reg[30]/CE
                            (rising edge-triggered cell FDRE clocked by phy_rx_clk  {rise@0.000ns fall@4.000ns period=8.000ns})
  Path Group:             phy_rx_clk
  Path Type:              Setup (Max at Slow Process Corner)
  Requirement:            8.000ns  (phy_rx_clk rise@8.000ns - phy_rx_clk rise@0.000ns)
  Data Path Delay:        3.552ns  (logic 0.810ns (22.807%)  route 2.742ns (77.193%))
  Logic Levels:           1  (LUT5=1)
  Clock Path Skew:        -0.220ns (DCD - SCD + CPR)
    Destination Clock Delay (DCD):    2.800ns = ( 10.800 - 8.000 ) 
    Source Clock Delay      (SCD):    3.086ns
    Clock Pessimism Removal (CPR):    0.066ns
  Clock Uncertainty:      0.035ns  ((TSJ^2 + TIJ^2)^1/2 + DJ) / 2 + PE
    Total System Jitter     (TSJ):    0.071ns
    Total Input Jitter      (TIJ):    0.000ns
    Discrete Jitter          (DJ):    0.000ns
    Phase Error              (PE):    0.000ns

    Location             Delay type                Incr(ns)  Path(ns)    Netlist Resource(s)
  -------------------------------------------------------------------    -------------------
                         (clock phy_rx_clk rise edge)
                                                      0.000     0.000 r  <hidden>
                                                      0.000     0.000 r  phy_rx_clk
                         net (fo=0)                   1.038     1.038    core_inst/phy_rx_clk
    BUFGCTRL_X0Y16       BUFG (Prop_bufg_I_O)         0.138     1.176 r  core_inst/clk_buffer_inst/O
                         net (fo=106, routed)         1.910     3.086    core_inst/phy_rx_clk_buffered
    SLICE_X7Y44          FDRE                                         r  core_inst/sync_clear_wd2_reg/C
  -------------------------------------------------------------------    -------------------
    SLICE_X7Y44          FDRE (Prop_fdre_C_Q)         0.497     3.583 f  core_inst/sync_clear_wd2_reg/Q
                         net (fo=4, routed)           1.072     4.655    core_inst/sync_clear_wd2
    SLICE_X2Y44          LUT5 (Prop_lut5_I4_O)        0.313     4.968 r  core_inst/r_count_clean[0]_i_1/O
                         net (fo=32, routed)          1.670     6.638    core_inst/r_count_clean[0]_i_1_n_0
    SLICE_X6Y55          FDRE                                         r  core_inst/r_count_clean_reg[30]/CE
  -------------------------------------------------------------------    -------------------

                         (clock phy_rx_clk rise edge)
                                                      8.000     8.000 r  <hidden>
                                                      0.000     8.000 r  phy_rx_clk
                         net (fo=0)                   0.986     8.986    core_inst/phy_rx_clk
    BUFGCTRL_X0Y16       BUFG (Prop_bufg_I_O)         0.124     9.110 r  core_inst/clk_buffer_inst/O
                         net (fo=106, routed)         1.690    10.800    core_inst/phy_rx_clk_buffered
    SLICE_X6Y55          FDRE                                         r  core_inst/r_count_clean_reg[30]/C
                         clock pessimism              0.066    10.866    <hidden>
                         clock uncertainty           -0.035    10.831    <hidden>
    SLICE_X6Y55          FDRE (Setup_fdre_C_CE)      -0.302    10.529    core_inst/r_count_clean_reg[30]
  -------------------------------------------------------------------
                         required time                         10.529    <hidden>
                         arrival time                          -6.638    <hidden>
  -------------------------------------------------------------------
                         slack                                  3.891    <hidden>

Slack (MET) :             3.891ns  (required time - arrival time)
  Source:                 core_inst/sync_clear_wd2_reg/C
                            (rising edge-triggered cell FDRE clocked by phy_rx_clk  {rise@0.000ns fall@4.000ns period=8.000ns})
  Destination:            core_inst/r_count_clean_reg[31]/CE
                            (rising edge-triggered cell FDRE clocked by phy_rx_clk  {rise@0.000ns fall@4.000ns period=8.000ns})
  Path Group:             phy_rx_clk
  Path Type:              Setup (Max at Slow Process Corner)
  Requirement:            8.000ns  (phy_rx_clk rise@8.000ns - phy_rx_clk rise@0.000ns)
  Data Path Delay:        3.552ns  (logic 0.810ns (22.807%)  route 2.742ns (77.193%))
  Logic Levels:           1  (LUT5=1)
  Clock Path Skew:        -0.220ns (DCD - SCD + CPR)
    Destination Clock Delay (DCD):    2.800ns = ( 10.800 - 8.000 ) 
    Source Clock Delay      (SCD):    3.086ns
    Clock Pessimism Removal (CPR):    0.066ns
  Clock Uncertainty:      0.035ns  ((TSJ^2 + TIJ^2)^1/2 + DJ) / 2 + PE
    Total System Jitter     (TSJ):    0.071ns
    Total Input Jitter      (TIJ):    0.000ns
    Discrete Jitter          (DJ):    0.000ns
    Phase Error              (PE):    0.000ns

    Location             Delay type                Incr(ns)  Path(ns)    Netlist Resource(s)
  -------------------------------------------------------------------    -------------------
                         (clock phy_rx_clk rise edge)
                                                      0.000     0.000 r  <hidden>
                                                      0.000     0.000 r  phy_rx_clk
                         net (fo=0)                   1.038     1.038    core_inst/phy_rx_clk
    BUFGCTRL_X0Y16       BUFG (Prop_bufg_I_O)         0.138     1.176 r  core_inst/clk_buffer_inst/O
                         net (fo=106, routed)         1.910     3.086    core_inst/phy_rx_clk_buffered
    SLICE_X7Y44          FDRE                                         r  core_inst/sync_clear_wd2_reg/C
  -------------------------------------------------------------------    -------------------
    SLICE_X7Y44          FDRE (Prop_fdre_C_Q)         0.497     3.583 f  core_inst/sync_clear_wd2_reg/Q
                         net (fo=4, routed)           1.072     4.655    core_inst/sync_clear_wd2
    SLICE_X2Y44          LUT5 (Prop_lut5_I4_O)        0.313     4.968 r  core_inst/r_count_clean[0]_i_1/O
                         net (fo=32, routed)          1.670     6.638    core_inst/r_count_clean[0]_i_1_n_0
    SLICE_X6Y55          FDRE                                         r  core_inst/r_count_clean_reg[31]/CE
  -------------------------------------------------------------------    -------------------

                         (clock phy_rx_clk rise edge)
                                                      8.000     8.000 r  <hidden>
                                                      0.000     8.000 r  phy_rx_clk
                         net (fo=0)                   0.986     8.986    core_inst/phy_rx_clk
    BUFGCTRL_X0Y16       BUFG (Prop_bufg_I_O)         0.124     9.110 r  core_inst/clk_buffer_inst/O
                         net (fo=106, routed)         1.690    10.800    core_inst/phy_rx_clk_buffered
    SLICE_X6Y55          FDRE                                         r  core_inst/r_count_clean_reg[31]/C
                         clock pessimism              0.066    10.866    <hidden>
                         clock uncertainty           -0.035    10.831    <hidden>
    SLICE_X6Y55          FDRE (Setup_fdre_C_CE)      -0.302    10.529    core_inst/r_count_clean_reg[31]
  -------------------------------------------------------------------
                         required time                         10.529    <hidden>
                         arrival time                          -6.638    <hidden>
  -------------------------------------------------------------------
                         slack                                  3.891    <hidden>

Slack (MET) :             3.979ns  (required time - arrival time)
  Source:                 core_inst/sync_clear_wd2_reg/C
                            (rising edge-triggered cell FDRE clocked by phy_rx_clk  {rise@0.000ns fall@4.000ns period=8.000ns})
  Destination:            core_inst/r_count_anomaly_reg[28]/CE
                            (rising edge-triggered cell FDRE clocked by phy_rx_clk  {rise@0.000ns fall@4.000ns period=8.000ns})
  Path Group:             phy_rx_clk
  Path Type:              Setup (Max at Slow Process Corner)
  Requirement:            8.000ns  (phy_rx_clk rise@8.000ns - phy_rx_clk rise@0.000ns)
  Data Path Delay:        3.173ns  (logic 0.817ns (25.747%)  route 2.356ns (74.253%))
  Logic Levels:           1  (LUT5=1)
  Clock Path Skew:        -0.220ns (DCD - SCD + CPR)
    Destination Clock Delay (DCD):    2.800ns = ( 10.800 - 8.000 ) 
    Source Clock Delay      (SCD):    3.086ns
    Clock Pessimism Removal (CPR):    0.066ns
  Clock Uncertainty:      0.035ns  ((TSJ^2 + TIJ^2)^1/2 + DJ) / 2 + PE
    Total System Jitter     (TSJ):    0.071ns
    Total Input Jitter      (TIJ):    0.000ns
    Discrete Jitter          (DJ):    0.000ns
    Phase Error              (PE):    0.000ns

    Location             Delay type                Incr(ns)  Path(ns)    Netlist Resource(s)
  -------------------------------------------------------------------    -------------------
                         (clock phy_rx_clk rise edge)
                                                      0.000     0.000 r  <hidden>
                                                      0.000     0.000 r  phy_rx_clk
                         net (fo=0)                   1.038     1.038    core_inst/phy_rx_clk
    BUFGCTRL_X0Y16       BUFG (Prop_bufg_I_O)         0.138     1.176 r  core_inst/clk_buffer_inst/O
                         net (fo=106, routed)         1.910     3.086    core_inst/phy_rx_clk_buffered
    SLICE_X7Y44          FDRE                                         r  core_inst/sync_clear_wd2_reg/C
  -------------------------------------------------------------------    -------------------
    SLICE_X7Y44          FDRE (Prop_fdre_C_Q)         0.497     3.583 f  core_inst/sync_clear_wd2_reg/Q
                         net (fo=4, routed)           1.072     4.655    core_inst/sync_clear_wd2
    SLICE_X2Y44          LUT5 (Prop_lut5_I4_O)        0.320     4.975 r  core_inst/r_count_anomaly[0]_i_1/O
                         net (fo=32, routed)          1.285     6.259    core_inst/r_count_anomaly[0]_i_1_n_0
    SLICE_X5Y51          FDRE                                         r  core_inst/r_count_anomaly_reg[28]/CE
  -------------------------------------------------------------------    -------------------

                         (clock phy_rx_clk rise edge)
                                                      8.000     8.000 r  <hidden>
                                                      0.000     8.000 r  phy_rx_clk
                         net (fo=0)                   0.986     8.986    core_inst/phy_rx_clk
    BUFGCTRL_X0Y16       BUFG (Prop_bufg_I_O)         0.124     9.110 r  core_inst/clk_buffer_inst/O
                         net (fo=106, routed)         1.690    10.800    core_inst/phy_rx_clk_buffered
    SLICE_X5Y51          FDRE                                         r  core_inst/r_count_anomaly_reg[28]/C
                         clock pessimism              0.066    10.866    <hidden>
                         clock uncertainty           -0.035    10.831    <hidden>
    SLICE_X5Y51          FDRE (Setup_fdre_C_CE)      -0.592    10.239    core_inst/r_count_anomaly_reg[28]
  -------------------------------------------------------------------
                         required time                         10.239    <hidden>
                         arrival time                          -6.259    <hidden>
  -------------------------------------------------------------------
                         slack                                  3.979    <hidden>

Slack (MET) :             3.979ns  (required time - arrival time)
  Source:                 core_inst/sync_clear_wd2_reg/C
                            (rising edge-triggered cell FDRE clocked by phy_rx_clk  {rise@0.000ns fall@4.000ns period=8.000ns})
  Destination:            core_inst/r_count_anomaly_reg[29]/CE
                            (rising edge-triggered cell FDRE clocked by phy_rx_clk  {rise@0.000ns fall@4.000ns period=8.000ns})
  Path Group:             phy_rx_clk
  Path Type:              Setup (Max at Slow Process Corner)
  Requirement:            8.000ns  (phy_rx_clk rise@8.000ns - phy_rx_clk rise@0.000ns)
  Data Path Delay:        3.173ns  (logic 0.817ns (25.747%)  route 2.356ns (74.253%))
  Logic Levels:           1  (LUT5=1)
  Clock Path Skew:        -0.220ns (DCD - SCD + CPR)
    Destination Clock Delay (DCD):    2.800ns = ( 10.800 - 8.000 ) 
    Source Clock Delay      (SCD):    3.086ns
    Clock Pessimism Removal (CPR):    0.066ns
  Clock Uncertainty:      0.035ns  ((TSJ^2 + TIJ^2)^1/2 + DJ) / 2 + PE
    Total System Jitter     (TSJ):    0.071ns
    Total Input Jitter      (TIJ):    0.000ns
    Discrete Jitter          (DJ):    0.000ns
    Phase Error              (PE):    0.000ns

    Location             Delay type                Incr(ns)  Path(ns)    Netlist Resource(s)
  -------------------------------------------------------------------    -------------------
                         (clock phy_rx_clk rise edge)
                                                      0.000     0.000 r  <hidden>
                                                      0.000     0.000 r  phy_rx_clk
                         net (fo=0)                   1.038     1.038    core_inst/phy_rx_clk
    BUFGCTRL_X0Y16       BUFG (Prop_bufg_I_O)         0.138     1.176 r  core_inst/clk_buffer_inst/O
                         net (fo=106, routed)         1.910     3.086    core_inst/phy_rx_clk_buffered
    SLICE_X7Y44          FDRE                                         r  core_inst/sync_clear_wd2_reg/C
  -------------------------------------------------------------------    -------------------
    SLICE_X7Y44          FDRE (Prop_fdre_C_Q)         0.497     3.583 f  core_inst/sync_clear_wd2_reg/Q
                         net (fo=4, routed)           1.072     4.655    core_inst/sync_clear_wd2
    SLICE_X2Y44          LUT5 (Prop_lut5_I4_O)        0.320     4.975 r  core_inst/r_count_anomaly[0]_i_1/O
                         net (fo=32, routed)          1.285     6.259    core_inst/r_count_anomaly[0]_i_1_n_0
    SLICE_X5Y51          FDRE                                         r  core_inst/r_count_anomaly_reg[29]/CE
  -------------------------------------------------------------------    -------------------

                         (clock phy_rx_clk rise edge)
                                                      8.000     8.000 r  <hidden>
                                                      0.000     8.000 r  phy_rx_clk
                         net (fo=0)                   0.986     8.986    core_inst/phy_rx_clk
    BUFGCTRL_X0Y16       BUFG (Prop_bufg_I_O)         0.124     9.110 r  core_inst/clk_buffer_inst/O
                         net (fo=106, routed)         1.690    10.800    core_inst/phy_rx_clk_buffered
    SLICE_X5Y51          FDRE                                         r  core_inst/r_count_anomaly_reg[29]/C
                         clock pessimism              0.066    10.866    <hidden>
                         clock uncertainty           -0.035    10.831    <hidden>
    SLICE_X5Y51          FDRE (Setup_fdre_C_CE)      -0.592    10.239    core_inst/r_count_anomaly_reg[29]
  -------------------------------------------------------------------
                         required time                         10.239    <hidden>
                         arrival time                          -6.259    <hidden>
  -------------------------------------------------------------------
                         slack                                  3.979    <hidden>

Slack (MET) :             3.979ns  (required time - arrival time)
  Source:                 core_inst/sync_clear_wd2_reg/C
                            (rising edge-triggered cell FDRE clocked by phy_rx_clk  {rise@0.000ns fall@4.000ns period=8.000ns})
  Destination:            core_inst/r_count_anomaly_reg[30]/CE
                            (rising edge-triggered cell FDRE clocked by phy_rx_clk  {rise@0.000ns fall@4.000ns period=8.000ns})
  Path Group:             phy_rx_clk
  Path Type:              Setup (Max at Slow Process Corner)
  Requirement:            8.000ns  (phy_rx_clk rise@8.000ns - phy_rx_clk rise@0.000ns)
  Data Path Delay:        3.173ns  (logic 0.817ns (25.747%)  route 2.356ns (74.253%))
  Logic Levels:           1  (LUT5=1)
  Clock Path Skew:        -0.220ns (DCD - SCD + CPR)
    Destination Clock Delay (DCD):    2.800ns = ( 10.800 - 8.000 ) 
    Source Clock Delay      (SCD):    3.086ns
    Clock Pessimism Removal (CPR):    0.066ns
  Clock Uncertainty:      0.035ns  ((TSJ^2 + TIJ^2)^1/2 + DJ) / 2 + PE
    Total System Jitter     (TSJ):    0.071ns
    Total Input Jitter      (TIJ):    0.000ns
    Discrete Jitter          (DJ):    0.000ns
    Phase Error              (PE):    0.000ns

    Location             Delay type                Incr(ns)  Path(ns)    Netlist Resource(s)
  -------------------------------------------------------------------    -------------------
                         (clock phy_rx_clk rise edge)
                                                      0.000     0.000 r  <hidden>
                                                      0.000     0.000 r  phy_rx_clk
                         net (fo=0)                   1.038     1.038    core_inst/phy_rx_clk
    BUFGCTRL_X0Y16       BUFG (Prop_bufg_I_O)         0.138     1.176 r  core_inst/clk_buffer_inst/O
                         net (fo=106, routed)         1.910     3.086    core_inst/phy_rx_clk_buffered
    SLICE_X7Y44          FDRE                                         r  core_inst/sync_clear_wd2_reg/C
  -------------------------------------------------------------------    -------------------
    SLICE_X7Y44          FDRE (Prop_fdre_C_Q)         0.497     3.583 f  core_inst/sync_clear_wd2_reg/Q
                         net (fo=4, routed)           1.072     4.655    core_inst/sync_clear_wd2
    SLICE_X2Y44          LUT5 (Prop_lut5_I4_O)        0.320     4.975 r  core_inst/r_count_anomaly[0]_i_1/O
                         net (fo=32, routed)          1.285     6.259    core_inst/r_count_anomaly[0]_i_1_n_0
    SLICE_X5Y51          FDRE                                         r  core_inst/r_count_anomaly_reg[30]/CE
  -------------------------------------------------------------------    -------------------

                         (clock phy_rx_clk rise edge)
                                                      8.000     8.000 r  <hidden>
                                                      0.000     8.000 r  phy_rx_clk
                         net (fo=0)                   0.986     8.986    core_inst/phy_rx_clk
    BUFGCTRL_X0Y16       BUFG (Prop_bufg_I_O)         0.124     9.110 r  core_inst/clk_buffer_inst/O
                         net (fo=106, routed)         1.690    10.800    core_inst/phy_rx_clk_buffered
    SLICE_X5Y51          FDRE                                         r  core_inst/r_count_anomaly_reg[30]/C
                         clock pessimism              0.066    10.866    <hidden>
                         clock uncertainty           -0.035    10.831    <hidden>
    SLICE_X5Y51          FDRE (Setup_fdre_C_CE)      -0.592    10.239    core_inst/r_count_anomaly_reg[30]
  -------------------------------------------------------------------
                         required time                         10.239    <hidden>
                         arrival time                          -6.259    <hidden>
  -------------------------------------------------------------------
                         slack                                  3.979    <hidden>

Slack (MET) :             3.979ns  (required time - arrival time)
  Source:                 core_inst/sync_clear_wd2_reg/C
                            (rising edge-triggered cell FDRE clocked by phy_rx_clk  {rise@0.000ns fall@4.000ns period=8.000ns})
  Destination:            core_inst/r_count_anomaly_reg[31]/CE
                            (rising edge-triggered cell FDRE clocked by phy_rx_clk  {rise@0.000ns fall@4.000ns period=8.000ns})
  Path Group:             phy_rx_clk
  Path Type:              Setup (Max at Slow Process Corner)
  Requirement:            8.000ns  (phy_rx_clk rise@8.000ns - phy_rx_clk rise@0.000ns)
  Data Path Delay:        3.173ns  (logic 0.817ns (25.747%)  route 2.356ns (74.253%))
  Logic Levels:           1  (LUT5=1)
  Clock Path Skew:        -0.220ns (DCD - SCD + CPR)
    Destination Clock Delay (DCD):    2.800ns = ( 10.800 - 8.000 ) 
    Source Clock Delay      (SCD):    3.086ns
    Clock Pessimism Removal (CPR):    0.066ns
  Clock Uncertainty:      0.035ns  ((TSJ^2 + TIJ^2)^1/2 + DJ) / 2 + PE
    Total System Jitter     (TSJ):    0.071ns
    Total Input Jitter      (TIJ):    0.000ns
    Discrete Jitter          (DJ):    0.000ns
    Phase Error              (PE):    0.000ns

    Location             Delay type                Incr(ns)  Path(ns)    Netlist Resource(s)
  -------------------------------------------------------------------    -------------------
                         (clock phy_rx_clk rise edge)
                                                      0.000     0.000 r  <hidden>
                                                      0.000     0.000 r  phy_rx_clk
                         net (fo=0)                   1.038     1.038    core_inst/phy_rx_clk
    BUFGCTRL_X0Y16       BUFG (Prop_bufg_I_O)         0.138     1.176 r  core_inst/clk_buffer_inst/O
                         net (fo=106, routed)         1.910     3.086    core_inst/phy_rx_clk_buffered
    SLICE_X7Y44          FDRE                                         r  core_inst/sync_clear_wd2_reg/C
  -------------------------------------------------------------------    -------------------
    SLICE_X7Y44          FDRE (Prop_fdre_C_Q)         0.497     3.583 f  core_inst/sync_clear_wd2_reg/Q
                         net (fo=4, routed)           1.072     4.655    core_inst/sync_clear_wd2
    SLICE_X2Y44          LUT5 (Prop_lut5_I4_O)        0.320     4.975 r  core_inst/r_count_anomaly[0]_i_1/O
                         net (fo=32, routed)          1.285     6.259    core_inst/r_count_anomaly[0]_i_1_n_0
    SLICE_X5Y51          FDRE                                         r  core_inst/r_count_anomaly_reg[31]/CE
  -------------------------------------------------------------------    -------------------

                         (clock phy_rx_clk rise edge)
                                                      8.000     8.000 r  <hidden>
                                                      0.000     8.000 r  phy_rx_clk
                         net (fo=0)                   0.986     8.986    core_inst/phy_rx_clk
    BUFGCTRL_X0Y16       BUFG (Prop_bufg_I_O)         0.124     9.110 r  core_inst/clk_buffer_inst/O
                         net (fo=106, routed)         1.690    10.800    core_inst/phy_rx_clk_buffered
    SLICE_X5Y51          FDRE                                         r  core_inst/r_count_anomaly_reg[31]/C
                         clock pessimism              0.066    10.866    <hidden>
                         clock uncertainty           -0.035    10.831    <hidden>
    SLICE_X5Y51          FDRE (Setup_fdre_C_CE)      -0.592    10.239    core_inst/r_count_anomaly_reg[31]
  -------------------------------------------------------------------
                         required time                         10.239    <hidden>
                         arrival time                          -6.259    <hidden>
  -------------------------------------------------------------------
                         slack                                  3.979    <hidden>

Slack (MET) :             4.021ns  (required time - arrival time)
  Source:                 core_inst/sync_clear_wd2_reg/C
                            (rising edge-triggered cell FDRE clocked by phy_rx_clk  {rise@0.000ns fall@4.000ns period=8.000ns})
  Destination:            core_inst/r_count_clean_reg[24]/CE
                            (rising edge-triggered cell FDRE clocked by phy_rx_clk  {rise@0.000ns fall@4.000ns period=8.000ns})
  Path Group:             phy_rx_clk
  Path Type:              Setup (Max at Slow Process Corner)
  Requirement:            8.000ns  (phy_rx_clk rise@8.000ns - phy_rx_clk rise@0.000ns)
  Data Path Delay:        3.422ns  (logic 0.810ns (23.673%)  route 2.612ns (76.327%))
  Logic Levels:           1  (LUT5=1)
  Clock Path Skew:        -0.220ns (DCD - SCD + CPR)
    Destination Clock Delay (DCD):    2.800ns = ( 10.800 - 8.000 ) 
    Source Clock Delay      (SCD):    3.086ns
    Clock Pessimism Removal (CPR):    0.066ns
  Clock Uncertainty:      0.035ns  ((TSJ^2 + TIJ^2)^1/2 + DJ) / 2 + PE
    Total System Jitter     (TSJ):    0.071ns
    Total Input Jitter      (TIJ):    0.000ns
    Discrete Jitter          (DJ):    0.000ns
    Phase Error              (PE):    0.000ns

    Location             Delay type                Incr(ns)  Path(ns)    Netlist Resource(s)
  -------------------------------------------------------------------    -------------------
                         (clock phy_rx_clk rise edge)
                                                      0.000     0.000 r  <hidden>
                                                      0.000     0.000 r  phy_rx_clk
                         net (fo=0)                   1.038     1.038    core_inst/phy_rx_clk
    BUFGCTRL_X0Y16       BUFG (Prop_bufg_I_O)         0.138     1.176 r  core_inst/clk_buffer_inst/O
                         net (fo=106, routed)         1.910     3.086    core_inst/phy_rx_clk_buffered
    SLICE_X7Y44          FDRE                                         r  core_inst/sync_clear_wd2_reg/C
  -------------------------------------------------------------------    -------------------
    SLICE_X7Y44          FDRE (Prop_fdre_C_Q)         0.497     3.583 f  core_inst/sync_clear_wd2_reg/Q
                         net (fo=4, routed)           1.072     4.655    core_inst/sync_clear_wd2
    SLICE_X2Y44          LUT5 (Prop_lut5_I4_O)        0.313     4.968 r  core_inst/r_count_clean[0]_i_1/O
                         net (fo=32, routed)          1.540     6.508    core_inst/r_count_clean[0]_i_1_n_0
    SLICE_X6Y54          FDRE                                         r  core_inst/r_count_clean_reg[24]/CE
  -------------------------------------------------------------------    -------------------

                         (clock phy_rx_clk rise edge)
                                                      8.000     8.000 r  <hidden>
                                                      0.000     8.000 r  phy_rx_clk
                         net (fo=0)                   0.986     8.986    core_inst/phy_rx_clk
    BUFGCTRL_X0Y16       BUFG (Prop_bufg_I_O)         0.124     9.110 r  core_inst/clk_buffer_inst/O
                         net (fo=106, routed)         1.690    10.800    core_inst/phy_rx_clk_buffered
    SLICE_X6Y54          FDRE                                         r  core_inst/r_count_clean_reg[24]/C
                         clock pessimism              0.066    10.866    <hidden>
                         clock uncertainty           -0.035    10.831    <hidden>
    SLICE_X6Y54          FDRE (Setup_fdre_C_CE)      -0.302    10.529    core_inst/r_count_clean_reg[24]
  -------------------------------------------------------------------
                         required time                         10.529    <hidden>
                         arrival time                          -6.508    <hidden>
  -------------------------------------------------------------------
                         slack                                  4.021    <hidden>

Slack (MET) :             4.021ns  (required time - arrival time)
  Source:                 core_inst/sync_clear_wd2_reg/C
                            (rising edge-triggered cell FDRE clocked by phy_rx_clk  {rise@0.000ns fall@4.000ns period=8.000ns})
  Destination:            core_inst/r_count_clean_reg[25]/CE
                            (rising edge-triggered cell FDRE clocked by phy_rx_clk  {rise@0.000ns fall@4.000ns period=8.000ns})
  Path Group:             phy_rx_clk
  Path Type:              Setup (Max at Slow Process Corner)
  Requirement:            8.000ns  (phy_rx_clk rise@8.000ns - phy_rx_clk rise@0.000ns)
  Data Path Delay:        3.422ns  (logic 0.810ns (23.673%)  route 2.612ns (76.327%))
  Logic Levels:           1  (LUT5=1)
  Clock Path Skew:        -0.220ns (DCD - SCD + CPR)
    Destination Clock Delay (DCD):    2.800ns = ( 10.800 - 8.000 ) 
    Source Clock Delay      (SCD):    3.086ns
    Clock Pessimism Removal (CPR):    0.066ns
  Clock Uncertainty:      0.035ns  ((TSJ^2 + TIJ^2)^1/2 + DJ) / 2 + PE
    Total System Jitter     (TSJ):    0.071ns
    Total Input Jitter      (TIJ):    0.000ns
    Discrete Jitter          (DJ):    0.000ns
    Phase Error              (PE):    0.000ns

    Location             Delay type                Incr(ns)  Path(ns)    Netlist Resource(s)
  -------------------------------------------------------------------    -------------------
                         (clock phy_rx_clk rise edge)
                                                      0.000     0.000 r  <hidden>
                                                      0.000     0.000 r  phy_rx_clk
                         net (fo=0)                   1.038     1.038    core_inst/phy_rx_clk
    BUFGCTRL_X0Y16       BUFG (Prop_bufg_I_O)         0.138     1.176 r  core_inst/clk_buffer_inst/O
                         net (fo=106, routed)         1.910     3.086    core_inst/phy_rx_clk_buffered
    SLICE_X7Y44          FDRE                                         r  core_inst/sync_clear_wd2_reg/C
  -------------------------------------------------------------------    -------------------
    SLICE_X7Y44          FDRE (Prop_fdre_C_Q)         0.497     3.583 f  core_inst/sync_clear_wd2_reg/Q
                         net (fo=4, routed)           1.072     4.655    core_inst/sync_clear_wd2
    SLICE_X2Y44          LUT5 (Prop_lut5_I4_O)        0.313     4.968 r  core_inst/r_count_clean[0]_i_1/O
                         net (fo=32, routed)          1.540     6.508    core_inst/r_count_clean[0]_i_1_n_0
    SLICE_X6Y54          FDRE                                         r  core_inst/r_count_clean_reg[25]/CE
  -------------------------------------------------------------------    -------------------

                         (clock phy_rx_clk rise edge)
                                                      8.000     8.000 r  <hidden>
                                                      0.000     8.000 r  phy_rx_clk
                         net (fo=0)                   0.986     8.986    core_inst/phy_rx_clk
    BUFGCTRL_X0Y16       BUFG (Prop_bufg_I_O)         0.124     9.110 r  core_inst/clk_buffer_inst/O
                         net (fo=106, routed)         1.690    10.800    core_inst/phy_rx_clk_buffered
    SLICE_X6Y54          FDRE                                         r  core_inst/r_count_clean_reg[25]/C
                         clock pessimism              0.066    10.866    <hidden>
                         clock uncertainty           -0.035    10.831    <hidden>
    SLICE_X6Y54          FDRE (Setup_fdre_C_CE)      -0.302    10.529    core_inst/r_count_clean_reg[25]
  -------------------------------------------------------------------
                         required time                         10.529    <hidden>
                         arrival time                          -6.508    <hidden>
  -------------------------------------------------------------------
                         slack                                  4.021    <hidden>





Min Delay Paths
--------------------------------------------------------------------------------------
Slack (MET) :             0.165ns  (arrival time - required time)
  Source:                 core_inst/r_count_clean_reg[6]/C
                            (rising edge-triggered cell FDRE clocked by phy_rx_clk  {rise@0.000ns fall@4.000ns period=8.000ns})
  Destination:            core_inst/r_count_clean_reg[8]/D
                            (rising edge-triggered cell FDRE clocked by phy_rx_clk  {rise@0.000ns fall@4.000ns period=8.000ns})
  Path Group:             phy_rx_clk
  Path Type:              Hold (Min at Fast Process Corner)
  Requirement:            0.000ns  (phy_rx_clk rise@0.000ns - phy_rx_clk rise@0.000ns)
  Data Path Delay:        0.652ns  (logic 0.501ns (76.845%)  route 0.151ns (23.155%))
  Logic Levels:           2  (CARRY4=2)
  Clock Path Skew:        0.309ns (DCD - SCD - CPR)
    Destination Clock Delay (DCD):    1.705ns
    Source Clock Delay      (SCD):    1.367ns
    Clock Pessimism Removal (CPR):    0.029ns

    Location             Delay type                Incr(ns)  Path(ns)    Netlist Resource(s)
  -------------------------------------------------------------------    -------------------
                         (clock phy_rx_clk rise edge)
                                                      0.000     0.000 r  <hidden>
                                                      0.000     0.000 r  phy_rx_clk
                         net (fo=0)                   0.515     0.515    core_inst/phy_rx_clk
    BUFGCTRL_X0Y16       BUFG (Prop_bufg_I_O)         0.044     0.559 r  core_inst/clk_buffer_inst/O
                         net (fo=106, routed)         0.808     1.367    core_inst/phy_rx_clk_buffered
    SLICE_X6Y49          FDRE                                         r  core_inst/r_count_clean_reg[6]/C
  -------------------------------------------------------------------    -------------------
    SLICE_X6Y49          FDRE (Prop_fdre_C_Q)         0.223     1.590 r  core_inst/r_count_clean_reg[6]/Q
                         net (fo=2, routed)           0.150     1.740    core_inst/r_count_clean_reg[6]
    SLICE_X6Y49          CARRY4 (Prop_carry4_S[2]_CO[3])
                                                      0.205     1.945 r  core_inst/r_count_clean_reg[4]_i_1/CO[3]
                         net (fo=1, routed)           0.001     1.946    core_inst/r_count_clean_reg[4]_i_1_n_0
    SLICE_X6Y50          CARRY4 (Prop_carry4_CI_O[0])
                                                      0.073     2.019 r  core_inst/r_count_clean_reg[8]_i_1/O[0]
                         net (fo=1, routed)           0.000     2.019    core_inst/r_count_clean_reg[8]_i_1_n_7
    SLICE_X6Y50          FDRE                                         r  core_inst/r_count_clean_reg[8]/D
  -------------------------------------------------------------------    -------------------

                         (clock phy_rx_clk rise edge)
                                                      0.000     0.000 r  <hidden>
                                                      0.000     0.000 r  phy_rx_clk
                         net (fo=0)                   0.542     0.542    core_inst/phy_rx_clk
    BUFGCTRL_X0Y16       BUFG (Prop_bufg_I_O)         0.046     0.588 r  core_inst/clk_buffer_inst/O
                         net (fo=106, routed)         1.117     1.705    core_inst/phy_rx_clk_buffered
    SLICE_X6Y50          FDRE                                         r  core_inst/r_count_clean_reg[8]/C
                         clock pessimism             -0.029     1.676    <hidden>
    SLICE_X6Y50          FDRE (Hold_fdre_C_D)         0.178     1.854    core_inst/r_count_clean_reg[8]
  -------------------------------------------------------------------
                         required time                         -1.854    <hidden>
                         arrival time                           2.019    <hidden>
  -------------------------------------------------------------------
                         slack                                  0.165    <hidden>

Slack (MET) :             0.168ns  (arrival time - required time)
  Source:                 core_inst/r_count_anomaly_reg[23]/C
                            (rising edge-triggered cell FDRE clocked by phy_rx_clk  {rise@0.000ns fall@4.000ns period=8.000ns})
  Destination:            core_inst/r_count_anomaly_reg[24]/D
                            (rising edge-triggered cell FDRE clocked by phy_rx_clk  {rise@0.000ns fall@4.000ns period=8.000ns})
  Path Group:             phy_rx_clk
  Path Type:              Hold (Min at Fast Process Corner)
  Requirement:            0.000ns  (phy_rx_clk rise@0.000ns - phy_rx_clk rise@0.000ns)
  Data Path Delay:        0.620ns  (logic 0.480ns (77.469%)  route 0.140ns (22.531%))
  Logic Levels:           2  (CARRY4=2)
  Clock Path Skew:        0.309ns (DCD - SCD - CPR)
    Destination Clock Delay (DCD):    1.705ns
    Source Clock Delay      (SCD):    1.367ns
    Clock Pessimism Removal (CPR):    0.029ns

    Location             Delay type                Incr(ns)  Path(ns)    Netlist Resource(s)
  -------------------------------------------------------------------    -------------------
                         (clock phy_rx_clk rise edge)
                                                      0.000     0.000 r  <hidden>
                                                      0.000     0.000 r  phy_rx_clk
                         net (fo=0)                   0.515     0.515    core_inst/phy_rx_clk
    BUFGCTRL_X0Y16       BUFG (Prop_bufg_I_O)         0.044     0.559 r  core_inst/clk_buffer_inst/O
                         net (fo=106, routed)         0.808     1.367    core_inst/phy_rx_clk_buffered
    SLICE_X5Y49          FDRE                                         r  core_inst/r_count_anomaly_reg[23]/C
  -------------------------------------------------------------------    -------------------
    SLICE_X5Y49          FDRE (Prop_fdre_C_Q)         0.193     1.560 r  core_inst/r_count_anomaly_reg[23]/Q
                         net (fo=2, routed)           0.139     1.699    core_inst/r_count_anomaly_reg[23]
    SLICE_X5Y49          CARRY4 (Prop_carry4_S[3]_CO[3])
                                                      0.211     1.910 r  core_inst/r_count_anomaly_reg[20]_i_1/CO[3]
                         net (fo=1, routed)           0.001     1.910    core_inst/r_count_anomaly_reg[20]_i_1_n_0
    SLICE_X5Y50          CARRY4 (Prop_carry4_CI_O[0])
                                                      0.076     1.986 r  core_inst/r_count_anomaly_reg[24]_i_1/O[0]
                         net (fo=1, routed)           0.000     1.986    core_inst/r_count_anomaly_reg[24]_i_1_n_7
    SLICE_X5Y50          FDRE                                         r  core_inst/r_count_anomaly_reg[24]/D
  -------------------------------------------------------------------    -------------------

                         (clock phy_rx_clk rise edge)
                                                      0.000     0.000 r  <hidden>
                                                      0.000     0.000 r  phy_rx_clk
                         net (fo=0)                   0.542     0.542    core_inst/phy_rx_clk
    BUFGCTRL_X0Y16       BUFG (Prop_bufg_I_O)         0.046     0.588 r  core_inst/clk_buffer_inst/O
                         net (fo=106, routed)         1.117     1.705    core_inst/phy_rx_clk_buffered
    SLICE_X5Y50          FDRE                                         r  core_inst/r_count_anomaly_reg[24]/C
                         clock pessimism             -0.029     1.676    <hidden>
    SLICE_X5Y50          FDRE (Hold_fdre_C_D)         0.143     1.819    core_inst/r_count_anomaly_reg[24]
  -------------------------------------------------------------------
                         required time                         -1.819    <hidden>
                         arrival time                           1.986    <hidden>
  -------------------------------------------------------------------
                         slack                                  0.168    <hidden>

Slack (MET) :             0.169ns  (arrival time - required time)
  Source:                 core_inst/sync_clear_wd1_reg/C
                            (rising edge-triggered cell FDRE clocked by phy_rx_clk  {rise@0.000ns fall@4.000ns period=8.000ns})
  Destination:            core_inst/sync_clear_wd2_reg/D
                            (rising edge-triggered cell FDRE clocked by phy_rx_clk  {rise@0.000ns fall@4.000ns period=8.000ns})
  Path Group:             phy_rx_clk
  Path Type:              Hold (Min at Fast Process Corner)
  Requirement:            0.000ns  (phy_rx_clk rise@0.000ns - phy_rx_clk rise@0.000ns)
  Data Path Delay:        0.265ns  (logic 0.193ns (72.707%)  route 0.072ns (27.293%))
  Logic Levels:           0  
  Clock Path Skew:        0.000ns (DCD - SCD - CPR)
    Destination Clock Delay (DCD):    1.717ns
    Source Clock Delay      (SCD):    1.366ns
    Clock Pessimism Removal (CPR):    0.351ns

    Location             Delay type                Incr(ns)  Path(ns)    Netlist Resource(s)
  -------------------------------------------------------------------    -------------------
                         (clock phy_rx_clk rise edge)
                                                      0.000     0.000 r  <hidden>
                                                      0.000     0.000 r  phy_rx_clk
                         net (fo=0)                   0.515     0.515    core_inst/phy_rx_clk
    BUFGCTRL_X0Y16       BUFG (Prop_bufg_I_O)         0.044     0.559 r  core_inst/clk_buffer_inst/O
                         net (fo=106, routed)         0.807     1.366    core_inst/phy_rx_clk_buffered
    SLICE_X7Y44          FDRE                                         r  core_inst/sync_clear_wd1_reg/C
  -------------------------------------------------------------------    -------------------
    SLICE_X7Y44          FDRE (Prop_fdre_C_Q)         0.193     1.559 r  core_inst/sync_clear_wd1_reg/Q
                         net (fo=1, routed)           0.072     1.631    core_inst/sync_clear_wd1
    SLICE_X7Y44          FDRE                                         r  core_inst/sync_clear_wd2_reg/D
  -------------------------------------------------------------------    -------------------

                         (clock phy_rx_clk rise edge)
                                                      0.000     0.000 r  <hidden>
                                                      0.000     0.000 r  phy_rx_clk
                         net (fo=0)                   0.542     0.542    core_inst/phy_rx_clk
    BUFGCTRL_X0Y16       BUFG (Prop_bufg_I_O)         0.046     0.588 r  core_inst/clk_buffer_inst/O
                         net (fo=106, routed)         1.129     1.717    core_inst/phy_rx_clk_buffered
    SLICE_X7Y44          FDRE                                         r  core_inst/sync_clear_wd2_reg/C
                         clock pessimism             -0.351     1.366    <hidden>
    SLICE_X7Y44          FDRE (Hold_fdre_C_D)         0.096     1.462    core_inst/sync_clear_wd2_reg
  -------------------------------------------------------------------
                         required time                         -1.462    <hidden>
                         arrival time                           1.631    <hidden>
  -------------------------------------------------------------------
                         slack                                  0.169    <hidden>

Slack (MET) :             0.175ns  (arrival time - required time)
  Source:                 core_inst/r_count_soft_block_reg[22]/C
                            (rising edge-triggered cell FDRE clocked by phy_rx_clk  {rise@0.000ns fall@4.000ns period=8.000ns})
  Destination:            core_inst/r_count_soft_block_reg[24]/D
                            (rising edge-triggered cell FDRE clocked by phy_rx_clk  {rise@0.000ns fall@4.000ns period=8.000ns})
  Path Group:             phy_rx_clk
  Path Type:              Hold (Min at Fast Process Corner)
  Requirement:            0.000ns  (phy_rx_clk rise@0.000ns - phy_rx_clk rise@0.000ns)
  Data Path Delay:        0.626ns  (logic 0.481ns (76.848%)  route 0.145ns (23.152%))
  Logic Levels:           2  (CARRY4=2)
  Clock Path Skew:        0.308ns (DCD - SCD - CPR)
    Destination Clock Delay (DCD):    1.707ns
    Source Clock Delay      (SCD):    1.370ns
    Clock Pessimism Removal (CPR):    0.029ns

    Location             Delay type                Incr(ns)  Path(ns)    Netlist Resource(s)
  -------------------------------------------------------------------    -------------------
                         (clock phy_rx_clk rise edge)
                                                      0.000     0.000 r  <hidden>
                                                      0.000     0.000 r  phy_rx_clk
                         net (fo=0)                   0.515     0.515    core_inst/phy_rx_clk
    BUFGCTRL_X0Y16       BUFG (Prop_bufg_I_O)         0.044     0.559 r  core_inst/clk_buffer_inst/O
                         net (fo=106, routed)         0.811     1.370    core_inst/phy_rx_clk_buffered
    SLICE_X3Y49          FDRE                                         r  core_inst/r_count_soft_block_reg[22]/C
  -------------------------------------------------------------------    -------------------
    SLICE_X3Y49          FDRE (Prop_fdre_C_Q)         0.193     1.563 r  core_inst/r_count_soft_block_reg[22]/Q
                         net (fo=2, routed)           0.144     1.707    core_inst/r_count_soft_block_reg[22]
    SLICE_X3Y49          CARRY4 (Prop_carry4_S[2]_CO[3])
                                                      0.212     1.919 r  core_inst/r_count_soft_block_reg[20]_i_1/CO[3]
                         net (fo=1, routed)           0.001     1.920    core_inst/r_count_soft_block_reg[20]_i_1_n_0
    SLICE_X3Y50          CARRY4 (Prop_carry4_CI_O[0])
                                                      0.076     1.996 r  core_inst/r_count_soft_block_reg[24]_i_1/O[0]
                         net (fo=1, routed)           0.000     1.996    core_inst/r_count_soft_block_reg[24]_i_1_n_7
    SLICE_X3Y50          FDRE                                         r  core_inst/r_count_soft_block_reg[24]/D
  -------------------------------------------------------------------    -------------------

                         (clock phy_rx_clk rise edge)
                                                      0.000     0.000 r  <hidden>
                                                      0.000     0.000 r  phy_rx_clk
                         net (fo=0)                   0.542     0.542    core_inst/phy_rx_clk
    BUFGCTRL_X0Y16       BUFG (Prop_bufg_I_O)         0.046     0.588 r  core_inst/clk_buffer_inst/O
                         net (fo=106, routed)         1.119     1.707    core_inst/phy_rx_clk_buffered
    SLICE_X3Y50          FDRE                                         r  core_inst/r_count_soft_block_reg[24]/C
                         clock pessimism             -0.029     1.678    <hidden>
    SLICE_X3Y50          FDRE (Hold_fdre_C_D)         0.143     1.821    core_inst/r_count_soft_block_reg[24]
  -------------------------------------------------------------------
                         required time                         -1.821    <hidden>
                         arrival time                           1.996    <hidden>
  -------------------------------------------------------------------
                         slack                                  0.175    <hidden>

Slack (MET) :             0.181ns  (arrival time - required time)
  Source:                 core_inst/r_count_anomaly_reg[23]/C
                            (rising edge-triggered cell FDRE clocked by phy_rx_clk  {rise@0.000ns fall@4.000ns period=8.000ns})
  Destination:            core_inst/r_count_anomaly_reg[26]/D
                            (rising edge-triggered cell FDRE clocked by phy_rx_clk  {rise@0.000ns fall@4.000ns period=8.000ns})
  Path Group:             phy_rx_clk
  Path Type:              Hold (Min at Fast Process Corner)
  Requirement:            0.000ns  (phy_rx_clk rise@0.000ns - phy_rx_clk rise@0.000ns)
  Data Path Delay:        0.633ns  (logic 0.493ns (77.932%)  route 0.140ns (22.068%))
  Logic Levels:           2  (CARRY4=2)
  Clock Path Skew:        0.309ns (DCD - SCD - CPR)
    Destination Clock Delay (DCD):    1.705ns
    Source Clock Delay      (SCD):    1.367ns
    Clock Pessimism Removal (CPR):    0.029ns

    Location             Delay type                Incr(ns)  Path(ns)    Netlist Resource(s)
  -------------------------------------------------------------------    -------------------
                         (clock phy_rx_clk rise edge)
                                                      0.000     0.000 r  <hidden>
                                                      0.000     0.000 r  phy_rx_clk
                         net (fo=0)                   0.515     0.515    core_inst/phy_rx_clk
    BUFGCTRL_X0Y16       BUFG (Prop_bufg_I_O)         0.044     0.559 r  core_inst/clk_buffer_inst/O
                         net (fo=106, routed)         0.808     1.367    core_inst/phy_rx_clk_buffered
    SLICE_X5Y49          FDRE                                         r  core_inst/r_count_anomaly_reg[23]/C
  -------------------------------------------------------------------    -------------------
    SLICE_X5Y49          FDRE (Prop_fdre_C_Q)         0.193     1.560 r  core_inst/r_count_anomaly_reg[23]/Q
                         net (fo=2, routed)           0.139     1.699    core_inst/r_count_anomaly_reg[23]
    SLICE_X5Y49          CARRY4 (Prop_carry4_S[3]_CO[3])
                                                      0.211     1.910 r  core_inst/r_count_anomaly_reg[20]_i_1/CO[3]
                         net (fo=1, routed)           0.001     1.910    core_inst/r_count_anomaly_reg[20]_i_1_n_0
    SLICE_X5Y50          CARRY4 (Prop_carry4_CI_O[2])
                                                      0.089     1.999 r  core_inst/r_count_anomaly_reg[24]_i_1/O[2]
                         net (fo=1, routed)           0.000     1.999    core_inst/r_count_anomaly_reg[24]_i_1_n_5
    SLICE_X5Y50          FDRE                                         r  core_inst/r_count_anomaly_reg[26]/D
  -------------------------------------------------------------------    -------------------

                         (clock phy_rx_clk rise edge)
                                                      0.000     0.000 r  <hidden>
                                                      0.000     0.000 r  phy_rx_clk
                         net (fo=0)                   0.542     0.542    core_inst/phy_rx_clk
    BUFGCTRL_X0Y16       BUFG (Prop_bufg_I_O)         0.046     0.588 r  core_inst/clk_buffer_inst/O
                         net (fo=106, routed)         1.117     1.705    core_inst/phy_rx_clk_buffered
    SLICE_X5Y50          FDRE                                         r  core_inst/r_count_anomaly_reg[26]/C
                         clock pessimism             -0.029     1.676    <hidden>
    SLICE_X5Y50          FDRE (Hold_fdre_C_D)         0.143     1.819    core_inst/r_count_anomaly_reg[26]
  -------------------------------------------------------------------
                         required time                         -1.819    <hidden>
                         arrival time                           1.999    <hidden>
  -------------------------------------------------------------------
                         slack                                  0.181    <hidden>

Slack (MET) :             0.181ns  (arrival time - required time)
  Source:                 core_inst/r_count_clean_reg[6]/C
                            (rising edge-triggered cell FDRE clocked by phy_rx_clk  {rise@0.000ns fall@4.000ns period=8.000ns})
  Destination:            core_inst/r_count_clean_reg[10]/D
                            (rising edge-triggered cell FDRE clocked by phy_rx_clk  {rise@0.000ns fall@4.000ns period=8.000ns})
  Path Group:             phy_rx_clk
  Path Type:              Hold (Min at Fast Process Corner)
  Requirement:            0.000ns  (phy_rx_clk rise@0.000ns - phy_rx_clk rise@0.000ns)
  Data Path Delay:        0.668ns  (logic 0.517ns (77.399%)  route 0.151ns (22.601%))
  Logic Levels:           2  (CARRY4=2)
  Clock Path Skew:        0.309ns (DCD - SCD - CPR)
    Destination Clock Delay (DCD):    1.705ns
    Source Clock Delay      (SCD):    1.367ns
    Clock Pessimism Removal (CPR):    0.029ns

    Location             Delay type                Incr(ns)  Path(ns)    Netlist Resource(s)
  -------------------------------------------------------------------    -------------------
                         (clock phy_rx_clk rise edge)
                                                      0.000     0.000 r  <hidden>
                                                      0.000     0.000 r  phy_rx_clk
                         net (fo=0)                   0.515     0.515    core_inst/phy_rx_clk
    BUFGCTRL_X0Y16       BUFG (Prop_bufg_I_O)         0.044     0.559 r  core_inst/clk_buffer_inst/O
                         net (fo=106, routed)         0.808     1.367    core_inst/phy_rx_clk_buffered
    SLICE_X6Y49          FDRE                                         r  core_inst/r_count_clean_reg[6]/C
  -------------------------------------------------------------------    -------------------
    SLICE_X6Y49          FDRE (Prop_fdre_C_Q)         0.223     1.590 r  core_inst/r_count_clean_reg[6]/Q
                         net (fo=2, routed)           0.150     1.740    core_inst/r_count_clean_reg[6]
    SLICE_X6Y49          CARRY4 (Prop_carry4_S[2]_CO[3])
                                                      0.205     1.945 r  core_inst/r_count_clean_reg[4]_i_1/CO[3]
                         net (fo=1, routed)           0.001     1.946    core_inst/r_count_clean_reg[4]_i_1_n_0
    SLICE_X6Y50          CARRY4 (Prop_carry4_CI_O[2])
                                                      0.089     2.035 r  core_inst/r_count_clean_reg[8]_i_1/O[2]
                         net (fo=1, routed)           0.000     2.035    core_inst/r_count_clean_reg[8]_i_1_n_5
    SLICE_X6Y50          FDRE                                         r  core_inst/r_count_clean_reg[10]/D
  -------------------------------------------------------------------    -------------------

                         (clock phy_rx_clk rise edge)
                                                      0.000     0.000 r  <hidden>
                                                      0.000     0.000 r  phy_rx_clk
                         net (fo=0)                   0.542     0.542    core_inst/phy_rx_clk
    BUFGCTRL_X0Y16       BUFG (Prop_bufg_I_O)         0.046     0.588 r  core_inst/clk_buffer_inst/O
                         net (fo=106, routed)         1.117     1.705    core_inst/phy_rx_clk_buffered
    SLICE_X6Y50          FDRE                                         r  core_inst/r_count_clean_reg[10]/C
                         clock pessimism             -0.029     1.676    <hidden>
    SLICE_X6Y50          FDRE (Hold_fdre_C_D)         0.178     1.854    core_inst/r_count_clean_reg[10]
  -------------------------------------------------------------------
                         required time                         -1.854    <hidden>
                         arrival time                           2.035    <hidden>
  -------------------------------------------------------------------
                         slack                                  0.181    <hidden>

Slack (MET) :             0.188ns  (arrival time - required time)
  Source:                 core_inst/r_count_soft_block_reg[22]/C
                            (rising edge-triggered cell FDRE clocked by phy_rx_clk  {rise@0.000ns fall@4.000ns period=8.000ns})
  Destination:            core_inst/r_count_soft_block_reg[26]/D
                            (rising edge-triggered cell FDRE clocked by phy_rx_clk  {rise@0.000ns fall@4.000ns period=8.000ns})
  Path Group:             phy_rx_clk
  Path Type:              Hold (Min at Fast Process Corner)
  Requirement:            0.000ns  (phy_rx_clk rise@0.000ns - phy_rx_clk rise@0.000ns)
  Data Path Delay:        0.639ns  (logic 0.494ns (77.319%)  route 0.145ns (22.681%))
  Logic Levels:           2  (CARRY4=2)
  Clock Path Skew:        0.308ns (DCD - SCD - CPR)
    Destination Clock Delay (DCD):    1.707ns
    Source Clock Delay      (SCD):    1.370ns
    Clock Pessimism Removal (CPR):    0.029ns

    Location             Delay type                Incr(ns)  Path(ns)    Netlist Resource(s)
  -------------------------------------------------------------------    -------------------
                         (clock phy_rx_clk rise edge)
                                                      0.000     0.000 r  <hidden>
                                                      0.000     0.000 r  phy_rx_clk
                         net (fo=0)                   0.515     0.515    core_inst/phy_rx_clk
    BUFGCTRL_X0Y16       BUFG (Prop_bufg_I_O)         0.044     0.559 r  core_inst/clk_buffer_inst/O
                         net (fo=106, routed)         0.811     1.370    core_inst/phy_rx_clk_buffered
    SLICE_X3Y49          FDRE                                         r  core_inst/r_count_soft_block_reg[22]/C
  -------------------------------------------------------------------    -------------------
    SLICE_X3Y49          FDRE (Prop_fdre_C_Q)         0.193     1.563 r  core_inst/r_count_soft_block_reg[22]/Q
                         net (fo=2, routed)           0.144     1.707    core_inst/r_count_soft_block_reg[22]
    SLICE_X3Y49          CARRY4 (Prop_carry4_S[2]_CO[3])
                                                      0.212     1.919 r  core_inst/r_count_soft_block_reg[20]_i_1/CO[3]
                         net (fo=1, routed)           0.001     1.920    core_inst/r_count_soft_block_reg[20]_i_1_n_0
    SLICE_X3Y50          CARRY4 (Prop_carry4_CI_O[2])
                                                      0.089     2.009 r  core_inst/r_count_soft_block_reg[24]_i_1/O[2]
                         net (fo=1, routed)           0.000     2.009    core_inst/r_count_soft_block_reg[24]_i_1_n_5
    SLICE_X3Y50          FDRE                                         r  core_inst/r_count_soft_block_reg[26]/D
  -------------------------------------------------------------------    -------------------

                         (clock phy_rx_clk rise edge)
                                                      0.000     0.000 r  <hidden>
                                                      0.000     0.000 r  phy_rx_clk
                         net (fo=0)                   0.542     0.542    core_inst/phy_rx_clk
    BUFGCTRL_X0Y16       BUFG (Prop_bufg_I_O)         0.046     0.588 r  core_inst/clk_buffer_inst/O
                         net (fo=106, routed)         1.119     1.707    core_inst/phy_rx_clk_buffered
    SLICE_X3Y50          FDRE                                         r  core_inst/r_count_soft_block_reg[26]/C
                         clock pessimism             -0.029     1.678    <hidden>
    SLICE_X3Y50          FDRE (Hold_fdre_C_D)         0.143     1.821    core_inst/r_count_soft_block_reg[26]
  -------------------------------------------------------------------
                         required time                         -1.821    <hidden>
                         arrival time                           2.009    <hidden>
  -------------------------------------------------------------------
                         slack                                  0.188    <hidden>

Slack (MET) :             0.205ns  (arrival time - required time)
  Source:                 core_inst/r_count_clean_reg[6]/C
                            (rising edge-triggered cell FDRE clocked by phy_rx_clk  {rise@0.000ns fall@4.000ns period=8.000ns})
  Destination:            core_inst/r_count_clean_reg[9]/D
                            (rising edge-triggered cell FDRE clocked by phy_rx_clk  {rise@0.000ns fall@4.000ns period=8.000ns})
  Path Group:             phy_rx_clk
  Path Type:              Hold (Min at Fast Process Corner)
  Requirement:            0.000ns  (phy_rx_clk rise@0.000ns - phy_rx_clk rise@0.000ns)
  Data Path Delay:        0.692ns  (logic 0.541ns (78.183%)  route 0.151ns (21.817%))
  Logic Levels:           2  (CARRY4=2)
  Clock Path Skew:        0.309ns (DCD - SCD - CPR)
    Destination Clock Delay (DCD):    1.705ns
    Source Clock Delay      (SCD):    1.367ns
    Clock Pessimism Removal (CPR):    0.029ns

    Location             Delay type                Incr(ns)  Path(ns)    Netlist Resource(s)
  -------------------------------------------------------------------    -------------------
                         (clock phy_rx_clk rise edge)
                                                      0.000     0.000 r  <hidden>
                                                      0.000     0.000 r  phy_rx_clk
                         net (fo=0)                   0.515     0.515    core_inst/phy_rx_clk
    BUFGCTRL_X0Y16       BUFG (Prop_bufg_I_O)         0.044     0.559 r  core_inst/clk_buffer_inst/O
                         net (fo=106, routed)         0.808     1.367    core_inst/phy_rx_clk_buffered
    SLICE_X6Y49          FDRE                                         r  core_inst/r_count_clean_reg[6]/C
  -------------------------------------------------------------------    -------------------
    SLICE_X6Y49          FDRE (Prop_fdre_C_Q)         0.223     1.590 r  core_inst/r_count_clean_reg[6]/Q
                         net (fo=2, routed)           0.150     1.740    core_inst/r_count_clean_reg[6]
    SLICE_X6Y49          CARRY4 (Prop_carry4_S[2]_CO[3])
                                                      0.205     1.945 r  core_inst/r_count_clean_reg[4]_i_1/CO[3]
                         net (fo=1, routed)           0.001     1.946    core_inst/r_count_clean_reg[4]_i_1_n_0
    SLICE_X6Y50          CARRY4 (Prop_carry4_CI_O[1])
                                                      0.113     2.059 r  core_inst/r_count_clean_reg[8]_i_1/O[1]
                         net (fo=1, routed)           0.000     2.059    core_inst/r_count_clean_reg[8]_i_1_n_6
    SLICE_X6Y50          FDRE                                         r  core_inst/r_count_clean_reg[9]/D
  -------------------------------------------------------------------    -------------------

                         (clock phy_rx_clk rise edge)
                                                      0.000     0.000 r  <hidden>
                                                      0.000     0.000 r  phy_rx_clk
                         net (fo=0)                   0.542     0.542    core_inst/phy_rx_clk
    BUFGCTRL_X0Y16       BUFG (Prop_bufg_I_O)         0.046     0.588 r  core_inst/clk_buffer_inst/O
                         net (fo=106, routed)         1.117     1.705    core_inst/phy_rx_clk_buffered
    SLICE_X6Y50          FDRE                                         r  core_inst/r_count_clean_reg[9]/C
                         clock pessimism             -0.029     1.676    <hidden>
    SLICE_X6Y50          FDRE (Hold_fdre_C_D)         0.178     1.854    core_inst/r_count_clean_reg[9]
  -------------------------------------------------------------------
                         required time                         -1.854    <hidden>
                         arrival time                           2.059    <hidden>
  -------------------------------------------------------------------
                         slack                                  0.205    <hidden>

Slack (MET) :             0.206ns  (arrival time - required time)
  Source:                 core_inst/r_count_anomaly_reg[23]/C
                            (rising edge-triggered cell FDRE clocked by phy_rx_clk  {rise@0.000ns fall@4.000ns period=8.000ns})
  Destination:            core_inst/r_count_anomaly_reg[25]/D
                            (rising edge-triggered cell FDRE clocked by phy_rx_clk  {rise@0.000ns fall@4.000ns period=8.000ns})
  Path Group:             phy_rx_clk
  Path Type:              Hold (Min at Fast Process Corner)
  Requirement:            0.000ns  (phy_rx_clk rise@0.000ns - phy_rx_clk rise@0.000ns)
  Data Path Delay:        0.658ns  (logic 0.518ns (78.771%)  route 0.140ns (21.229%))
  Logic Levels:           2  (CARRY4=2)
  Clock Path Skew:        0.309ns (DCD - SCD - CPR)
    Destination Clock Delay (DCD):    1.705ns
    Source Clock Delay      (SCD):    1.367ns
    Clock Pessimism Removal (CPR):    0.029ns

    Location             Delay type                Incr(ns)  Path(ns)    Netlist Resource(s)
  -------------------------------------------------------------------    -------------------
                         (clock phy_rx_clk rise edge)
                                                      0.000     0.000 r  <hidden>
                                                      0.000     0.000 r  phy_rx_clk
                         net (fo=0)                   0.515     0.515    core_inst/phy_rx_clk
    BUFGCTRL_X0Y16       BUFG (Prop_bufg_I_O)         0.044     0.559 r  core_inst/clk_buffer_inst/O
                         net (fo=106, routed)         0.808     1.367    core_inst/phy_rx_clk_buffered
    SLICE_X5Y49          FDRE                                         r  core_inst/r_count_anomaly_reg[23]/C
  -------------------------------------------------------------------    -------------------
    SLICE_X5Y49          FDRE (Prop_fdre_C_Q)         0.193     1.560 r  core_inst/r_count_anomaly_reg[23]/Q
                         net (fo=2, routed)           0.139     1.699    core_inst/r_count_anomaly_reg[23]
    SLICE_X5Y49          CARRY4 (Prop_carry4_S[3]_CO[3])
                                                      0.211     1.910 r  core_inst/r_count_anomaly_reg[20]_i_1/CO[3]
                         net (fo=1, routed)           0.001     1.910    core_inst/r_count_anomaly_reg[20]_i_1_n_0
    SLICE_X5Y50          CARRY4 (Prop_carry4_CI_O[1])
                                                      0.114     2.024 r  core_inst/r_count_anomaly_reg[24]_i_1/O[1]
                         net (fo=1, routed)           0.000     2.024    core_inst/r_count_anomaly_reg[24]_i_1_n_6
    SLICE_X5Y50          FDRE                                         r  core_inst/r_count_anomaly_reg[25]/D
  -------------------------------------------------------------------    -------------------

                         (clock phy_rx_clk rise edge)
                                                      0.000     0.000 r  <hidden>
                                                      0.000     0.000 r  phy_rx_clk
                         net (fo=0)                   0.542     0.542    core_inst/phy_rx_clk
    BUFGCTRL_X0Y16       BUFG (Prop_bufg_I_O)         0.046     0.588 r  core_inst/clk_buffer_inst/O
                         net (fo=106, routed)         1.117     1.705    core_inst/phy_rx_clk_buffered
    SLICE_X5Y50          FDRE                                         r  core_inst/r_count_anomaly_reg[25]/C
                         clock pessimism             -0.029     1.676    <hidden>
    SLICE_X5Y50          FDRE (Hold_fdre_C_D)         0.143     1.819    core_inst/r_count_anomaly_reg[25]
  -------------------------------------------------------------------
                         required time                         -1.819    <hidden>
                         arrival time                           2.024    <hidden>
  -------------------------------------------------------------------
                         slack                                  0.206    <hidden>

Slack (MET) :             0.211ns  (arrival time - required time)
  Source:                 core_inst/r_count_anomaly_reg[23]/C
                            (rising edge-triggered cell FDRE clocked by phy_rx_clk  {rise@0.000ns fall@4.000ns period=8.000ns})
  Destination:            core_inst/r_count_anomaly_reg[27]/D
                            (rising edge-triggered cell FDRE clocked by phy_rx_clk  {rise@0.000ns fall@4.000ns period=8.000ns})
  Path Group:             phy_rx_clk
  Path Type:              Hold (Min at Fast Process Corner)
  Requirement:            0.000ns  (phy_rx_clk rise@0.000ns - phy_rx_clk rise@0.000ns)
  Data Path Delay:        0.663ns  (logic 0.523ns (78.931%)  route 0.140ns (21.069%))
  Logic Levels:           2  (CARRY4=2)
  Clock Path Skew:        0.309ns (DCD - SCD - CPR)
    Destination Clock Delay (DCD):    1.705ns
    Source Clock Delay      (SCD):    1.367ns
    Clock Pessimism Removal (CPR):    0.029ns

    Location             Delay type                Incr(ns)  Path(ns)    Netlist Resource(s)
  -------------------------------------------------------------------    -------------------
                         (clock phy_rx_clk rise edge)
                                                      0.000     0.000 r  <hidden>
                                                      0.000     0.000 r  phy_rx_clk
                         net (fo=0)                   0.515     0.515    core_inst/phy_rx_clk
    BUFGCTRL_X0Y16       BUFG (Prop_bufg_I_O)         0.044     0.559 r  core_inst/clk_buffer_inst/O
                         net (fo=106, routed)         0.808     1.367    core_inst/phy_rx_clk_buffered
    SLICE_X5Y49          FDRE                                         r  core_inst/r_count_anomaly_reg[23]/C
  -------------------------------------------------------------------    -------------------
    SLICE_X5Y49          FDRE (Prop_fdre_C_Q)         0.193     1.560 r  core_inst/r_count_anomaly_reg[23]/Q
                         net (fo=2, routed)           0.139     1.699    core_inst/r_count_anomaly_reg[23]
    SLICE_X5Y49          CARRY4 (Prop_carry4_S[3]_CO[3])
                                                      0.211     1.910 r  core_inst/r_count_anomaly_reg[20]_i_1/CO[3]
                         net (fo=1, routed)           0.001     1.910    core_inst/r_count_anomaly_reg[20]_i_1_n_0
    SLICE_X5Y50          CARRY4 (Prop_carry4_CI_O[3])
                                                      0.119     2.029 r  core_inst/r_count_anomaly_reg[24]_i_1/O[3]
                         net (fo=1, routed)           0.000     2.029    core_inst/r_count_anomaly_reg[24]_i_1_n_4
    SLICE_X5Y50          FDRE                                         r  core_inst/r_count_anomaly_reg[27]/D
  -------------------------------------------------------------------    -------------------

                         (clock phy_rx_clk rise edge)
                                                      0.000     0.000 r  <hidden>
                                                      0.000     0.000 r  phy_rx_clk
                         net (fo=0)                   0.542     0.542    core_inst/phy_rx_clk
    BUFGCTRL_X0Y16       BUFG (Prop_bufg_I_O)         0.046     0.588 r  core_inst/clk_buffer_inst/O
                         net (fo=106, routed)         1.117     1.705    core_inst/phy_rx_clk_buffered
    SLICE_X5Y50          FDRE                                         r  core_inst/r_count_anomaly_reg[27]/C
                         clock pessimism             -0.029     1.676    <hidden>
    SLICE_X5Y50          FDRE (Hold_fdre_C_D)         0.143     1.819    core_inst/r_count_anomaly_reg[27]
  -------------------------------------------------------------------
                         required time                         -1.819    <hidden>
                         arrival time                           2.029    <hidden>
  -------------------------------------------------------------------
                         slack                                  0.211    <hidden>





Pulse Width Checks
--------------------------------------------------------------------------------------
Clock Name:         phy_rx_clk
Waveform(ns):       { 0.000 4.000 }
Period(ns):         8.000
Sources:            { phy_rx_clk }

Check Type        Corner  Lib Pin  Reference Pin  Required(ns)  Actual(ns)  Slack(ns)  Location        Pin
Min Period        n/a     BUFG/I   n/a            2.538         8.000       5.462      BUFGCTRL_X0Y16  core_inst/clk_buffer_inst/I
Min Period        n/a     FDRE/C   n/a            1.000         8.000       7.000      SLICE_X2Y43     core_inst/pipe_corrupted_reg/C
Min Period        n/a     FDRE/C   n/a            1.000         8.000       7.000      SLICE_X2Y43     core_inst/pipe_paradoxal_reg/C
Min Period        n/a     FDRE/C   n/a            1.000         8.000       7.000      SLICE_X5Y44     core_inst/r_count_anomaly_reg[0]/C
Min Period        n/a     FDRE/C   n/a            1.000         8.000       7.000      SLICE_X5Y46     core_inst/r_count_anomaly_reg[10]/C
Min Period        n/a     FDRE/C   n/a            1.000         8.000       7.000      SLICE_X5Y46     core_inst/r_count_anomaly_reg[11]/C
Min Period        n/a     FDRE/C   n/a            1.000         8.000       7.000      SLICE_X5Y47     core_inst/r_count_anomaly_reg[12]/C
Min Period        n/a     FDRE/C   n/a            1.000         8.000       7.000      SLICE_X5Y47     core_inst/r_count_anomaly_reg[13]/C
Min Period        n/a     FDRE/C   n/a            1.000         8.000       7.000      SLICE_X5Y47     core_inst/r_count_anomaly_reg[14]/C
Min Period        n/a     FDRE/C   n/a            1.000         8.000       7.000      SLICE_X5Y47     core_inst/r_count_anomaly_reg[15]/C
Low Pulse Width   Slow    FDRE/C   n/a            0.500         4.000       3.500      SLICE_X2Y43     core_inst/pipe_corrupted_reg/C
Low Pulse Width   Fast    FDRE/C   n/a            0.500         4.000       3.500      SLICE_X2Y43     core_inst/pipe_corrupted_reg/C
Low Pulse Width   Slow    FDRE/C   n/a            0.500         4.000       3.500      SLICE_X2Y43     core_inst/pipe_paradoxal_reg/C
Low Pulse Width   Fast    FDRE/C   n/a            0.500         4.000       3.500      SLICE_X2Y43     core_inst/pipe_paradoxal_reg/C
Low Pulse Width   Slow    FDRE/C   n/a            0.500         4.000       3.500      SLICE_X5Y44     core_inst/r_count_anomaly_reg[0]/C
Low Pulse Width   Fast    FDRE/C   n/a            0.500         4.000       3.500      SLICE_X5Y44     core_inst/r_count_anomaly_reg[0]/C
Low Pulse Width   Slow    FDRE/C   n/a            0.500         4.000       3.500      SLICE_X5Y46     core_inst/r_count_anomaly_reg[10]/C
Low Pulse Width   Fast    FDRE/C   n/a            0.500         4.000       3.500      SLICE_X5Y46     core_inst/r_count_anomaly_reg[10]/C
Low Pulse Width   Slow    FDRE/C   n/a            0.500         4.000       3.500      SLICE_X5Y46     core_inst/r_count_anomaly_reg[11]/C
Low Pulse Width   Fast    FDRE/C   n/a            0.500         4.000       3.500      SLICE_X5Y46     core_inst/r_count_anomaly_reg[11]/C
High Pulse Width  Slow    FDRE/C   n/a            0.500         4.000       3.500      SLICE_X2Y43     core_inst/pipe_corrupted_reg/C
High Pulse Width  Fast    FDRE/C   n/a            0.500         4.000       3.500      SLICE_X2Y43     core_inst/pipe_corrupted_reg/C
High Pulse Width  Slow    FDRE/C   n/a            0.500         4.000       3.500      SLICE_X2Y43     core_inst/pipe_paradoxal_reg/C
High Pulse Width  Fast    FDRE/C   n/a            0.500         4.000       3.500      SLICE_X2Y43     core_inst/pipe_paradoxal_reg/C
High Pulse Width  Slow    FDRE/C   n/a            0.500         4.000       3.500      SLICE_X5Y44     core_inst/r_count_anomaly_reg[0]/C
High Pulse Width  Fast    FDRE/C   n/a            0.500         4.000       3.500      SLICE_X5Y44     core_inst/r_count_anomaly_reg[0]/C
High Pulse Width  Slow    FDRE/C   n/a            0.500         4.000       3.500      SLICE_X5Y46     core_inst/r_count_anomaly_reg[10]/C
High Pulse Width  Fast    FDRE/C   n/a            0.500         4.000       3.500      SLICE_X5Y46     core_inst/r_count_anomaly_reg[10]/C
High Pulse Width  Slow    FDRE/C   n/a            0.500         4.000       3.500      SLICE_X5Y46     core_inst/r_count_anomaly_reg[11]/C
High Pulse Width  Fast    FDRE/C   n/a            0.500         4.000       3.500      SLICE_X5Y46     core_inst/r_count_anomaly_reg[11]/C



--------------------------------------------------------------------------------------
Path Group:  (none)
From Clock:  axi_aclk
  To Clock:  axi_aclk

Max Delay             4 Endpoints
Min Delay             4 Endpoints
--------------------------------------------------------------------------------------


Max Delay Paths
--------------------------------------------------------------------------------------
Slack:                    inf
  Source:                 r_threat_mask_reg[1]/C
                            (rising edge-triggered cell FDSE clocked by axi_aclk  {rise@0.000ns fall@1.250ns period=2.500ns})
  Destination:            core_inst/sync_threat_reg1_reg[1]/D
                            (rising edge-triggered cell FDRE clocked by axi_aclk  {rise@0.000ns fall@1.250ns period=2.500ns})
  Path Group:             (none)
  Path Type:              Setup (Max at Slow Process Corner)
  Data Path Delay:        0.908ns  (logic 0.610ns (67.198%)  route 0.298ns (32.802%))
  Logic Levels:           0  
  Clock Path Skew:        -0.052ns (DCD - SCD + CPR)
    Destination Clock Delay (DCD):    0.986ns
    Source Clock Delay      (SCD):    1.038ns
    Clock Pessimism Removal (CPR):    0.000ns
  Clock Uncertainty:      0.035ns  ((TSJ^2 + TIJ^2)^1/2 + DJ) / 2 + PE
    Total System Jitter     (TSJ):    0.071ns
    Total Input Jitter      (TIJ):    0.000ns
    Discrete Jitter          (DJ):    0.000ns
    Phase Error              (PE):    0.000ns
  Timing Exception:       False Path

    Location             Delay type                Incr(ns)  Path(ns)    Netlist Resource(s)
  -------------------------------------------------------------------    -------------------
                         (clock axi_aclk rise edge)
                                                      0.000     0.000 r  <hidden>
                                                      0.000     0.000 r  axi_aclk
                         net (fo=46, unset)           1.038     1.038    axi_aclk
    SLICE_X2Y42          FDSE                                         r  r_threat_mask_reg[1]/C
  -------------------------------------------------------------------    -------------------
    SLICE_X2Y42          FDSE (Prop_fdse_C_Q)         0.610     1.648 r  r_threat_mask_reg[1]/Q
                         net (fo=2, routed)           0.298     1.946    core_inst/sync_threat_reg1_reg[1]_0[1]
    SLICE_X2Y41          FDRE                                         r  core_inst/sync_threat_reg1_reg[1]/D
  -------------------------------------------------------------------    -------------------

                         (clock axi_aclk rise edge)
                                                      0.000     0.000 r  <hidden>
                                                      0.000     0.000 r  axi_aclk
                         net (fo=46, unset)           0.986     0.986    core_inst/axi_aclk
    SLICE_X2Y41          FDRE                                         r  core_inst/sync_threat_reg1_reg[1]/C

Slack:                    inf
  Source:                 r_paradox_mask_reg[1]/C
                            (rising edge-triggered cell FDRE clocked by axi_aclk  {rise@0.000ns fall@1.250ns period=2.500ns})
  Destination:            core_inst/sync_paradox_reg1_reg[1]/D
                            (rising edge-triggered cell FDRE clocked by axi_aclk  {rise@0.000ns fall@1.250ns period=2.500ns})
  Path Group:             (none)
  Path Type:              Setup (Max at Slow Process Corner)
  Data Path Delay:        0.832ns  (logic 0.536ns (64.400%)  route 0.296ns (35.600%))
  Logic Levels:           0  
  Clock Path Skew:        -0.052ns (DCD - SCD + CPR)
    Destination Clock Delay (DCD):    0.986ns
    Source Clock Delay      (SCD):    1.038ns
    Clock Pessimism Removal (CPR):    0.000ns
  Clock Uncertainty:      0.035ns  ((TSJ^2 + TIJ^2)^1/2 + DJ) / 2 + PE
    Total System Jitter     (TSJ):    0.071ns
    Total Input Jitter      (TIJ):    0.000ns
    Discrete Jitter          (DJ):    0.000ns
    Phase Error              (PE):    0.000ns
  Timing Exception:       False Path

    Location             Delay type                Incr(ns)  Path(ns)    Netlist Resource(s)
  -------------------------------------------------------------------    -------------------
                         (clock axi_aclk rise edge)
                                                      0.000     0.000 r  <hidden>
                                                      0.000     0.000 r  axi_aclk
                         net (fo=46, unset)           1.038     1.038    axi_aclk
    SLICE_X0Y47          FDRE                                         r  r_paradox_mask_reg[1]/C
  -------------------------------------------------------------------    -------------------
    SLICE_X0Y47          FDRE (Prop_fdre_C_Q)         0.536     1.574 r  r_paradox_mask_reg[1]/Q
                         net (fo=2, routed)           0.296     1.870    core_inst/D[1]
    SLICE_X0Y46          FDRE                                         r  core_inst/sync_paradox_reg1_reg[1]/D
  -------------------------------------------------------------------    -------------------

                         (clock axi_aclk rise edge)
                                                      0.000     0.000 r  <hidden>
                                                      0.000     0.000 r  axi_aclk
                         net (fo=46, unset)           0.986     0.986    core_inst/axi_aclk
    SLICE_X0Y46          FDRE                                         r  core_inst/sync_paradox_reg1_reg[1]/C

Slack:                    inf
  Source:                 r_paradox_mask_reg[0]/C
                            (rising edge-triggered cell FDRE clocked by axi_aclk  {rise@0.000ns fall@1.250ns period=2.500ns})
  Destination:            core_inst/sync_paradox_reg1_reg[0]/D
                            (rising edge-triggered cell FDRE clocked by axi_aclk  {rise@0.000ns fall@1.250ns period=2.500ns})
  Path Group:             (none)
  Path Type:              Setup (Max at Slow Process Corner)
  Data Path Delay:        0.810ns  (logic 0.536ns (66.201%)  route 0.274ns (33.800%))
  Logic Levels:           0  
  Clock Path Skew:        -0.052ns (DCD - SCD + CPR)
    Destination Clock Delay (DCD):    0.986ns
    Source Clock Delay      (SCD):    1.038ns
    Clock Pessimism Removal (CPR):    0.000ns
  Clock Uncertainty:      0.035ns  ((TSJ^2 + TIJ^2)^1/2 + DJ) / 2 + PE
    Total System Jitter     (TSJ):    0.071ns
    Total Input Jitter      (TIJ):    0.000ns
    Discrete Jitter          (DJ):    0.000ns
    Phase Error              (PE):    0.000ns
  Timing Exception:       False Path

    Location             Delay type                Incr(ns)  Path(ns)    Netlist Resource(s)
  -------------------------------------------------------------------    -------------------
                         (clock axi_aclk rise edge)
                                                      0.000     0.000 r  <hidden>
                                                      0.000     0.000 r  axi_aclk
                         net (fo=46, unset)           1.038     1.038    axi_aclk
    SLICE_X0Y44          FDRE                                         r  r_paradox_mask_reg[0]/C
  -------------------------------------------------------------------    -------------------
    SLICE_X0Y44          FDRE (Prop_fdre_C_Q)         0.536     1.574 r  r_paradox_mask_reg[0]/Q
                         net (fo=2, routed)           0.274     1.848    core_inst/D[0]
    SLICE_X1Y44          FDRE                                         r  core_inst/sync_paradox_reg1_reg[0]/D
  -------------------------------------------------------------------    -------------------

                         (clock axi_aclk rise edge)
                                                      0.000     0.000 r  <hidden>
                                                      0.000     0.000 r  axi_aclk
                         net (fo=46, unset)           0.986     0.986    core_inst/axi_aclk
    SLICE_X1Y44          FDRE                                         r  core_inst/sync_paradox_reg1_reg[0]/C

Slack:                    inf
  Source:                 r_threat_mask_reg[0]/C
                            (rising edge-triggered cell FDSE clocked by axi_aclk  {rise@0.000ns fall@1.250ns period=2.500ns})
  Destination:            core_inst/sync_threat_reg1_reg[0]/D
                            (rising edge-triggered cell FDRE clocked by axi_aclk  {rise@0.000ns fall@1.250ns period=2.500ns})
  Path Group:             (none)
  Path Type:              Setup (Max at Slow Process Corner)
  Data Path Delay:        0.810ns  (logic 0.536ns (66.201%)  route 0.274ns (33.800%))
  Logic Levels:           0  
  Clock Path Skew:        -0.052ns (DCD - SCD + CPR)
    Destination Clock Delay (DCD):    0.986ns
    Source Clock Delay      (SCD):    1.038ns
    Clock Pessimism Removal (CPR):    0.000ns
  Clock Uncertainty:      0.035ns  ((TSJ^2 + TIJ^2)^1/2 + DJ) / 2 + PE
    Total System Jitter     (TSJ):    0.071ns
    Total Input Jitter      (TIJ):    0.000ns
    Discrete Jitter          (DJ):    0.000ns
    Phase Error              (PE):    0.000ns
  Timing Exception:       False Path

    Location             Delay type                Incr(ns)  Path(ns)    Netlist Resource(s)
  -------------------------------------------------------------------    -------------------
                         (clock axi_aclk rise edge)
                                                      0.000     0.000 r  <hidden>
                                                      0.000     0.000 r  axi_aclk
                         net (fo=46, unset)           1.038     1.038    axi_aclk
    SLICE_X0Y43          FDSE                                         r  r_threat_mask_reg[0]/C
  -------------------------------------------------------------------    -------------------
    SLICE_X0Y43          FDSE (Prop_fdse_C_Q)         0.536     1.574 r  r_threat_mask_reg[0]/Q
                         net (fo=2, routed)           0.274     1.848    core_inst/sync_threat_reg1_reg[1]_0[0]
    SLICE_X1Y43          FDRE                                         r  core_inst/sync_threat_reg1_reg[0]/D
  -------------------------------------------------------------------    -------------------

                         (clock axi_aclk rise edge)
                                                      0.000     0.000 r  <hidden>
                                                      0.000     0.000 r  axi_aclk
                         net (fo=46, unset)           0.986     0.986    core_inst/axi_aclk
    SLICE_X1Y43          FDRE                                         r  core_inst/sync_threat_reg1_reg[0]/C





Min Delay Paths
--------------------------------------------------------------------------------------
Slack:                    inf
  Source:                 r_paradox_mask_reg[0]/C
                            (rising edge-triggered cell FDRE clocked by axi_aclk  {rise@0.000ns fall@1.250ns period=2.500ns})
  Destination:            core_inst/sync_paradox_reg1_reg[0]/D
                            (rising edge-triggered cell FDRE clocked by axi_aclk  {rise@0.000ns fall@1.250ns period=2.500ns})
  Path Group:             (none)
  Path Type:              Hold (Min at Fast Process Corner)
  Data Path Delay:        0.330ns  (logic 0.193ns (58.545%)  route 0.137ns (41.455%))
  Logic Levels:           0  
  Clock Path Skew:        0.027ns (DCD - SCD - CPR)
    Destination Clock Delay (DCD):    0.542ns
    Source Clock Delay      (SCD):    0.515ns
    Clock Pessimism Removal (CPR):    -0.000ns
  Clock Uncertainty:      0.035ns  ((TSJ^2 + TIJ^2)^1/2 + DJ) / 2 + PE
    Total System Jitter     (TSJ):    0.071ns
    Total Input Jitter      (TIJ):    0.000ns
    Discrete Jitter          (DJ):    0.000ns
    Phase Error              (PE):    0.000ns
  Timing Exception:       False Path

    Location             Delay type                Incr(ns)  Path(ns)    Netlist Resource(s)
  -------------------------------------------------------------------    -------------------
                         (clock axi_aclk rise edge)
                                                      0.000     0.000 r  <hidden>
                                                      0.000     0.000 r  axi_aclk
                         net (fo=46, unset)           0.515     0.515    axi_aclk
    SLICE_X0Y44          FDRE                                         r  r_paradox_mask_reg[0]/C
  -------------------------------------------------------------------    -------------------
    SLICE_X0Y44          FDRE (Prop_fdre_C_Q)         0.193     0.708 r  r_paradox_mask_reg[0]/Q
                         net (fo=2, routed)           0.137     0.844    core_inst/D[0]
    SLICE_X1Y44          FDRE                                         r  core_inst/sync_paradox_reg1_reg[0]/D
  -------------------------------------------------------------------    -------------------

                         (clock axi_aclk rise edge)
                                                      0.000     0.000 r  <hidden>
                                                      0.000     0.000 r  axi_aclk
                         net (fo=46, unset)           0.542     0.542    core_inst/axi_aclk
    SLICE_X1Y44          FDRE                                         r  core_inst/sync_paradox_reg1_reg[0]/C

Slack:                    inf
  Source:                 r_threat_mask_reg[0]/C
                            (rising edge-triggered cell FDSE clocked by axi_aclk  {rise@0.000ns fall@1.250ns period=2.500ns})
  Destination:            core_inst/sync_threat_reg1_reg[0]/D
                            (rising edge-triggered cell FDRE clocked by axi_aclk  {rise@0.000ns fall@1.250ns period=2.500ns})
  Path Group:             (none)
  Path Type:              Hold (Min at Fast Process Corner)
  Data Path Delay:        0.330ns  (logic 0.193ns (58.545%)  route 0.137ns (41.455%))
  Logic Levels:           0  
  Clock Path Skew:        0.027ns (DCD - SCD - CPR)
    Destination Clock Delay (DCD):    0.542ns
    Source Clock Delay      (SCD):    0.515ns
    Clock Pessimism Removal (CPR):    -0.000ns
  Clock Uncertainty:      0.035ns  ((TSJ^2 + TIJ^2)^1/2 + DJ) / 2 + PE
    Total System Jitter     (TSJ):    0.071ns
    Total Input Jitter      (TIJ):    0.000ns
    Discrete Jitter          (DJ):    0.000ns
    Phase Error              (PE):    0.000ns
  Timing Exception:       False Path

    Location             Delay type                Incr(ns)  Path(ns)    Netlist Resource(s)
  -------------------------------------------------------------------    -------------------
                         (clock axi_aclk rise edge)
                                                      0.000     0.000 r  <hidden>
                                                      0.000     0.000 r  axi_aclk
                         net (fo=46, unset)           0.515     0.515    axi_aclk
    SLICE_X0Y43          FDSE                                         r  r_threat_mask_reg[0]/C
  -------------------------------------------------------------------    -------------------
    SLICE_X0Y43          FDSE (Prop_fdse_C_Q)         0.193     0.708 r  r_threat_mask_reg[0]/Q
                         net (fo=2, routed)           0.137     0.844    core_inst/sync_threat_reg1_reg[1]_0[0]
    SLICE_X1Y43          FDRE                                         r  core_inst/sync_threat_reg1_reg[0]/D
  -------------------------------------------------------------------    -------------------

                         (clock axi_aclk rise edge)
                                                      0.000     0.000 r  <hidden>
                                                      0.000     0.000 r  axi_aclk
                         net (fo=46, unset)           0.542     0.542    core_inst/axi_aclk
    SLICE_X1Y43          FDRE                                         r  core_inst/sync_threat_reg1_reg[0]/C

Slack:                    inf
  Source:                 r_paradox_mask_reg[1]/C
                            (rising edge-triggered cell FDRE clocked by axi_aclk  {rise@0.000ns fall@1.250ns period=2.500ns})
  Destination:            core_inst/sync_paradox_reg1_reg[1]/D
                            (rising edge-triggered cell FDRE clocked by axi_aclk  {rise@0.000ns fall@1.250ns period=2.500ns})
  Path Group:             (none)
  Path Type:              Hold (Min at Fast Process Corner)
  Data Path Delay:        0.349ns  (logic 0.193ns (55.254%)  route 0.156ns (44.746%))
  Logic Levels:           0  
  Clock Path Skew:        0.027ns (DCD - SCD - CPR)
    Destination Clock Delay (DCD):    0.542ns
    Source Clock Delay      (SCD):    0.515ns
    Clock Pessimism Removal (CPR):    -0.000ns
  Clock Uncertainty:      0.035ns  ((TSJ^2 + TIJ^2)^1/2 + DJ) / 2 + PE
    Total System Jitter     (TSJ):    0.071ns
    Total Input Jitter      (TIJ):    0.000ns
    Discrete Jitter          (DJ):    0.000ns
    Phase Error              (PE):    0.000ns
  Timing Exception:       False Path

    Location             Delay type                Incr(ns)  Path(ns)    Netlist Resource(s)
  -------------------------------------------------------------------    -------------------
                         (clock axi_aclk rise edge)
                                                      0.000     0.000 r  <hidden>
                                                      0.000     0.000 r  axi_aclk
                         net (fo=46, unset)           0.515     0.515    axi_aclk
    SLICE_X0Y47          FDRE                                         r  r_paradox_mask_reg[1]/C
  -------------------------------------------------------------------    -------------------
    SLICE_X0Y47          FDRE (Prop_fdre_C_Q)         0.193     0.708 r  r_paradox_mask_reg[1]/Q
                         net (fo=2, routed)           0.156     0.864    core_inst/D[1]
    SLICE_X0Y46          FDRE                                         r  core_inst/sync_paradox_reg1_reg[1]/D
  -------------------------------------------------------------------    -------------------

                         (clock axi_aclk rise edge)
                                                      0.000     0.000 r  <hidden>
                                                      0.000     0.000 r  axi_aclk
                         net (fo=46, unset)           0.542     0.542    core_inst/axi_aclk
    SLICE_X0Y46          FDRE                                         r  core_inst/sync_paradox_reg1_reg[1]/C

Slack:                    inf
  Source:                 r_threat_mask_reg[1]/C
                            (rising edge-triggered cell FDSE clocked by axi_aclk  {rise@0.000ns fall@1.250ns period=2.500ns})
  Destination:            core_inst/sync_threat_reg1_reg[1]/D
                            (rising edge-triggered cell FDRE clocked by axi_aclk  {rise@0.000ns fall@1.250ns period=2.500ns})
  Path Group:             (none)
  Path Type:              Hold (Min at Fast Process Corner)
  Data Path Delay:        0.374ns  (logic 0.223ns (59.662%)  route 0.151ns (40.338%))
  Logic Levels:           0  
  Clock Path Skew:        0.027ns (DCD - SCD - CPR)
    Destination Clock Delay (DCD):    0.542ns
    Source Clock Delay      (SCD):    0.515ns
    Clock Pessimism Removal (CPR):    -0.000ns
  Clock Uncertainty:      0.035ns  ((TSJ^2 + TIJ^2)^1/2 + DJ) / 2 + PE
    Total System Jitter     (TSJ):    0.071ns
    Total Input Jitter      (TIJ):    0.000ns
    Discrete Jitter          (DJ):    0.000ns
    Phase Error              (PE):    0.000ns
  Timing Exception:       False Path

    Location             Delay type                Incr(ns)  Path(ns)    Netlist Resource(s)
  -------------------------------------------------------------------    -------------------
                         (clock axi_aclk rise edge)
                                                      0.000     0.000 r  <hidden>
                                                      0.000     0.000 r  axi_aclk
                         net (fo=46, unset)           0.515     0.515    axi_aclk
    SLICE_X2Y42          FDSE                                         r  r_threat_mask_reg[1]/C
  -------------------------------------------------------------------    -------------------
    SLICE_X2Y42          FDSE (Prop_fdse_C_Q)         0.223     0.738 r  r_threat_mask_reg[1]/Q
                         net (fo=2, routed)           0.151     0.889    core_inst/sync_threat_reg1_reg[1]_0[1]
    SLICE_X2Y41          FDRE                                         r  core_inst/sync_threat_reg1_reg[1]/D
  -------------------------------------------------------------------    -------------------

                         (clock axi_aclk rise edge)
                                                      0.000     0.000 r  <hidden>
                                                      0.000     0.000 r  axi_aclk
                         net (fo=46, unset)           0.542     0.542    core_inst/axi_aclk
    SLICE_X2Y41          FDRE                                         r  core_inst/sync_threat_reg1_reg[1]/C





--------------------------------------------------------------------------------------
Path Group:  (none)
From Clock:  phy_rx_clk
  To Clock:  axi_aclk

Max Delay            32 Endpoints
Min Delay            32 Endpoints
--------------------------------------------------------------------------------------


Max Delay Paths
--------------------------------------------------------------------------------------
Slack:                    inf
  Source:                 core_inst/r_count_clean_reg[27]/C
                            (rising edge-triggered cell FDRE clocked by phy_rx_clk  {rise@0.000ns fall@4.000ns period=8.000ns})
  Destination:            s_axi_rdata_reg[27]/D
                            (rising edge-triggered cell FDRE clocked by axi_aclk  {rise@0.000ns fall@1.250ns period=2.500ns})
  Path Group:             (none)
  Path Type:              Setup (Max at Slow Process Corner)
  Data Path Delay:        2.373ns  (logic 0.758ns (31.937%)  route 1.615ns (68.063%))
  Logic Levels:           1  (LUT5=1)
  Clock Path Skew:        -2.081ns (DCD - SCD + CPR)
    Destination Clock Delay (DCD):    0.986ns
    Source Clock Delay      (SCD):    3.067ns
    Clock Pessimism Removal (CPR):    0.000ns
  Clock Uncertainty:      0.035ns  ((TSJ^2 + TIJ^2)^1/2 + DJ) / 2 + PE
    Total System Jitter     (TSJ):    0.071ns
    Total Input Jitter      (TIJ):    0.000ns
    Discrete Jitter          (DJ):    0.000ns
    Phase Error              (PE):    0.000ns
  Timing Exception:       Asynchronous Clock Groups

    Location             Delay type                Incr(ns)  Path(ns)    Netlist Resource(s)
  -------------------------------------------------------------------    -------------------
                         (clock phy_rx_clk rise edge)
                                                      0.000     0.000 r  <hidden>
                                                      0.000     0.000 r  phy_rx_clk
                         net (fo=0)                   1.038     1.038    core_inst/phy_rx_clk
    BUFGCTRL_X0Y16       BUFG (Prop_bufg_I_O)         0.138     1.176 r  core_inst/clk_buffer_inst/O
                         net (fo=106, routed)         1.891     3.067    core_inst/phy_rx_clk_buffered
    SLICE_X6Y54          FDRE                                         r  core_inst/r_count_clean_reg[27]/C
  -------------------------------------------------------------------    -------------------
    SLICE_X6Y54          FDRE (Prop_fdre_C_Q)         0.610     3.677 r  core_inst/r_count_clean_reg[27]/Q
                         net (fo=2, routed)           1.615     5.292    core_inst/r_count_clean_reg[27]
    SLICE_X4Y46          LUT5 (Prop_lut5_I1_O)        0.148     5.440 r  core_inst/s_axi_rdata[27]_i_1/O
                         net (fo=1, routed)           0.000     5.440    p_1_in[27]
    SLICE_X4Y46          FDRE                                         r  s_axi_rdata_reg[27]/D
  -------------------------------------------------------------------    -------------------

                         (clock axi_aclk rise edge)
                                                      0.000     0.000 r  <hidden>
                                                      0.000     0.000 r  axi_aclk
                         net (fo=46, unset)           0.986     0.986    axi_aclk
    SLICE_X4Y46          FDRE                                         r  s_axi_rdata_reg[27]/C

Slack:                    inf
  Source:                 core_inst/r_count_clean_reg[24]/C
                            (rising edge-triggered cell FDRE clocked by phy_rx_clk  {rise@0.000ns fall@4.000ns period=8.000ns})
  Destination:            s_axi_rdata_reg[24]/D
                            (rising edge-triggered cell FDRE clocked by axi_aclk  {rise@0.000ns fall@1.250ns period=2.500ns})
  Path Group:             (none)
  Path Type:              Setup (Max at Slow Process Corner)
  Data Path Delay:        2.254ns  (logic 0.758ns (33.632%)  route 1.496ns (66.368%))
  Logic Levels:           1  (LUT5=1)
  Clock Path Skew:        -2.081ns (DCD - SCD + CPR)
    Destination Clock Delay (DCD):    0.986ns
    Source Clock Delay      (SCD):    3.067ns
    Clock Pessimism Removal (CPR):    0.000ns
  Clock Uncertainty:      0.035ns  ((TSJ^2 + TIJ^2)^1/2 + DJ) / 2 + PE
    Total System Jitter     (TSJ):    0.071ns
    Total Input Jitter      (TIJ):    0.000ns
    Discrete Jitter          (DJ):    0.000ns
    Phase Error              (PE):    0.000ns
  Timing Exception:       Asynchronous Clock Groups

    Location             Delay type                Incr(ns)  Path(ns)    Netlist Resource(s)
  -------------------------------------------------------------------    -------------------
                         (clock phy_rx_clk rise edge)
                                                      0.000     0.000 r  <hidden>
                                                      0.000     0.000 r  phy_rx_clk
                         net (fo=0)                   1.038     1.038    core_inst/phy_rx_clk
    BUFGCTRL_X0Y16       BUFG (Prop_bufg_I_O)         0.138     1.176 r  core_inst/clk_buffer_inst/O
                         net (fo=106, routed)         1.891     3.067    core_inst/phy_rx_clk_buffered
    SLICE_X6Y54          FDRE                                         r  core_inst/r_count_clean_reg[24]/C
  -------------------------------------------------------------------    -------------------
    SLICE_X6Y54          FDRE (Prop_fdre_C_Q)         0.610     3.677 r  core_inst/r_count_clean_reg[24]/Q
                         net (fo=2, routed)           1.496     5.173    core_inst/r_count_clean_reg[24]
    SLICE_X7Y49          LUT5 (Prop_lut5_I4_O)        0.148     5.321 r  core_inst/s_axi_rdata[24]_i_1/O
                         net (fo=1, routed)           0.000     5.321    p_1_in[24]
    SLICE_X7Y49          FDRE                                         r  s_axi_rdata_reg[24]/D
  -------------------------------------------------------------------    -------------------

                         (clock axi_aclk rise edge)
                                                      0.000     0.000 r  <hidden>
                                                      0.000     0.000 r  axi_aclk
                         net (fo=46, unset)           0.986     0.986    axi_aclk
    SLICE_X7Y49          FDRE                                         r  s_axi_rdata_reg[24]/C

Slack:                    inf
  Source:                 core_inst/r_count_clean_reg[22]/C
                            (rising edge-triggered cell FDRE clocked by phy_rx_clk  {rise@0.000ns fall@4.000ns period=8.000ns})
  Destination:            s_axi_rdata_reg[22]/D
                            (rising edge-triggered cell FDRE clocked by axi_aclk  {rise@0.000ns fall@1.250ns period=2.500ns})
  Path Group:             (none)
  Path Type:              Setup (Max at Slow Process Corner)
  Data Path Delay:        2.011ns  (logic 0.758ns (37.685%)  route 1.253ns (62.315%))
  Logic Levels:           1  (LUT5=1)
  Clock Path Skew:        -2.081ns (DCD - SCD + CPR)
    Destination Clock Delay (DCD):    0.986ns
    Source Clock Delay      (SCD):    3.067ns
    Clock Pessimism Removal (CPR):    0.000ns
  Clock Uncertainty:      0.035ns  ((TSJ^2 + TIJ^2)^1/2 + DJ) / 2 + PE
    Total System Jitter     (TSJ):    0.071ns
    Total Input Jitter      (TIJ):    0.000ns
    Discrete Jitter          (DJ):    0.000ns
    Phase Error              (PE):    0.000ns
  Timing Exception:       Asynchronous Clock Groups

    Location             Delay type                Incr(ns)  Path(ns)    Netlist Resource(s)
  -------------------------------------------------------------------    -------------------
                         (clock phy_rx_clk rise edge)
                                                      0.000     0.000 r  <hidden>
                                                      0.000     0.000 r  phy_rx_clk
                         net (fo=0)                   1.038     1.038    core_inst/phy_rx_clk
    BUFGCTRL_X0Y16       BUFG (Prop_bufg_I_O)         0.138     1.176 r  core_inst/clk_buffer_inst/O
                         net (fo=106, routed)         1.891     3.067    core_inst/phy_rx_clk_buffered
    SLICE_X6Y53          FDRE                                         r  core_inst/r_count_clean_reg[22]/C
  -------------------------------------------------------------------    -------------------
    SLICE_X6Y53          FDRE (Prop_fdre_C_Q)         0.610     3.677 r  core_inst/r_count_clean_reg[22]/Q
                         net (fo=2, routed)           1.253     4.930    core_inst/r_count_clean_reg[22]
    SLICE_X2Y46          LUT5 (Prop_lut5_I4_O)        0.148     5.078 r  core_inst/s_axi_rdata[22]_i_1/O
                         net (fo=1, routed)           0.000     5.078    p_1_in[22]
    SLICE_X2Y46          FDRE                                         r  s_axi_rdata_reg[22]/D
  -------------------------------------------------------------------    -------------------

                         (clock axi_aclk rise edge)
                                                      0.000     0.000 r  <hidden>
                                                      0.000     0.000 r  axi_aclk
                         net (fo=46, unset)           0.986     0.986    axi_aclk
    SLICE_X2Y46          FDRE                                         r  s_axi_rdata_reg[22]/C

Slack:                    inf
  Source:                 core_inst/r_count_clean_reg[3]/C
                            (rising edge-triggered cell FDRE clocked by phy_rx_clk  {rise@0.000ns fall@4.000ns period=8.000ns})
  Destination:            s_axi_rdata_reg[3]/D
                            (rising edge-triggered cell FDRE clocked by axi_aclk  {rise@0.000ns fall@1.250ns period=2.500ns})
  Path Group:             (none)
  Path Type:              Setup (Max at Slow Process Corner)
  Data Path Delay:        1.987ns  (logic 0.758ns (38.154%)  route 1.229ns (61.846%))
  Logic Levels:           1  (LUT5=1)
  Clock Path Skew:        -2.100ns (DCD - SCD + CPR)
    Destination Clock Delay (DCD):    0.986ns
    Source Clock Delay      (SCD):    3.086ns
    Clock Pessimism Removal (CPR):    0.000ns
  Clock Uncertainty:      0.035ns  ((TSJ^2 + TIJ^2)^1/2 + DJ) / 2 + PE
    Total System Jitter     (TSJ):    0.071ns
    Total Input Jitter      (TIJ):    0.000ns
    Discrete Jitter          (DJ):    0.000ns
    Phase Error              (PE):    0.000ns
  Timing Exception:       Asynchronous Clock Groups

    Location             Delay type                Incr(ns)  Path(ns)    Netlist Resource(s)
  -------------------------------------------------------------------    -------------------
                         (clock phy_rx_clk rise edge)
                                                      0.000     0.000 r  <hidden>
                                                      0.000     0.000 r  phy_rx_clk
                         net (fo=0)                   1.038     1.038    core_inst/phy_rx_clk
    BUFGCTRL_X0Y16       BUFG (Prop_bufg_I_O)         0.138     1.176 r  core_inst/clk_buffer_inst/O
                         net (fo=106, routed)         1.910     3.086    core_inst/phy_rx_clk_buffered
    SLICE_X6Y48          FDRE                                         r  core_inst/r_count_clean_reg[3]/C
  -------------------------------------------------------------------    -------------------
    SLICE_X6Y48          FDRE (Prop_fdre_C_Q)         0.610     3.696 r  core_inst/r_count_clean_reg[3]/Q
                         net (fo=2, routed)           1.229     4.925    core_inst/r_count_clean_reg[3]
    SLICE_X6Y44          LUT5 (Prop_lut5_I1_O)        0.148     5.073 r  core_inst/s_axi_rdata[3]_i_1/O
                         net (fo=1, routed)           0.000     5.073    p_1_in[3]
    SLICE_X6Y44          FDRE                                         r  s_axi_rdata_reg[3]/D
  -------------------------------------------------------------------    -------------------

                         (clock axi_aclk rise edge)
                                                      0.000     0.000 r  <hidden>
                                                      0.000     0.000 r  axi_aclk
                         net (fo=46, unset)           0.986     0.986    axi_aclk
    SLICE_X6Y44          FDRE                                         r  s_axi_rdata_reg[3]/C

Slack:                    inf
  Source:                 core_inst/r_count_clean_reg[7]/C
                            (rising edge-triggered cell FDRE clocked by phy_rx_clk  {rise@0.000ns fall@4.000ns period=8.000ns})
  Destination:            s_axi_rdata_reg[7]/D
                            (rising edge-triggered cell FDRE clocked by axi_aclk  {rise@0.000ns fall@1.250ns period=2.500ns})
  Path Group:             (none)
  Path Type:              Setup (Max at Slow Process Corner)
  Data Path Delay:        1.959ns  (logic 0.758ns (38.698%)  route 1.201ns (61.302%))
  Logic Levels:           1  (LUT5=1)
  Clock Path Skew:        -2.100ns (DCD - SCD + CPR)
    Destination Clock Delay (DCD):    0.986ns
    Source Clock Delay      (SCD):    3.086ns
    Clock Pessimism Removal (CPR):    0.000ns
  Clock Uncertainty:      0.035ns  ((TSJ^2 + TIJ^2)^1/2 + DJ) / 2 + PE
    Total System Jitter     (TSJ):    0.071ns
    Total Input Jitter      (TIJ):    0.000ns
    Discrete Jitter          (DJ):    0.000ns
    Phase Error              (PE):    0.000ns
  Timing Exception:       Asynchronous Clock Groups

    Location             Delay type                Incr(ns)  Path(ns)    Netlist Resource(s)
  -------------------------------------------------------------------    -------------------
                         (clock phy_rx_clk rise edge)
                                                      0.000     0.000 r  <hidden>
                                                      0.000     0.000 r  phy_rx_clk
                         net (fo=0)                   1.038     1.038    core_inst/phy_rx_clk
    BUFGCTRL_X0Y16       BUFG (Prop_bufg_I_O)         0.138     1.176 r  core_inst/clk_buffer_inst/O
                         net (fo=106, routed)         1.910     3.086    core_inst/phy_rx_clk_buffered
    SLICE_X6Y49          FDRE                                         r  core_inst/r_count_clean_reg[7]/C
  -------------------------------------------------------------------    -------------------
    SLICE_X6Y49          FDRE (Prop_fdre_C_Q)         0.610     3.696 r  core_inst/r_count_clean_reg[7]/Q
                         net (fo=2, routed)           1.201     4.897    core_inst/r_count_clean_reg[7]
    SLICE_X6Y45          LUT5 (Prop_lut5_I1_O)        0.148     5.045 r  core_inst/s_axi_rdata[7]_i_1/O
                         net (fo=1, routed)           0.000     5.045    p_1_in[7]
    SLICE_X6Y45          FDRE                                         r  s_axi_rdata_reg[7]/D
  -------------------------------------------------------------------    -------------------

                         (clock axi_aclk rise edge)
                                                      0.000     0.000 r  <hidden>
                                                      0.000     0.000 r  axi_aclk
                         net (fo=46, unset)           0.986     0.986    axi_aclk
    SLICE_X6Y45          FDRE                                         r  s_axi_rdata_reg[7]/C

Slack:                    inf
  Source:                 core_inst/r_count_clean_reg[20]/C
                            (rising edge-triggered cell FDRE clocked by phy_rx_clk  {rise@0.000ns fall@4.000ns period=8.000ns})
  Destination:            s_axi_rdata_reg[20]/D
                            (rising edge-triggered cell FDRE clocked by axi_aclk  {rise@0.000ns fall@1.250ns period=2.500ns})
  Path Group:             (none)
  Path Type:              Setup (Max at Slow Process Corner)
  Data Path Delay:        1.977ns  (logic 0.758ns (38.338%)  route 1.219ns (61.662%))
  Logic Levels:           1  (LUT5=1)
  Clock Path Skew:        -2.081ns (DCD - SCD + CPR)
    Destination Clock Delay (DCD):    0.986ns
    Source Clock Delay      (SCD):    3.067ns
    Clock Pessimism Removal (CPR):    0.000ns
  Clock Uncertainty:      0.035ns  ((TSJ^2 + TIJ^2)^1/2 + DJ) / 2 + PE
    Total System Jitter     (TSJ):    0.071ns
    Total Input Jitter      (TIJ):    0.000ns
    Discrete Jitter          (DJ):    0.000ns
    Phase Error              (PE):    0.000ns
  Timing Exception:       Asynchronous Clock Groups

    Location             Delay type                Incr(ns)  Path(ns)    Netlist Resource(s)
  -------------------------------------------------------------------    -------------------
                         (clock phy_rx_clk rise edge)
                                                      0.000     0.000 r  <hidden>
                                                      0.000     0.000 r  phy_rx_clk
                         net (fo=0)                   1.038     1.038    core_inst/phy_rx_clk
    BUFGCTRL_X0Y16       BUFG (Prop_bufg_I_O)         0.138     1.176 r  core_inst/clk_buffer_inst/O
                         net (fo=106, routed)         1.891     3.067    core_inst/phy_rx_clk_buffered
    SLICE_X6Y53          FDRE                                         r  core_inst/r_count_clean_reg[20]/C
  -------------------------------------------------------------------    -------------------
    SLICE_X6Y53          FDRE (Prop_fdre_C_Q)         0.610     3.677 r  core_inst/r_count_clean_reg[20]/Q
                         net (fo=2, routed)           1.219     4.896    core_inst/r_count_clean_reg[20]
    SLICE_X6Y44          LUT5 (Prop_lut5_I4_O)        0.148     5.044 r  core_inst/s_axi_rdata[20]_i_1/O
                         net (fo=1, routed)           0.000     5.044    p_1_in[20]
    SLICE_X6Y44          FDRE                                         r  s_axi_rdata_reg[20]/D
  -------------------------------------------------------------------    -------------------

                         (clock axi_aclk rise edge)
                                                      0.000     0.000 r  <hidden>
                                                      0.000     0.000 r  axi_aclk
                         net (fo=46, unset)           0.986     0.986    axi_aclk
    SLICE_X6Y44          FDRE                                         r  s_axi_rdata_reg[20]/C

Slack:                    inf
  Source:                 core_inst/r_count_clean_reg[23]/C
                            (rising edge-triggered cell FDRE clocked by phy_rx_clk  {rise@0.000ns fall@4.000ns period=8.000ns})
  Destination:            s_axi_rdata_reg[23]/D
                            (rising edge-triggered cell FDRE clocked by axi_aclk  {rise@0.000ns fall@1.250ns period=2.500ns})
  Path Group:             (none)
  Path Type:              Setup (Max at Slow Process Corner)
  Data Path Delay:        1.976ns  (logic 0.758ns (38.355%)  route 1.218ns (61.645%))
  Logic Levels:           1  (LUT5=1)
  Clock Path Skew:        -2.081ns (DCD - SCD + CPR)
    Destination Clock Delay (DCD):    0.986ns
    Source Clock Delay      (SCD):    3.067ns
    Clock Pessimism Removal (CPR):    0.000ns
  Clock Uncertainty:      0.035ns  ((TSJ^2 + TIJ^2)^1/2 + DJ) / 2 + PE
    Total System Jitter     (TSJ):    0.071ns
    Total Input Jitter      (TIJ):    0.000ns
    Discrete Jitter          (DJ):    0.000ns
    Phase Error              (PE):    0.000ns
  Timing Exception:       Asynchronous Clock Groups

    Location             Delay type                Incr(ns)  Path(ns)    Netlist Resource(s)
  -------------------------------------------------------------------    -------------------
                         (clock phy_rx_clk rise edge)
                                                      0.000     0.000 r  <hidden>
                                                      0.000     0.000 r  phy_rx_clk
                         net (fo=0)                   1.038     1.038    core_inst/phy_rx_clk
    BUFGCTRL_X0Y16       BUFG (Prop_bufg_I_O)         0.138     1.176 r  core_inst/clk_buffer_inst/O
                         net (fo=106, routed)         1.891     3.067    core_inst/phy_rx_clk_buffered
    SLICE_X6Y53          FDRE                                         r  core_inst/r_count_clean_reg[23]/C
  -------------------------------------------------------------------    -------------------
    SLICE_X6Y53          FDRE (Prop_fdre_C_Q)         0.610     3.677 r  core_inst/r_count_clean_reg[23]/Q
                         net (fo=2, routed)           1.218     4.895    core_inst/r_count_clean_reg[23]
    SLICE_X7Y49          LUT5 (Prop_lut5_I1_O)        0.148     5.043 r  core_inst/s_axi_rdata[23]_i_1/O
                         net (fo=1, routed)           0.000     5.043    p_1_in[23]
    SLICE_X7Y49          FDRE                                         r  s_axi_rdata_reg[23]/D
  -------------------------------------------------------------------    -------------------

                         (clock axi_aclk rise edge)
                                                      0.000     0.000 r  <hidden>
                                                      0.000     0.000 r  axi_aclk
                         net (fo=46, unset)           0.986     0.986    axi_aclk
    SLICE_X7Y49          FDRE                                         r  s_axi_rdata_reg[23]/C

Slack:                    inf
  Source:                 core_inst/r_count_clean_reg[18]/C
                            (rising edge-triggered cell FDRE clocked by phy_rx_clk  {rise@0.000ns fall@4.000ns period=8.000ns})
  Destination:            s_axi_rdata_reg[18]/D
                            (rising edge-triggered cell FDRE clocked by axi_aclk  {rise@0.000ns fall@1.250ns period=2.500ns})
  Path Group:             (none)
  Path Type:              Setup (Max at Slow Process Corner)
  Data Path Delay:        1.974ns  (logic 0.758ns (38.407%)  route 1.216ns (61.593%))
  Logic Levels:           1  (LUT5=1)
  Clock Path Skew:        -2.081ns (DCD - SCD + CPR)
    Destination Clock Delay (DCD):    0.986ns
    Source Clock Delay      (SCD):    3.067ns
    Clock Pessimism Removal (CPR):    0.000ns
  Clock Uncertainty:      0.035ns  ((TSJ^2 + TIJ^2)^1/2 + DJ) / 2 + PE
    Total System Jitter     (TSJ):    0.071ns
    Total Input Jitter      (TIJ):    0.000ns
    Discrete Jitter          (DJ):    0.000ns
    Phase Error              (PE):    0.000ns
  Timing Exception:       Asynchronous Clock Groups

    Location             Delay type                Incr(ns)  Path(ns)    Netlist Resource(s)
  -------------------------------------------------------------------    -------------------
                         (clock phy_rx_clk rise edge)
                                                      0.000     0.000 r  <hidden>
                                                      0.000     0.000 r  phy_rx_clk
                         net (fo=0)                   1.038     1.038    core_inst/phy_rx_clk
    BUFGCTRL_X0Y16       BUFG (Prop_bufg_I_O)         0.138     1.176 r  core_inst/clk_buffer_inst/O
                         net (fo=106, routed)         1.891     3.067    core_inst/phy_rx_clk_buffered
    SLICE_X6Y52          FDRE                                         r  core_inst/r_count_clean_reg[18]/C
  -------------------------------------------------------------------    -------------------
    SLICE_X6Y52          FDRE (Prop_fdre_C_Q)         0.610     3.677 r  core_inst/r_count_clean_reg[18]/Q
                         net (fo=2, routed)           1.216     4.893    core_inst/r_count_clean_reg[18]
    SLICE_X7Y48          LUT5 (Prop_lut5_I1_O)        0.148     5.041 r  core_inst/s_axi_rdata[18]_i_1/O
                         net (fo=1, routed)           0.000     5.041    p_1_in[18]
    SLICE_X7Y48          FDRE                                         r  s_axi_rdata_reg[18]/D
  -------------------------------------------------------------------    -------------------

                         (clock axi_aclk rise edge)
                                                      0.000     0.000 r  <hidden>
                                                      0.000     0.000 r  axi_aclk
                         net (fo=46, unset)           0.986     0.986    axi_aclk
    SLICE_X7Y48          FDRE                                         r  s_axi_rdata_reg[18]/C

Slack:                    inf
  Source:                 core_inst/r_count_clean_reg[28]/C
                            (rising edge-triggered cell FDRE clocked by phy_rx_clk  {rise@0.000ns fall@4.000ns period=8.000ns})
  Destination:            s_axi_rdata_reg[28]/D
                            (rising edge-triggered cell FDRE clocked by axi_aclk  {rise@0.000ns fall@1.250ns period=2.500ns})
  Path Group:             (none)
  Path Type:              Setup (Max at Slow Process Corner)
  Data Path Delay:        1.938ns  (logic 0.758ns (39.111%)  route 1.180ns (60.889%))
  Logic Levels:           1  (LUT5=1)
  Clock Path Skew:        -2.081ns (DCD - SCD + CPR)
    Destination Clock Delay (DCD):    0.986ns
    Source Clock Delay      (SCD):    3.067ns
    Clock Pessimism Removal (CPR):    0.000ns
  Clock Uncertainty:      0.035ns  ((TSJ^2 + TIJ^2)^1/2 + DJ) / 2 + PE
    Total System Jitter     (TSJ):    0.071ns
    Total Input Jitter      (TIJ):    0.000ns
    Discrete Jitter          (DJ):    0.000ns
    Phase Error              (PE):    0.000ns
  Timing Exception:       Asynchronous Clock Groups

    Location             Delay type                Incr(ns)  Path(ns)    Netlist Resource(s)
  -------------------------------------------------------------------    -------------------
                         (clock phy_rx_clk rise edge)
                                                      0.000     0.000 r  <hidden>
                                                      0.000     0.000 r  phy_rx_clk
                         net (fo=0)                   1.038     1.038    core_inst/phy_rx_clk
    BUFGCTRL_X0Y16       BUFG (Prop_bufg_I_O)         0.138     1.176 r  core_inst/clk_buffer_inst/O
                         net (fo=106, routed)         1.891     3.067    core_inst/phy_rx_clk_buffered
    SLICE_X6Y55          FDRE                                         r  core_inst/r_count_clean_reg[28]/C
  -------------------------------------------------------------------    -------------------
    SLICE_X6Y55          FDRE (Prop_fdre_C_Q)         0.610     3.677 r  core_inst/r_count_clean_reg[28]/Q
                         net (fo=2, routed)           1.180     4.857    core_inst/r_count_clean_reg[28]
    SLICE_X7Y50          LUT5 (Prop_lut5_I1_O)        0.148     5.005 r  core_inst/s_axi_rdata[28]_i_1/O
                         net (fo=1, routed)           0.000     5.005    p_1_in[28]
    SLICE_X7Y50          FDRE                                         r  s_axi_rdata_reg[28]/D
  -------------------------------------------------------------------    -------------------

                         (clock axi_aclk rise edge)
                                                      0.000     0.000 r  <hidden>
                                                      0.000     0.000 r  axi_aclk
                         net (fo=46, unset)           0.986     0.986    axi_aclk
    SLICE_X7Y50          FDRE                                         r  s_axi_rdata_reg[28]/C

Slack:                    inf
  Source:                 core_inst/r_count_soft_block_reg[11]/C
                            (rising edge-triggered cell FDRE clocked by phy_rx_clk  {rise@0.000ns fall@4.000ns period=8.000ns})
  Destination:            s_axi_rdata_reg[11]/D
                            (rising edge-triggered cell FDRE clocked by axi_aclk  {rise@0.000ns fall@1.250ns period=2.500ns})
  Path Group:             (none)
  Path Type:              Setup (Max at Slow Process Corner)
  Data Path Delay:        1.861ns  (logic 0.684ns (36.748%)  route 1.177ns (63.252%))
  Logic Levels:           1  (LUT5=1)
  Clock Path Skew:        -2.101ns (DCD - SCD + CPR)
    Destination Clock Delay (DCD):    0.986ns
    Source Clock Delay      (SCD):    3.087ns
    Clock Pessimism Removal (CPR):    0.000ns
  Clock Uncertainty:      0.035ns  ((TSJ^2 + TIJ^2)^1/2 + DJ) / 2 + PE
    Total System Jitter     (TSJ):    0.071ns
    Total Input Jitter      (TIJ):    0.000ns
    Discrete Jitter          (DJ):    0.000ns
    Phase Error              (PE):    0.000ns
  Timing Exception:       Asynchronous Clock Groups

    Location             Delay type                Incr(ns)  Path(ns)    Netlist Resource(s)
  -------------------------------------------------------------------    -------------------
                         (clock phy_rx_clk rise edge)
                                                      0.000     0.000 r  <hidden>
                                                      0.000     0.000 r  phy_rx_clk
                         net (fo=0)                   1.038     1.038    core_inst/phy_rx_clk
    BUFGCTRL_X0Y16       BUFG (Prop_bufg_I_O)         0.138     1.176 r  core_inst/clk_buffer_inst/O
                         net (fo=106, routed)         1.911     3.087    core_inst/phy_rx_clk_buffered
    SLICE_X3Y46          FDRE                                         r  core_inst/r_count_soft_block_reg[11]/C
  -------------------------------------------------------------------    -------------------
    SLICE_X3Y46          FDRE (Prop_fdre_C_Q)         0.536     3.623 r  core_inst/r_count_soft_block_reg[11]/Q
                         net (fo=2, routed)           1.177     4.800    core_inst/r_count_soft_block_reg[11]
    SLICE_X7Y45          LUT5 (Prop_lut5_I0_O)        0.148     4.948 r  core_inst/s_axi_rdata[11]_i_1/O
                         net (fo=1, routed)           0.000     4.948    p_1_in[11]
    SLICE_X7Y45          FDRE                                         r  s_axi_rdata_reg[11]/D
  -------------------------------------------------------------------    -------------------

                         (clock axi_aclk rise edge)
                                                      0.000     0.000 r  <hidden>
                                                      0.000     0.000 r  axi_aclk
                         net (fo=46, unset)           0.986     0.986    axi_aclk
    SLICE_X7Y45          FDRE                                         r  s_axi_rdata_reg[11]/C





Min Delay Paths
--------------------------------------------------------------------------------------
Slack:                    inf
  Source:                 core_inst/r_count_anomaly_reg[29]/C
                            (rising edge-triggered cell FDRE clocked by phy_rx_clk  {rise@0.000ns fall@4.000ns period=8.000ns})
  Destination:            s_axi_rdata_reg[29]/D
                            (rising edge-triggered cell FDRE clocked by axi_aclk  {rise@0.000ns fall@1.250ns period=2.500ns})
  Path Group:             (none)
  Path Type:              Hold (Min at Fast Process Corner)
  Data Path Delay:        0.386ns  (logic 0.255ns (66.101%)  route 0.131ns (33.899%))
  Logic Levels:           1  (LUT5=1)
  Clock Path Skew:        -0.812ns (DCD - SCD - CPR)
    Destination Clock Delay (DCD):    0.542ns
    Source Clock Delay      (SCD):    1.354ns
    Clock Pessimism Removal (CPR):    -0.000ns
  Clock Uncertainty:      0.035ns  ((TSJ^2 + TIJ^2)^1/2 + DJ) / 2 + PE
    Total System Jitter     (TSJ):    0.071ns
    Total Input Jitter      (TIJ):    0.000ns
    Discrete Jitter          (DJ):    0.000ns
    Phase Error              (PE):    0.000ns
  Timing Exception:       Asynchronous Clock Groups

    Location             Delay type                Incr(ns)  Path(ns)    Netlist Resource(s)
  -------------------------------------------------------------------    -------------------
                         (clock phy_rx_clk rise edge)
                                                      0.000     0.000 r  <hidden>
                                                      0.000     0.000 r  phy_rx_clk
                         net (fo=0)                   0.515     0.515    core_inst/phy_rx_clk
    BUFGCTRL_X0Y16       BUFG (Prop_bufg_I_O)         0.044     0.559 r  core_inst/clk_buffer_inst/O
                         net (fo=106, routed)         0.795     1.354    core_inst/phy_rx_clk_buffered
    SLICE_X5Y51          FDRE                                         r  core_inst/r_count_anomaly_reg[29]/C
  -------------------------------------------------------------------    -------------------
    SLICE_X5Y51          FDRE (Prop_fdre_C_Q)         0.193     1.547 r  core_inst/r_count_anomaly_reg[29]/Q
                         net (fo=2, routed)           0.131     1.678    core_inst/r_count_anomaly_reg[29]
    SLICE_X7Y51          LUT5 (Prop_lut5_I0_O)        0.062     1.740 r  core_inst/s_axi_rdata[29]_i_1/O
                         net (fo=1, routed)           0.000     1.740    p_1_in[29]
    SLICE_X7Y51          FDRE                                         r  s_axi_rdata_reg[29]/D
  -------------------------------------------------------------------    -------------------

                         (clock axi_aclk rise edge)
                                                      0.000     0.000 r  <hidden>
                                                      0.000     0.000 r  axi_aclk
                         net (fo=46, unset)           0.542     0.542    axi_aclk
    SLICE_X7Y51          FDRE                                         r  s_axi_rdata_reg[29]/C

Slack:                    inf
  Source:                 core_inst/r_count_anomaly_reg[17]/C
                            (rising edge-triggered cell FDRE clocked by phy_rx_clk  {rise@0.000ns fall@4.000ns period=8.000ns})
  Destination:            s_axi_rdata_reg[17]/D
                            (rising edge-triggered cell FDRE clocked by axi_aclk  {rise@0.000ns fall@1.250ns period=2.500ns})
  Path Group:             (none)
  Path Type:              Hold (Min at Fast Process Corner)
  Data Path Delay:        0.385ns  (logic 0.255ns (66.273%)  route 0.130ns (33.727%))
  Logic Levels:           1  (LUT5=1)
  Clock Path Skew:        -0.825ns (DCD - SCD - CPR)
    Destination Clock Delay (DCD):    0.542ns
    Source Clock Delay      (SCD):    1.367ns
    Clock Pessimism Removal (CPR):    -0.000ns
  Clock Uncertainty:      0.035ns  ((TSJ^2 + TIJ^2)^1/2 + DJ) / 2 + PE
    Total System Jitter     (TSJ):    0.071ns
    Total Input Jitter      (TIJ):    0.000ns
    Discrete Jitter          (DJ):    0.000ns
    Phase Error              (PE):    0.000ns
  Timing Exception:       Asynchronous Clock Groups

    Location             Delay type                Incr(ns)  Path(ns)    Netlist Resource(s)
  -------------------------------------------------------------------    -------------------
                         (clock phy_rx_clk rise edge)
                                                      0.000     0.000 r  <hidden>
                                                      0.000     0.000 r  phy_rx_clk
                         net (fo=0)                   0.515     0.515    core_inst/phy_rx_clk
    BUFGCTRL_X0Y16       BUFG (Prop_bufg_I_O)         0.044     0.559 r  core_inst/clk_buffer_inst/O
                         net (fo=106, routed)         0.808     1.367    core_inst/phy_rx_clk_buffered
    SLICE_X5Y48          FDRE                                         r  core_inst/r_count_anomaly_reg[17]/C
  -------------------------------------------------------------------    -------------------
    SLICE_X5Y48          FDRE (Prop_fdre_C_Q)         0.193     1.560 r  core_inst/r_count_anomaly_reg[17]/Q
                         net (fo=2, routed)           0.130     1.690    core_inst/r_count_anomaly_reg[17]
    SLICE_X7Y48          LUT5 (Prop_lut5_I0_O)        0.062     1.752 r  core_inst/s_axi_rdata[17]_i_1/O
                         net (fo=1, routed)           0.000     1.752    p_1_in[17]
    SLICE_X7Y48          FDRE                                         r  s_axi_rdata_reg[17]/D
  -------------------------------------------------------------------    -------------------

                         (clock axi_aclk rise edge)
                                                      0.000     0.000 r  <hidden>
                                                      0.000     0.000 r  axi_aclk
                         net (fo=46, unset)           0.542     0.542    axi_aclk
    SLICE_X7Y48          FDRE                                         r  s_axi_rdata_reg[17]/C

Slack:                    inf
  Source:                 core_inst/r_count_anomaly_reg[8]/C
                            (rising edge-triggered cell FDRE clocked by phy_rx_clk  {rise@0.000ns fall@4.000ns period=8.000ns})
  Destination:            s_axi_rdata_reg[8]/D
                            (rising edge-triggered cell FDRE clocked by axi_aclk  {rise@0.000ns fall@1.250ns period=2.500ns})
  Path Group:             (none)
  Path Type:              Hold (Min at Fast Process Corner)
  Data Path Delay:        0.387ns  (logic 0.255ns (65.931%)  route 0.132ns (34.069%))
  Logic Levels:           1  (LUT5=1)
  Clock Path Skew:        -0.824ns (DCD - SCD - CPR)
    Destination Clock Delay (DCD):    0.542ns
    Source Clock Delay      (SCD):    1.366ns
    Clock Pessimism Removal (CPR):    -0.000ns
  Clock Uncertainty:      0.035ns  ((TSJ^2 + TIJ^2)^1/2 + DJ) / 2 + PE
    Total System Jitter     (TSJ):    0.071ns
    Total Input Jitter      (TIJ):    0.000ns
    Discrete Jitter          (DJ):    0.000ns
    Phase Error              (PE):    0.000ns
  Timing Exception:       Asynchronous Clock Groups

    Location             Delay type                Incr(ns)  Path(ns)    Netlist Resource(s)
  -------------------------------------------------------------------    -------------------
                         (clock phy_rx_clk rise edge)
                                                      0.000     0.000 r  <hidden>
                                                      0.000     0.000 r  phy_rx_clk
                         net (fo=0)                   0.515     0.515    core_inst/phy_rx_clk
    BUFGCTRL_X0Y16       BUFG (Prop_bufg_I_O)         0.044     0.559 r  core_inst/clk_buffer_inst/O
                         net (fo=106, routed)         0.807     1.366    core_inst/phy_rx_clk_buffered
    SLICE_X5Y46          FDRE                                         r  core_inst/r_count_anomaly_reg[8]/C
  -------------------------------------------------------------------    -------------------
    SLICE_X5Y46          FDRE (Prop_fdre_C_Q)         0.193     1.559 r  core_inst/r_count_anomaly_reg[8]/Q
                         net (fo=2, routed)           0.132     1.691    core_inst/r_count_anomaly_reg[8]
    SLICE_X6Y46          LUT5 (Prop_lut5_I0_O)        0.062     1.753 r  core_inst/s_axi_rdata[8]_i_1/O
                         net (fo=1, routed)           0.000     1.753    p_1_in[8]
    SLICE_X6Y46          FDRE                                         r  s_axi_rdata_reg[8]/D
  -------------------------------------------------------------------    -------------------

                         (clock axi_aclk rise edge)
                                                      0.000     0.000 r  <hidden>
                                                      0.000     0.000 r  axi_aclk
                         net (fo=46, unset)           0.542     0.542    axi_aclk
    SLICE_X6Y46          FDRE                                         r  s_axi_rdata_reg[8]/C

Slack:                    inf
  Source:                 core_inst/r_count_anomaly_reg[7]/C
                            (rising edge-triggered cell FDRE clocked by phy_rx_clk  {rise@0.000ns fall@4.000ns period=8.000ns})
  Destination:            s_axi_rdata_reg[7]/D
                            (rising edge-triggered cell FDRE clocked by axi_aclk  {rise@0.000ns fall@1.250ns period=2.500ns})
  Path Group:             (none)
  Path Type:              Hold (Min at Fast Process Corner)
  Data Path Delay:        0.388ns  (logic 0.255ns (65.761%)  route 0.133ns (34.239%))
  Logic Levels:           1  (LUT5=1)
  Clock Path Skew:        -0.824ns (DCD - SCD - CPR)
    Destination Clock Delay (DCD):    0.542ns
    Source Clock Delay      (SCD):    1.366ns
    Clock Pessimism Removal (CPR):    -0.000ns
  Clock Uncertainty:      0.035ns  ((TSJ^2 + TIJ^2)^1/2 + DJ) / 2 + PE
    Total System Jitter     (TSJ):    0.071ns
    Total Input Jitter      (TIJ):    0.000ns
    Discrete Jitter          (DJ):    0.000ns
    Phase Error              (PE):    0.000ns
  Timing Exception:       Asynchronous Clock Groups

    Location             Delay type                Incr(ns)  Path(ns)    Netlist Resource(s)
  -------------------------------------------------------------------    -------------------
                         (clock phy_rx_clk rise edge)
                                                      0.000     0.000 r  <hidden>
                                                      0.000     0.000 r  phy_rx_clk
                         net (fo=0)                   0.515     0.515    core_inst/phy_rx_clk
    BUFGCTRL_X0Y16       BUFG (Prop_bufg_I_O)         0.044     0.559 r  core_inst/clk_buffer_inst/O
                         net (fo=106, routed)         0.807     1.366    core_inst/phy_rx_clk_buffered
    SLICE_X5Y45          FDRE                                         r  core_inst/r_count_anomaly_reg[7]/C
  -------------------------------------------------------------------    -------------------
    SLICE_X5Y45          FDRE (Prop_fdre_C_Q)         0.193     1.559 r  core_inst/r_count_anomaly_reg[7]/Q
                         net (fo=2, routed)           0.133     1.692    core_inst/r_count_anomaly_reg[7]
    SLICE_X6Y45          LUT5 (Prop_lut5_I4_O)        0.062     1.754 r  core_inst/s_axi_rdata[7]_i_1/O
                         net (fo=1, routed)           0.000     1.754    p_1_in[7]
    SLICE_X6Y45          FDRE                                         r  s_axi_rdata_reg[7]/D
  -------------------------------------------------------------------    -------------------

                         (clock axi_aclk rise edge)
                                                      0.000     0.000 r  <hidden>
                                                      0.000     0.000 r  axi_aclk
                         net (fo=46, unset)           0.542     0.542    axi_aclk
    SLICE_X6Y45          FDRE                                         r  s_axi_rdata_reg[7]/C

Slack:                    inf
  Source:                 core_inst/r_count_anomaly_reg[6]/C
                            (rising edge-triggered cell FDRE clocked by phy_rx_clk  {rise@0.000ns fall@4.000ns period=8.000ns})
  Destination:            s_axi_rdata_reg[6]/D
                            (rising edge-triggered cell FDRE clocked by axi_aclk  {rise@0.000ns fall@1.250ns period=2.500ns})
  Path Group:             (none)
  Path Type:              Hold (Min at Fast Process Corner)
  Data Path Delay:        0.389ns  (logic 0.255ns (65.599%)  route 0.134ns (34.401%))
  Logic Levels:           1  (LUT5=1)
  Clock Path Skew:        -0.824ns (DCD - SCD - CPR)
    Destination Clock Delay (DCD):    0.542ns
    Source Clock Delay      (SCD):    1.366ns
    Clock Pessimism Removal (CPR):    -0.000ns
  Clock Uncertainty:      0.035ns  ((TSJ^2 + TIJ^2)^1/2 + DJ) / 2 + PE
    Total System Jitter     (TSJ):    0.071ns
    Total Input Jitter      (TIJ):    0.000ns
    Discrete Jitter          (DJ):    0.000ns
    Phase Error              (PE):    0.000ns
  Timing Exception:       Asynchronous Clock Groups

    Location             Delay type                Incr(ns)  Path(ns)    Netlist Resource(s)
  -------------------------------------------------------------------    -------------------
                         (clock phy_rx_clk rise edge)
                                                      0.000     0.000 r  <hidden>
                                                      0.000     0.000 r  phy_rx_clk
                         net (fo=0)                   0.515     0.515    core_inst/phy_rx_clk
    BUFGCTRL_X0Y16       BUFG (Prop_bufg_I_O)         0.044     0.559 r  core_inst/clk_buffer_inst/O
                         net (fo=106, routed)         0.807     1.366    core_inst/phy_rx_clk_buffered
    SLICE_X5Y45          FDRE                                         r  core_inst/r_count_anomaly_reg[6]/C
  -------------------------------------------------------------------    -------------------
    SLICE_X5Y45          FDRE (Prop_fdre_C_Q)         0.193     1.559 r  core_inst/r_count_anomaly_reg[6]/Q
                         net (fo=2, routed)           0.134     1.692    core_inst/r_count_anomaly_reg[6]
    SLICE_X6Y46          LUT5 (Prop_lut5_I4_O)        0.062     1.754 r  core_inst/s_axi_rdata[6]_i_1/O
                         net (fo=1, routed)           0.000     1.754    p_1_in[6]
    SLICE_X6Y46          FDRE                                         r  s_axi_rdata_reg[6]/D
  -------------------------------------------------------------------    -------------------

                         (clock axi_aclk rise edge)
                                                      0.000     0.000 r  <hidden>
                                                      0.000     0.000 r  axi_aclk
                         net (fo=46, unset)           0.542     0.542    axi_aclk
    SLICE_X6Y46          FDRE                                         r  s_axi_rdata_reg[6]/C

Slack:                    inf
  Source:                 core_inst/r_count_anomaly_reg[3]/C
                            (rising edge-triggered cell FDRE clocked by phy_rx_clk  {rise@0.000ns fall@4.000ns period=8.000ns})
  Destination:            s_axi_rdata_reg[3]/D
                            (rising edge-triggered cell FDRE clocked by axi_aclk  {rise@0.000ns fall@1.250ns period=2.500ns})
  Path Group:             (none)
  Path Type:              Hold (Min at Fast Process Corner)
  Data Path Delay:        0.389ns  (logic 0.255ns (65.591%)  route 0.134ns (34.409%))
  Logic Levels:           1  (LUT5=1)
  Clock Path Skew:        -0.824ns (DCD - SCD - CPR)
    Destination Clock Delay (DCD):    0.542ns
    Source Clock Delay      (SCD):    1.366ns
    Clock Pessimism Removal (CPR):    -0.000ns
  Clock Uncertainty:      0.035ns  ((TSJ^2 + TIJ^2)^1/2 + DJ) / 2 + PE
    Total System Jitter     (TSJ):    0.071ns
    Total Input Jitter      (TIJ):    0.000ns
    Discrete Jitter          (DJ):    0.000ns
    Phase Error              (PE):    0.000ns
  Timing Exception:       Asynchronous Clock Groups

    Location             Delay type                Incr(ns)  Path(ns)    Netlist Resource(s)
  -------------------------------------------------------------------    -------------------
                         (clock phy_rx_clk rise edge)
                                                      0.000     0.000 r  <hidden>
                                                      0.000     0.000 r  phy_rx_clk
                         net (fo=0)                   0.515     0.515    core_inst/phy_rx_clk
    BUFGCTRL_X0Y16       BUFG (Prop_bufg_I_O)         0.044     0.559 r  core_inst/clk_buffer_inst/O
                         net (fo=106, routed)         0.807     1.366    core_inst/phy_rx_clk_buffered
    SLICE_X5Y44          FDRE                                         r  core_inst/r_count_anomaly_reg[3]/C
  -------------------------------------------------------------------    -------------------
    SLICE_X5Y44          FDRE (Prop_fdre_C_Q)         0.193     1.559 r  core_inst/r_count_anomaly_reg[3]/Q
                         net (fo=2, routed)           0.134     1.693    core_inst/r_count_anomaly_reg[3]
    SLICE_X6Y44          LUT5 (Prop_lut5_I4_O)        0.062     1.755 r  core_inst/s_axi_rdata[3]_i_1/O
                         net (fo=1, routed)           0.000     1.755    p_1_in[3]
    SLICE_X6Y44          FDRE                                         r  s_axi_rdata_reg[3]/D
  -------------------------------------------------------------------    -------------------

                         (clock axi_aclk rise edge)
                                                      0.000     0.000 r  <hidden>
                                                      0.000     0.000 r  axi_aclk
                         net (fo=46, unset)           0.542     0.542    axi_aclk
    SLICE_X6Y44          FDRE                                         r  s_axi_rdata_reg[3]/C

Slack:                    inf
  Source:                 core_inst/r_count_soft_block_reg[26]/C
                            (rising edge-triggered cell FDRE clocked by phy_rx_clk  {rise@0.000ns fall@4.000ns period=8.000ns})
  Destination:            s_axi_rdata_reg[26]/D
                            (rising edge-triggered cell FDRE clocked by axi_aclk  {rise@0.000ns fall@1.250ns period=2.500ns})
  Path Group:             (none)
  Path Type:              Hold (Min at Fast Process Corner)
  Data Path Delay:        0.401ns  (logic 0.255ns (63.664%)  route 0.146ns (36.336%))
  Logic Levels:           1  (LUT5=1)
  Clock Path Skew:        -0.815ns (DCD - SCD - CPR)
    Destination Clock Delay (DCD):    0.542ns
    Source Clock Delay      (SCD):    1.357ns
    Clock Pessimism Removal (CPR):    -0.000ns
  Clock Uncertainty:      0.035ns  ((TSJ^2 + TIJ^2)^1/2 + DJ) / 2 + PE
    Total System Jitter     (TSJ):    0.071ns
    Total Input Jitter      (TIJ):    0.000ns
    Discrete Jitter          (DJ):    0.000ns
    Phase Error              (PE):    0.000ns
  Timing Exception:       Asynchronous Clock Groups

    Location             Delay type                Incr(ns)  Path(ns)    Netlist Resource(s)
  -------------------------------------------------------------------    -------------------
                         (clock phy_rx_clk rise edge)
                                                      0.000     0.000 r  <hidden>
                                                      0.000     0.000 r  phy_rx_clk
                         net (fo=0)                   0.515     0.515    core_inst/phy_rx_clk
    BUFGCTRL_X0Y16       BUFG (Prop_bufg_I_O)         0.044     0.559 r  core_inst/clk_buffer_inst/O
                         net (fo=106, routed)         0.798     1.357    core_inst/phy_rx_clk_buffered
    SLICE_X3Y50          FDRE                                         r  core_inst/r_count_soft_block_reg[26]/C
  -------------------------------------------------------------------    -------------------
    SLICE_X3Y50          FDRE (Prop_fdre_C_Q)         0.193     1.550 r  core_inst/r_count_soft_block_reg[26]/Q
                         net (fo=2, routed)           0.146     1.695    core_inst/r_count_soft_block_reg[26]
    SLICE_X7Y50          LUT5 (Prop_lut5_I0_O)        0.062     1.757 r  core_inst/s_axi_rdata[26]_i_1/O
                         net (fo=1, routed)           0.000     1.757    p_1_in[26]
    SLICE_X7Y50          FDRE                                         r  s_axi_rdata_reg[26]/D
  -------------------------------------------------------------------    -------------------

                         (clock axi_aclk rise edge)
                                                      0.000     0.000 r  <hidden>
                                                      0.000     0.000 r  axi_aclk
                         net (fo=46, unset)           0.542     0.542    axi_aclk
    SLICE_X7Y50          FDRE                                         r  s_axi_rdata_reg[26]/C

Slack:                    inf
  Source:                 core_inst/r_count_soft_block_reg[2]/C
                            (rising edge-triggered cell FDRE clocked by phy_rx_clk  {rise@0.000ns fall@4.000ns period=8.000ns})
  Destination:            s_axi_rdata_reg[2]/D
                            (rising edge-triggered cell FDRE clocked by axi_aclk  {rise@0.000ns fall@1.250ns period=2.500ns})
  Path Group:             (none)
  Path Type:              Hold (Min at Fast Process Corner)
  Data Path Delay:        0.407ns  (logic 0.255ns (62.608%)  route 0.152ns (37.392%))
  Logic Levels:           1  (LUT5=1)
  Clock Path Skew:        -0.827ns (DCD - SCD - CPR)
    Destination Clock Delay (DCD):    0.542ns
    Source Clock Delay      (SCD):    1.369ns
    Clock Pessimism Removal (CPR):    -0.000ns
  Clock Uncertainty:      0.035ns  ((TSJ^2 + TIJ^2)^1/2 + DJ) / 2 + PE
    Total System Jitter     (TSJ):    0.071ns
    Total Input Jitter      (TIJ):    0.000ns
    Discrete Jitter          (DJ):    0.000ns
    Phase Error              (PE):    0.000ns
  Timing Exception:       Asynchronous Clock Groups

    Location             Delay type                Incr(ns)  Path(ns)    Netlist Resource(s)
  -------------------------------------------------------------------    -------------------
                         (clock phy_rx_clk rise edge)
                                                      0.000     0.000 r  <hidden>
                                                      0.000     0.000 r  phy_rx_clk
                         net (fo=0)                   0.515     0.515    core_inst/phy_rx_clk
    BUFGCTRL_X0Y16       BUFG (Prop_bufg_I_O)         0.044     0.559 r  core_inst/clk_buffer_inst/O
                         net (fo=106, routed)         0.810     1.369    core_inst/phy_rx_clk_buffered
    SLICE_X3Y44          FDRE                                         r  core_inst/r_count_soft_block_reg[2]/C
  -------------------------------------------------------------------    -------------------
    SLICE_X3Y44          FDRE (Prop_fdre_C_Q)         0.193     1.562 r  core_inst/r_count_soft_block_reg[2]/Q
                         net (fo=2, routed)           0.152     1.714    core_inst/r_count_soft_block_reg[2]
    SLICE_X6Y44          LUT5 (Prop_lut5_I0_O)        0.062     1.776 r  core_inst/s_axi_rdata[2]_i_1/O
                         net (fo=1, routed)           0.000     1.776    p_1_in[2]
    SLICE_X6Y44          FDRE                                         r  s_axi_rdata_reg[2]/D
  -------------------------------------------------------------------    -------------------

                         (clock axi_aclk rise edge)
                                                      0.000     0.000 r  <hidden>
                                                      0.000     0.000 r  axi_aclk
                         net (fo=46, unset)           0.542     0.542    axi_aclk
    SLICE_X6Y44          FDRE                                         r  s_axi_rdata_reg[2]/C

Slack:                    inf
  Source:                 core_inst/r_count_anomaly_reg[16]/C
                            (rising edge-triggered cell FDRE clocked by phy_rx_clk  {rise@0.000ns fall@4.000ns period=8.000ns})
  Destination:            s_axi_rdata_reg[16]/D
                            (rising edge-triggered cell FDRE clocked by axi_aclk  {rise@0.000ns fall@1.250ns period=2.500ns})
  Path Group:             (none)
  Path Type:              Hold (Min at Fast Process Corner)
  Data Path Delay:        0.433ns  (logic 0.255ns (58.872%)  route 0.178ns (41.128%))
  Logic Levels:           1  (LUT5=1)
  Clock Path Skew:        -0.825ns (DCD - SCD - CPR)
    Destination Clock Delay (DCD):    0.542ns
    Source Clock Delay      (SCD):    1.367ns
    Clock Pessimism Removal (CPR):    -0.000ns
  Clock Uncertainty:      0.035ns  ((TSJ^2 + TIJ^2)^1/2 + DJ) / 2 + PE
    Total System Jitter     (TSJ):    0.071ns
    Total Input Jitter      (TIJ):    0.000ns
    Discrete Jitter          (DJ):    0.000ns
    Phase Error              (PE):    0.000ns
  Timing Exception:       Asynchronous Clock Groups

    Location             Delay type                Incr(ns)  Path(ns)    Netlist Resource(s)
  -------------------------------------------------------------------    -------------------
                         (clock phy_rx_clk rise edge)
                                                      0.000     0.000 r  <hidden>
                                                      0.000     0.000 r  phy_rx_clk
                         net (fo=0)                   0.515     0.515    core_inst/phy_rx_clk
    BUFGCTRL_X0Y16       BUFG (Prop_bufg_I_O)         0.044     0.559 r  core_inst/clk_buffer_inst/O
                         net (fo=106, routed)         0.808     1.367    core_inst/phy_rx_clk_buffered
    SLICE_X5Y48          FDRE                                         r  core_inst/r_count_anomaly_reg[16]/C
  -------------------------------------------------------------------    -------------------
    SLICE_X5Y48          FDRE (Prop_fdre_C_Q)         0.193     1.560 r  core_inst/r_count_anomaly_reg[16]/Q
                         net (fo=2, routed)           0.178     1.738    core_inst/r_count_anomaly_reg[16]
    SLICE_X7Y48          LUT5 (Prop_lut5_I4_O)        0.062     1.800 r  core_inst/s_axi_rdata[16]_i_1/O
                         net (fo=1, routed)           0.000     1.800    p_1_in[16]
    SLICE_X7Y48          FDRE                                         r  s_axi_rdata_reg[16]/D
  -------------------------------------------------------------------    -------------------

                         (clock axi_aclk rise edge)
                                                      0.000     0.000 r  <hidden>
                                                      0.000     0.000 r  axi_aclk
                         net (fo=46, unset)           0.542     0.542    axi_aclk
    SLICE_X7Y48          FDRE                                         r  s_axi_rdata_reg[16]/C

Slack:                    inf
  Source:                 core_inst/r_count_soft_block_reg[30]/C
                            (rising edge-triggered cell FDRE clocked by phy_rx_clk  {rise@0.000ns fall@4.000ns period=8.000ns})
  Destination:            s_axi_rdata_reg[30]/D
                            (rising edge-triggered cell FDRE clocked by axi_aclk  {rise@0.000ns fall@1.250ns period=2.500ns})
  Path Group:             (none)
  Path Type:              Hold (Min at Fast Process Corner)
  Data Path Delay:        0.449ns  (logic 0.255ns (56.821%)  route 0.194ns (43.179%))
  Logic Levels:           1  (LUT5=1)
  Clock Path Skew:        -0.815ns (DCD - SCD - CPR)
    Destination Clock Delay (DCD):    0.542ns
    Source Clock Delay      (SCD):    1.357ns
    Clock Pessimism Removal (CPR):    -0.000ns
  Clock Uncertainty:      0.035ns  ((TSJ^2 + TIJ^2)^1/2 + DJ) / 2 + PE
    Total System Jitter     (TSJ):    0.071ns
    Total Input Jitter      (TIJ):    0.000ns
    Discrete Jitter          (DJ):    0.000ns
    Phase Error              (PE):    0.000ns
  Timing Exception:       Asynchronous Clock Groups

    Location             Delay type                Incr(ns)  Path(ns)    Netlist Resource(s)
  -------------------------------------------------------------------    -------------------
                         (clock phy_rx_clk rise edge)
                                                      0.000     0.000 r  <hidden>
                                                      0.000     0.000 r  phy_rx_clk
                         net (fo=0)                   0.515     0.515    core_inst/phy_rx_clk
    BUFGCTRL_X0Y16       BUFG (Prop_bufg_I_O)         0.044     0.559 r  core_inst/clk_buffer_inst/O
                         net (fo=106, routed)         0.798     1.357    core_inst/phy_rx_clk_buffered
    SLICE_X3Y51          FDRE                                         r  core_inst/r_count_soft_block_reg[30]/C
  -------------------------------------------------------------------    -------------------
    SLICE_X3Y51          FDRE (Prop_fdre_C_Q)         0.193     1.550 r  core_inst/r_count_soft_block_reg[30]/Q
                         net (fo=2, routed)           0.194     1.744    core_inst/r_count_soft_block_reg[30]
    SLICE_X7Y50          LUT5 (Prop_lut5_I0_O)        0.062     1.806 r  core_inst/s_axi_rdata[30]_i_1/O
                         net (fo=1, routed)           0.000     1.806    p_1_in[30]
    SLICE_X7Y50          FDRE                                         r  s_axi_rdata_reg[30]/D
  -------------------------------------------------------------------    -------------------

                         (clock axi_aclk rise edge)
                                                      0.000     0.000 r  <hidden>
                                                      0.000     0.000 r  axi_aclk
                         net (fo=46, unset)           0.542     0.542    axi_aclk
    SLICE_X7Y50          FDRE                                         r  s_axi_rdata_reg[30]/C





--------------------------------------------------------------------------------------
Path Group:  (none)
From Clock:  axi_aclk
  To Clock:  phy_rx_clk

Max Delay             3 Endpoints
Min Delay             3 Endpoints
--------------------------------------------------------------------------------------


Max Delay Paths
--------------------------------------------------------------------------------------
Slack:                    inf
  Source:                 r_clear_watchdog_reg[0]/C
                            (rising edge-triggered cell FDRE clocked by axi_aclk  {rise@0.000ns fall@1.250ns period=2.500ns})
  Destination:            core_inst/sync_clear_wd1_reg/D
                            (rising edge-triggered cell FDRE clocked by phy_rx_clk  {rise@0.000ns fall@4.000ns period=8.000ns})
  Path Group:             (none)
  Path Type:              Setup (Max at Slow Process Corner)
  Data Path Delay:        1.310ns  (logic 0.610ns (46.552%)  route 0.700ns (53.448%))
  Logic Levels:           0  
  Clock Path Skew:        1.780ns (DCD - SCD + CPR)
    Destination Clock Delay (DCD):    2.818ns
    Source Clock Delay      (SCD):    1.038ns
    Clock Pessimism Removal (CPR):    0.000ns
  Clock Uncertainty:      0.035ns  ((TSJ^2 + TIJ^2)^1/2 + DJ) / 2 + PE
    Total System Jitter     (TSJ):    0.071ns
    Total Input Jitter      (TIJ):    0.000ns
    Discrete Jitter          (DJ):    0.000ns
    Phase Error              (PE):    0.000ns
  Timing Exception:       Asynchronous Clock Groups

    Location             Delay type                Incr(ns)  Path(ns)    Netlist Resource(s)
  -------------------------------------------------------------------    -------------------
                         (clock axi_aclk rise edge)
                                                      0.000     0.000 r  <hidden>
                                                      0.000     0.000 r  axi_aclk
                         net (fo=46, unset)           1.038     1.038    axi_aclk
    SLICE_X8Y44          FDRE                                         r  r_clear_watchdog_reg[0]/C
  -------------------------------------------------------------------    -------------------
    SLICE_X8Y44          FDRE (Prop_fdre_C_Q)         0.610     1.648 r  r_clear_watchdog_reg[0]/Q
                         net (fo=2, routed)           0.700     2.348    core_inst/in0
    SLICE_X7Y44          FDRE                                         r  core_inst/sync_clear_wd1_reg/D
  -------------------------------------------------------------------    -------------------

                         (clock phy_rx_clk rise edge)
                                                      0.000     0.000 r  <hidden>
                                                      0.000     0.000 r  phy_rx_clk
                         net (fo=0)                   0.986     0.986    core_inst/phy_rx_clk
    BUFGCTRL_X0Y16       BUFG (Prop_bufg_I_O)         0.124     1.110 r  core_inst/clk_buffer_inst/O
                         net (fo=106, routed)         1.708     2.818    core_inst/phy_rx_clk_buffered
    SLICE_X7Y44          FDRE                                         r  core_inst/sync_clear_wd1_reg/C

Slack:                    inf
  Source:                 core_inst/sync_paradox_reg2_reg[1]/C
                            (rising edge-triggered cell FDRE clocked by axi_aclk  {rise@0.000ns fall@1.250ns period=2.500ns})
  Destination:            core_inst/pipe_paradoxal_reg/D
                            (rising edge-triggered cell FDRE clocked by phy_rx_clk  {rise@0.000ns fall@4.000ns period=8.000ns})
  Path Group:             (none)
  Path Type:              Setup (Max at Slow Process Corner)
  Data Path Delay:        2.643ns  (logic 0.958ns (36.247%)  route 1.685ns (63.753%))
  Logic Levels:           2  (LUT3=1 LUT6=1)
  Clock Path Skew:        1.781ns (DCD - SCD + CPR)
    Destination Clock Delay (DCD):    2.819ns
    Source Clock Delay      (SCD):    1.038ns
    Clock Pessimism Removal (CPR):    0.000ns
  Clock Uncertainty:      0.035ns  ((TSJ^2 + TIJ^2)^1/2 + DJ) / 2 + PE
    Total System Jitter     (TSJ):    0.071ns
    Total Input Jitter      (TIJ):    0.000ns
    Discrete Jitter          (DJ):    0.000ns
    Phase Error              (PE):    0.000ns
  Timing Exception:       Asynchronous Clock Groups

    Location             Delay type                Incr(ns)  Path(ns)    Netlist Resource(s)
  -------------------------------------------------------------------    -------------------
                         (clock axi_aclk rise edge)
                                                      0.000     0.000 r  <hidden>
                                                      0.000     0.000 r  axi_aclk
                         net (fo=46, unset)           1.038     1.038    core_inst/axi_aclk
    SLICE_X0Y46          FDRE                                         r  core_inst/sync_paradox_reg2_reg[1]/C
  -------------------------------------------------------------------    -------------------
    SLICE_X0Y46          FDRE (Prop_fdre_C_Q)         0.497     1.535 r  core_inst/sync_paradox_reg2_reg[1]/Q
                         net (fo=1, routed)           0.970     2.505    core_inst/sync_paradox_reg2[1]
    SLICE_X2Y43          LUT6 (Prop_lut6_I5_O)        0.313     2.818 r  core_inst/pipe_paradoxal0/O
                         net (fo=1, routed)           0.715     3.533    core_inst/pipe_paradoxal0__0
    SLICE_X2Y43          LUT3 (Prop_lut3_I0_O)        0.148     3.681 r  core_inst/pipe_paradoxal_i_1/O
                         net (fo=1, routed)           0.000     3.681    core_inst/pipe_paradoxal_i_1_n_0
    SLICE_X2Y43          FDRE                                         r  core_inst/pipe_paradoxal_reg/D
  -------------------------------------------------------------------    -------------------

                         (clock phy_rx_clk rise edge)
                                                      0.000     0.000 r  <hidden>
                                                      0.000     0.000 r  phy_rx_clk
                         net (fo=0)                   0.986     0.986    core_inst/phy_rx_clk
    BUFGCTRL_X0Y16       BUFG (Prop_bufg_I_O)         0.124     1.110 r  core_inst/clk_buffer_inst/O
                         net (fo=106, routed)         1.709     2.819    core_inst/phy_rx_clk_buffered
    SLICE_X2Y43          FDRE                                         r  core_inst/pipe_paradoxal_reg/C

Slack:                    inf
  Source:                 core_inst/sync_threat_reg2_reg[0]/C
                            (rising edge-triggered cell FDRE clocked by axi_aclk  {rise@0.000ns fall@1.250ns period=2.500ns})
  Destination:            core_inst/pipe_corrupted_reg/D
                            (rising edge-triggered cell FDRE clocked by phy_rx_clk  {rise@0.000ns fall@4.000ns period=8.000ns})
  Path Group:             (none)
  Path Type:              Setup (Max at Slow Process Corner)
  Data Path Delay:        1.718ns  (logic 0.810ns (47.154%)  route 0.908ns (52.846%))
  Logic Levels:           1  (LUT6=1)
  Clock Path Skew:        1.781ns (DCD - SCD + CPR)
    Destination Clock Delay (DCD):    2.819ns
    Source Clock Delay      (SCD):    1.038ns
    Clock Pessimism Removal (CPR):    0.000ns
  Clock Uncertainty:      0.035ns  ((TSJ^2 + TIJ^2)^1/2 + DJ) / 2 + PE
    Total System Jitter     (TSJ):    0.071ns
    Total Input Jitter      (TIJ):    0.000ns
    Discrete Jitter          (DJ):    0.000ns
    Phase Error              (PE):    0.000ns
  Timing Exception:       Asynchronous Clock Groups

    Location             Delay type                Incr(ns)  Path(ns)    Netlist Resource(s)
  -------------------------------------------------------------------    -------------------
                         (clock axi_aclk rise edge)
                                                      0.000     0.000 r  <hidden>
                                                      0.000     0.000 r  axi_aclk
                         net (fo=46, unset)           1.038     1.038    core_inst/axi_aclk
    SLICE_X1Y43          FDRE                                         r  core_inst/sync_threat_reg2_reg[0]/C
  -------------------------------------------------------------------    -------------------
    SLICE_X1Y43          FDRE (Prop_fdre_C_Q)         0.497     1.535 r  core_inst/sync_threat_reg2_reg[0]/Q
                         net (fo=1, routed)           0.908     2.443    core_inst/sync_threat_reg2[0]
    SLICE_X2Y43          LUT6 (Prop_lut6_I2_O)        0.313     2.756 r  core_inst/pipe_corrupted_i_1/O
                         net (fo=1, routed)           0.000     2.756    core_inst/pipe_corrupted_i_1_n_0
    SLICE_X2Y43          FDRE                                         r  core_inst/pipe_corrupted_reg/D
  -------------------------------------------------------------------    -------------------

                         (clock phy_rx_clk rise edge)
                                                      0.000     0.000 r  <hidden>
                                                      0.000     0.000 r  phy_rx_clk
                         net (fo=0)                   0.986     0.986    core_inst/phy_rx_clk
    BUFGCTRL_X0Y16       BUFG (Prop_bufg_I_O)         0.124     1.110 r  core_inst/clk_buffer_inst/O
                         net (fo=106, routed)         1.709     2.819    core_inst/phy_rx_clk_buffered
    SLICE_X2Y43          FDRE                                         r  core_inst/pipe_corrupted_reg/C





Min Delay Paths
--------------------------------------------------------------------------------------
Slack:                    inf
  Source:                 r_clear_watchdog_reg[0]/C
                            (rising edge-triggered cell FDRE clocked by axi_aclk  {rise@0.000ns fall@1.250ns period=2.500ns})
  Destination:            core_inst/sync_clear_wd1_reg/D
                            (rising edge-triggered cell FDRE clocked by phy_rx_clk  {rise@0.000ns fall@4.000ns period=8.000ns})
  Path Group:             (none)
  Path Type:              Hold (Min at Fast Process Corner)
  Data Path Delay:        0.570ns  (logic 0.223ns (39.098%)  route 0.347ns (60.902%))
  Logic Levels:           0  
  Clock Path Skew:        1.202ns (DCD - SCD - CPR)
    Destination Clock Delay (DCD):    1.717ns
    Source Clock Delay      (SCD):    0.515ns
    Clock Pessimism Removal (CPR):    -0.000ns
  Clock Uncertainty:      0.035ns  ((TSJ^2 + TIJ^2)^1/2 + DJ) / 2 + PE
    Total System Jitter     (TSJ):    0.071ns
    Total Input Jitter      (TIJ):    0.000ns
    Discrete Jitter          (DJ):    0.000ns
    Phase Error              (PE):    0.000ns
  Timing Exception:       Asynchronous Clock Groups

    Location             Delay type                Incr(ns)  Path(ns)    Netlist Resource(s)
  -------------------------------------------------------------------    -------------------
                         (clock axi_aclk rise edge)
                                                      0.000     0.000 r  <hidden>
                                                      0.000     0.000 r  axi_aclk
                         net (fo=46, unset)           0.515     0.515    axi_aclk
    SLICE_X8Y44          FDRE                                         r  r_clear_watchdog_reg[0]/C
  -------------------------------------------------------------------    -------------------
    SLICE_X8Y44          FDRE (Prop_fdre_C_Q)         0.223     0.738 r  r_clear_watchdog_reg[0]/Q
                         net (fo=2, routed)           0.347     1.085    core_inst/in0
    SLICE_X7Y44          FDRE                                         r  core_inst/sync_clear_wd1_reg/D
  -------------------------------------------------------------------    -------------------

                         (clock phy_rx_clk rise edge)
                                                      0.000     0.000 r  <hidden>
                                                      0.000     0.000 r  phy_rx_clk
                         net (fo=0)                   0.542     0.542    core_inst/phy_rx_clk
    BUFGCTRL_X0Y16       BUFG (Prop_bufg_I_O)         0.046     0.588 r  core_inst/clk_buffer_inst/O
                         net (fo=106, routed)         1.129     1.717    core_inst/phy_rx_clk_buffered
    SLICE_X7Y44          FDRE                                         r  core_inst/sync_clear_wd1_reg/C

Slack:                    inf
  Source:                 core_inst/sync_threat_reg2_reg[0]/C
                            (rising edge-triggered cell FDRE clocked by axi_aclk  {rise@0.000ns fall@1.250ns period=2.500ns})
  Destination:            core_inst/pipe_corrupted_reg/D
                            (rising edge-triggered cell FDRE clocked by phy_rx_clk  {rise@0.000ns fall@4.000ns period=8.000ns})
  Path Group:             (none)
  Path Type:              Hold (Min at Fast Process Corner)
  Data Path Delay:        0.672ns  (logic 0.305ns (45.403%)  route 0.367ns (54.597%))
  Logic Levels:           1  (LUT6=1)
  Clock Path Skew:        1.204ns (DCD - SCD - CPR)
    Destination Clock Delay (DCD):    1.719ns
    Source Clock Delay      (SCD):    0.515ns
    Clock Pessimism Removal (CPR):    -0.000ns
  Clock Uncertainty:      0.035ns  ((TSJ^2 + TIJ^2)^1/2 + DJ) / 2 + PE
    Total System Jitter     (TSJ):    0.071ns
    Total Input Jitter      (TIJ):    0.000ns
    Discrete Jitter          (DJ):    0.000ns
    Phase Error              (PE):    0.000ns
  Timing Exception:       Asynchronous Clock Groups

    Location             Delay type                Incr(ns)  Path(ns)    Netlist Resource(s)
  -------------------------------------------------------------------    -------------------
                         (clock axi_aclk rise edge)
                                                      0.000     0.000 r  <hidden>
                                                      0.000     0.000 r  axi_aclk
                         net (fo=46, unset)           0.515     0.515    core_inst/axi_aclk
    SLICE_X1Y43          FDRE                                         r  core_inst/sync_threat_reg2_reg[0]/C
  -------------------------------------------------------------------    -------------------
    SLICE_X1Y43          FDRE (Prop_fdre_C_Q)         0.177     0.692 r  core_inst/sync_threat_reg2_reg[0]/Q
                         net (fo=1, routed)           0.367     1.059    core_inst/sync_threat_reg2[0]
    SLICE_X2Y43          LUT6 (Prop_lut6_I2_O)        0.128     1.187 r  core_inst/pipe_corrupted_i_1/O
                         net (fo=1, routed)           0.000     1.187    core_inst/pipe_corrupted_i_1_n_0
    SLICE_X2Y43          FDRE                                         r  core_inst/pipe_corrupted_reg/D
  -------------------------------------------------------------------    -------------------

                         (clock phy_rx_clk rise edge)
                                                      0.000     0.000 r  <hidden>
                                                      0.000     0.000 r  phy_rx_clk
                         net (fo=0)                   0.542     0.542    core_inst/phy_rx_clk
    BUFGCTRL_X0Y16       BUFG (Prop_bufg_I_O)         0.046     0.588 r  core_inst/clk_buffer_inst/O
                         net (fo=106, routed)         1.131     1.719    core_inst/phy_rx_clk_buffered
    SLICE_X2Y43          FDRE                                         r  core_inst/pipe_corrupted_reg/C

Slack:                    inf
  Source:                 core_inst/sync_paradox_reg2_reg[0]/C
                            (rising edge-triggered cell FDRE clocked by axi_aclk  {rise@0.000ns fall@1.250ns period=2.500ns})
  Destination:            core_inst/pipe_paradoxal_reg/D
                            (rising edge-triggered cell FDRE clocked by phy_rx_clk  {rise@0.000ns fall@4.000ns period=8.000ns})
  Path Group:             (none)
  Path Type:              Hold (Min at Fast Process Corner)
  Data Path Delay:        0.838ns  (logic 0.367ns (43.781%)  route 0.471ns (56.219%))
  Logic Levels:           2  (LUT3=1 LUT6=1)
  Clock Path Skew:        1.204ns (DCD - SCD - CPR)
    Destination Clock Delay (DCD):    1.719ns
    Source Clock Delay      (SCD):    0.515ns
    Clock Pessimism Removal (CPR):    -0.000ns
  Clock Uncertainty:      0.035ns  ((TSJ^2 + TIJ^2)^1/2 + DJ) / 2 + PE
    Total System Jitter     (TSJ):    0.071ns
    Total Input Jitter      (TIJ):    0.000ns
    Discrete Jitter          (DJ):    0.000ns
    Phase Error              (PE):    0.000ns
  Timing Exception:       Asynchronous Clock Groups

    Location             Delay type                Incr(ns)  Path(ns)    Netlist Resource(s)
  -------------------------------------------------------------------    -------------------
                         (clock axi_aclk rise edge)
                                                      0.000     0.000 r  <hidden>
                                                      0.000     0.000 r  axi_aclk
                         net (fo=46, unset)           0.515     0.515    core_inst/axi_aclk
    SLICE_X1Y44          FDRE                                         r  core_inst/sync_paradox_reg2_reg[0]/C
  -------------------------------------------------------------------    -------------------
    SLICE_X1Y44          FDRE (Prop_fdre_C_Q)         0.177     0.692 r  core_inst/sync_paradox_reg2_reg[0]/Q
                         net (fo=1, routed)           0.191     0.883    core_inst/sync_paradox_reg2[0]
    SLICE_X2Y43          LUT6 (Prop_lut6_I4_O)        0.128     1.011 r  core_inst/pipe_paradoxal0/O
                         net (fo=1, routed)           0.280     1.291    core_inst/pipe_paradoxal0__0
    SLICE_X2Y43          LUT3 (Prop_lut3_I0_O)        0.062     1.353 r  core_inst/pipe_paradoxal_i_1/O
                         net (fo=1, routed)           0.000     1.353    core_inst/pipe_paradoxal_i_1_n_0
    SLICE_X2Y43          FDRE                                         r  core_inst/pipe_paradoxal_reg/D
  -------------------------------------------------------------------    -------------------

                         (clock phy_rx_clk rise edge)
                                                      0.000     0.000 r  <hidden>
                                                      0.000     0.000 r  phy_rx_clk
                         net (fo=0)                   0.542     0.542    core_inst/phy_rx_clk
    BUFGCTRL_X0Y16       BUFG (Prop_bufg_I_O)         0.046     0.588 r  core_inst/clk_buffer_inst/O
                         net (fo=106, routed)         1.131     1.719    core_inst/phy_rx_clk_buffered
    SLICE_X2Y43          FDRE                                         r  core_inst/pipe_paradoxal_reg/C





--------------------------------------------------------------------------------------
Path Group:  (none)
From Clock:  axi_aclk
  To Clock:  

Max Delay            34 Endpoints
Min Delay            34 Endpoints
--------------------------------------------------------------------------------------


Max Delay Paths
--------------------------------------------------------------------------------------
Slack:                    inf
  Source:                 s_axi_rdata_reg[0]/C
                            (rising edge-triggered cell FDRE clocked by axi_aclk  {rise@0.000ns fall@1.250ns period=2.500ns})
  Destination:            s_axi_rdata[0]
                            (output port)
  Path Group:             (none)
  Path Type:              Max at Slow Process Corner
  Data Path Delay:        1.648ns  (logic 0.610ns (37.015%)  route 1.038ns (62.985%))
  Logic Levels:           0  
  Clock Uncertainty:      0.025ns  ((TSJ^2 + TIJ^2)^1/2 + DJ) / 2 + PE
    Total System Jitter     (TSJ):    0.050ns
    Total Input Jitter      (TIJ):    0.000ns
    Discrete Jitter          (DJ):    0.000ns
    Phase Error              (PE):    0.000ns

    Location             Delay type                Incr(ns)  Path(ns)    Netlist Resource(s)
  -------------------------------------------------------------------    -------------------
                         (clock axi_aclk rise edge)
                                                      0.000     0.000 r  <hidden>
                                                      0.000     0.000 r  axi_aclk
                         net (fo=46, unset)           1.038     1.038    axi_aclk
    SLICE_X6Y45          FDRE                                         r  s_axi_rdata_reg[0]/C
  -------------------------------------------------------------------    -------------------
    SLICE_X6Y45          FDRE (Prop_fdre_C_Q)         0.610     1.648 r  s_axi_rdata_reg[0]/Q
                         net (fo=0)                   1.038     2.686    s_axi_rdata[0]
                                                                      r  s_axi_rdata[0]
  -------------------------------------------------------------------    -------------------

Slack:                    inf
  Source:                 s_axi_rdata_reg[12]/C
                            (rising edge-triggered cell FDRE clocked by axi_aclk  {rise@0.000ns fall@1.250ns period=2.500ns})
  Destination:            s_axi_rdata[12]
                            (output port)
  Path Group:             (none)
  Path Type:              Max at Slow Process Corner
  Data Path Delay:        1.648ns  (logic 0.610ns (37.015%)  route 1.038ns (62.985%))
  Logic Levels:           0  
  Clock Uncertainty:      0.025ns  ((TSJ^2 + TIJ^2)^1/2 + DJ) / 2 + PE
    Total System Jitter     (TSJ):    0.050ns
    Total Input Jitter      (TIJ):    0.000ns
    Discrete Jitter          (DJ):    0.000ns
    Phase Error              (PE):    0.000ns

    Location             Delay type                Incr(ns)  Path(ns)    Netlist Resource(s)
  -------------------------------------------------------------------    -------------------
                         (clock axi_aclk rise edge)
                                                      0.000     0.000 r  <hidden>
                                                      0.000     0.000 r  axi_aclk
                         net (fo=46, unset)           1.038     1.038    axi_aclk
    SLICE_X6Y46          FDRE                                         r  s_axi_rdata_reg[12]/C
  -------------------------------------------------------------------    -------------------
    SLICE_X6Y46          FDRE (Prop_fdre_C_Q)         0.610     1.648 r  s_axi_rdata_reg[12]/Q
                         net (fo=0)                   1.038     2.686    s_axi_rdata[12]
                                                                      r  s_axi_rdata[12]
  -------------------------------------------------------------------    -------------------

Slack:                    inf
  Source:                 s_axi_rdata_reg[15]/C
                            (rising edge-triggered cell FDRE clocked by axi_aclk  {rise@0.000ns fall@1.250ns period=2.500ns})
  Destination:            s_axi_rdata[15]
                            (output port)
  Path Group:             (none)
  Path Type:              Max at Slow Process Corner
  Data Path Delay:        1.648ns  (logic 0.610ns (37.015%)  route 1.038ns (62.985%))
  Logic Levels:           0  
  Clock Uncertainty:      0.025ns  ((TSJ^2 + TIJ^2)^1/2 + DJ) / 2 + PE
    Total System Jitter     (TSJ):    0.050ns
    Total Input Jitter      (TIJ):    0.000ns
    Discrete Jitter          (DJ):    0.000ns
    Phase Error              (PE):    0.000ns

    Location             Delay type                Incr(ns)  Path(ns)    Netlist Resource(s)
  -------------------------------------------------------------------    -------------------
                         (clock axi_aclk rise edge)
                                                      0.000     0.000 r  <hidden>
                                                      0.000     0.000 r  axi_aclk
                         net (fo=46, unset)           1.038     1.038    axi_aclk
    SLICE_X6Y46          FDRE                                         r  s_axi_rdata_reg[15]/C
  -------------------------------------------------------------------    -------------------
    SLICE_X6Y46          FDRE (Prop_fdre_C_Q)         0.610     1.648 r  s_axi_rdata_reg[15]/Q
                         net (fo=0)                   1.038     2.686    s_axi_rdata[15]
                                                                      r  s_axi_rdata[15]
  -------------------------------------------------------------------    -------------------

Slack:                    inf
  Source:                 s_axi_rdata_reg[1]/C
                            (rising edge-triggered cell FDRE clocked by axi_aclk  {rise@0.000ns fall@1.250ns period=2.500ns})
  Destination:            s_axi_rdata[1]
                            (output port)
  Path Group:             (none)
  Path Type:              Max at Slow Process Corner
  Data Path Delay:        1.648ns  (logic 0.610ns (37.015%)  route 1.038ns (62.985%))
  Logic Levels:           0  
  Clock Uncertainty:      0.025ns  ((TSJ^2 + TIJ^2)^1/2 + DJ) / 2 + PE
    Total System Jitter     (TSJ):    0.050ns
    Total Input Jitter      (TIJ):    0.000ns
    Discrete Jitter          (DJ):    0.000ns
    Phase Error              (PE):    0.000ns

    Location             Delay type                Incr(ns)  Path(ns)    Netlist Resource(s)
  -------------------------------------------------------------------    -------------------
                         (clock axi_aclk rise edge)
                                                      0.000     0.000 r  <hidden>
                                                      0.000     0.000 r  axi_aclk
                         net (fo=46, unset)           1.038     1.038    axi_aclk
    SLICE_X6Y45          FDRE                                         r  s_axi_rdata_reg[1]/C
  -------------------------------------------------------------------    -------------------
    SLICE_X6Y45          FDRE (Prop_fdre_C_Q)         0.610     1.648 r  s_axi_rdata_reg[1]/Q
                         net (fo=0)                   1.038     2.686    s_axi_rdata[1]
                                                                      r  s_axi_rdata[1]
  -------------------------------------------------------------------    -------------------

Slack:                    inf
  Source:                 s_axi_rdata_reg[20]/C
                            (rising edge-triggered cell FDRE clocked by axi_aclk  {rise@0.000ns fall@1.250ns period=2.500ns})
  Destination:            s_axi_rdata[20]
                            (output port)
  Path Group:             (none)
  Path Type:              Max at Slow Process Corner
  Data Path Delay:        1.648ns  (logic 0.610ns (37.015%)  route 1.038ns (62.985%))
  Logic Levels:           0  
  Clock Uncertainty:      0.025ns  ((TSJ^2 + TIJ^2)^1/2 + DJ) / 2 + PE
    Total System Jitter     (TSJ):    0.050ns
    Total Input Jitter      (TIJ):    0.000ns
    Discrete Jitter          (DJ):    0.000ns
    Phase Error              (PE):    0.000ns

    Location             Delay type                Incr(ns)  Path(ns)    Netlist Resource(s)
  -------------------------------------------------------------------    -------------------
                         (clock axi_aclk rise edge)
                                                      0.000     0.000 r  <hidden>
                                                      0.000     0.000 r  axi_aclk
                         net (fo=46, unset)           1.038     1.038    axi_aclk
    SLICE_X6Y44          FDRE                                         r  s_axi_rdata_reg[20]/C
  -------------------------------------------------------------------    -------------------
    SLICE_X6Y44          FDRE (Prop_fdre_C_Q)         0.610     1.648 r  s_axi_rdata_reg[20]/Q
                         net (fo=0)                   1.038     2.686    s_axi_rdata[20]
                                                                      r  s_axi_rdata[20]
  -------------------------------------------------------------------    -------------------

Slack:                    inf
  Source:                 s_axi_rdata_reg[22]/C
                            (rising edge-triggered cell FDRE clocked by axi_aclk  {rise@0.000ns fall@1.250ns period=2.500ns})
  Destination:            s_axi_rdata[22]
                            (output port)
  Path Group:             (none)
  Path Type:              Max at Slow Process Corner
  Data Path Delay:        1.648ns  (logic 0.610ns (37.015%)  route 1.038ns (62.985%))
  Logic Levels:           0  
  Clock Uncertainty:      0.025ns  ((TSJ^2 + TIJ^2)^1/2 + DJ) / 2 + PE
    Total System Jitter     (TSJ):    0.050ns
    Total Input Jitter      (TIJ):    0.000ns
    Discrete Jitter          (DJ):    0.000ns
    Phase Error              (PE):    0.000ns

    Location             Delay type                Incr(ns)  Path(ns)    Netlist Resource(s)
  -------------------------------------------------------------------    -------------------
                         (clock axi_aclk rise edge)
                                                      0.000     0.000 r  <hidden>
                                                      0.000     0.000 r  axi_aclk
                         net (fo=46, unset)           1.038     1.038    axi_aclk
    SLICE_X2Y46          FDRE                                         r  s_axi_rdata_reg[22]/C
  -------------------------------------------------------------------    -------------------
    SLICE_X2Y46          FDRE (Prop_fdre_C_Q)         0.610     1.648 r  s_axi_rdata_reg[22]/Q
                         net (fo=0)                   1.038     2.686    s_axi_rdata[22]
                                                                      r  s_axi_rdata[22]
  -------------------------------------------------------------------    -------------------

Slack:                    inf
  Source:                 s_axi_rdata_reg[2]/C
                            (rising edge-triggered cell FDRE clocked by axi_aclk  {rise@0.000ns fall@1.250ns period=2.500ns})
  Destination:            s_axi_rdata[2]
                            (output port)
  Path Group:             (none)
  Path Type:              Max at Slow Process Corner
  Data Path Delay:        1.648ns  (logic 0.610ns (37.015%)  route 1.038ns (62.985%))
  Logic Levels:           0  
  Clock Uncertainty:      0.025ns  ((TSJ^2 + TIJ^2)^1/2 + DJ) / 2 + PE
    Total System Jitter     (TSJ):    0.050ns
    Total Input Jitter      (TIJ):    0.000ns
    Discrete Jitter          (DJ):    0.000ns
    Phase Error              (PE):    0.000ns

    Location             Delay type                Incr(ns)  Path(ns)    Netlist Resource(s)
  -------------------------------------------------------------------    -------------------
                         (clock axi_aclk rise edge)
                                                      0.000     0.000 r  <hidden>
                                                      0.000     0.000 r  axi_aclk
                         net (fo=46, unset)           1.038     1.038    axi_aclk
    SLICE_X6Y44          FDRE                                         r  s_axi_rdata_reg[2]/C
  -------------------------------------------------------------------    -------------------
    SLICE_X6Y44          FDRE (Prop_fdre_C_Q)         0.610     1.648 r  s_axi_rdata_reg[2]/Q
                         net (fo=0)                   1.038     2.686    s_axi_rdata[2]
                                                                      r  s_axi_rdata[2]
  -------------------------------------------------------------------    -------------------

Slack:                    inf
  Source:                 s_axi_rdata_reg[3]/C
                            (rising edge-triggered cell FDRE clocked by axi_aclk  {rise@0.000ns fall@1.250ns period=2.500ns})
  Destination:            s_axi_rdata[3]
                            (output port)
  Path Group:             (none)
  Path Type:              Max at Slow Process Corner
  Data Path Delay:        1.648ns  (logic 0.610ns (37.015%)  route 1.038ns (62.985%))
  Logic Levels:           0  
  Clock Uncertainty:      0.025ns  ((TSJ^2 + TIJ^2)^1/2 + DJ) / 2 + PE
    Total System Jitter     (TSJ):    0.050ns
    Total Input Jitter      (TIJ):    0.000ns
    Discrete Jitter          (DJ):    0.000ns
    Phase Error              (PE):    0.000ns

    Location             Delay type                Incr(ns)  Path(ns)    Netlist Resource(s)
  -------------------------------------------------------------------    -------------------
                         (clock axi_aclk rise edge)
                                                      0.000     0.000 r  <hidden>
                                                      0.000     0.000 r  axi_aclk
                         net (fo=46, unset)           1.038     1.038    axi_aclk
    SLICE_X6Y44          FDRE                                         r  s_axi_rdata_reg[3]/C
  -------------------------------------------------------------------    -------------------
    SLICE_X6Y44          FDRE (Prop_fdre_C_Q)         0.610     1.648 r  s_axi_rdata_reg[3]/Q
                         net (fo=0)                   1.038     2.686    s_axi_rdata[3]
                                                                      r  s_axi_rdata[3]
  -------------------------------------------------------------------    -------------------

Slack:                    inf
  Source:                 s_axi_rdata_reg[4]/C
                            (rising edge-triggered cell FDRE clocked by axi_aclk  {rise@0.000ns fall@1.250ns period=2.500ns})
  Destination:            s_axi_rdata[4]
                            (output port)
  Path Group:             (none)
  Path Type:              Max at Slow Process Corner
  Data Path Delay:        1.648ns  (logic 0.610ns (37.015%)  route 1.038ns (62.985%))
  Logic Levels:           0  
  Clock Uncertainty:      0.025ns  ((TSJ^2 + TIJ^2)^1/2 + DJ) / 2 + PE
    Total System Jitter     (TSJ):    0.050ns
    Total Input Jitter      (TIJ):    0.000ns
    Discrete Jitter          (DJ):    0.000ns
    Phase Error              (PE):    0.000ns

    Location             Delay type                Incr(ns)  Path(ns)    Netlist Resource(s)
  -------------------------------------------------------------------    -------------------
                         (clock axi_aclk rise edge)
                                                      0.000     0.000 r  <hidden>
                                                      0.000     0.000 r  axi_aclk
                         net (fo=46, unset)           1.038     1.038    axi_aclk
    SLICE_X6Y45          FDRE                                         r  s_axi_rdata_reg[4]/C
  -------------------------------------------------------------------    -------------------
    SLICE_X6Y45          FDRE (Prop_fdre_C_Q)         0.610     1.648 r  s_axi_rdata_reg[4]/Q
                         net (fo=0)                   1.038     2.686    s_axi_rdata[4]
                                                                      r  s_axi_rdata[4]
  -------------------------------------------------------------------    -------------------

Slack:                    inf
  Source:                 s_axi_rdata_reg[6]/C
                            (rising edge-triggered cell FDRE clocked by axi_aclk  {rise@0.000ns fall@1.250ns period=2.500ns})
  Destination:            s_axi_rdata[6]
                            (output port)
  Path Group:             (none)
  Path Type:              Max at Slow Process Corner
  Data Path Delay:        1.648ns  (logic 0.610ns (37.015%)  route 1.038ns (62.985%))
  Logic Levels:           0  
  Clock Uncertainty:      0.025ns  ((TSJ^2 + TIJ^2)^1/2 + DJ) / 2 + PE
    Total System Jitter     (TSJ):    0.050ns
    Total Input Jitter      (TIJ):    0.000ns
    Discrete Jitter          (DJ):    0.000ns
    Phase Error              (PE):    0.000ns

    Location             Delay type                Incr(ns)  Path(ns)    Netlist Resource(s)
  -------------------------------------------------------------------    -------------------
                         (clock axi_aclk rise edge)
                                                      0.000     0.000 r  <hidden>
                                                      0.000     0.000 r  axi_aclk
                         net (fo=46, unset)           1.038     1.038    axi_aclk
    SLICE_X6Y46          FDRE                                         r  s_axi_rdata_reg[6]/C
  -------------------------------------------------------------------    -------------------
    SLICE_X6Y46          FDRE (Prop_fdre_C_Q)         0.610     1.648 r  s_axi_rdata_reg[6]/Q
                         net (fo=0)                   1.038     2.686    s_axi_rdata[6]
                                                                      r  s_axi_rdata[6]
  -------------------------------------------------------------------    -------------------





Min Delay Paths
--------------------------------------------------------------------------------------
Slack:                    inf
  Source:                 s_axi_bval_reg/C
                            (rising edge-triggered cell FDRE clocked by axi_aclk  {rise@0.000ns fall@1.250ns period=2.500ns})
  Destination:            s_axi_bval
                            (output port)
  Path Group:             (none)
  Path Type:              Min at Fast Process Corner
  Data Path Delay:        0.708ns  (logic 0.193ns (27.269%)  route 0.515ns (72.730%))
  Logic Levels:           0  
  Clock Uncertainty:      0.025ns  ((TSJ^2 + TIJ^2)^1/2 + DJ) / 2 + PE
    Total System Jitter     (TSJ):    0.050ns
    Total Input Jitter      (TIJ):    0.000ns
    Discrete Jitter          (DJ):    0.000ns
    Phase Error              (PE):    0.000ns

    Location             Delay type                Incr(ns)  Path(ns)    Netlist Resource(s)
  -------------------------------------------------------------------    -------------------
                         (clock axi_aclk rise edge)
                                                      0.000     0.000 r  <hidden>
                                                      0.000     0.000 r  axi_aclk
                         net (fo=46, unset)           0.515     0.515    axi_aclk
    SLICE_X20Y48         FDRE                                         r  s_axi_bval_reg/C
  -------------------------------------------------------------------    -------------------
    SLICE_X20Y48         FDRE (Prop_fdre_C_Q)         0.193     0.708 r  s_axi_bval_reg/Q
                         net (fo=1, unset)            0.515     1.223    s_axi_bval
                                                                      r  s_axi_bval
  -------------------------------------------------------------------    -------------------

Slack:                    inf
  Source:                 s_axi_rdata_reg[10]/C
                            (rising edge-triggered cell FDRE clocked by axi_aclk  {rise@0.000ns fall@1.250ns period=2.500ns})
  Destination:            s_axi_rdata[10]
                            (output port)
  Path Group:             (none)
  Path Type:              Min at Fast Process Corner
  Data Path Delay:        0.708ns  (logic 0.193ns (27.269%)  route 0.515ns (72.730%))
  Logic Levels:           0  
  Clock Uncertainty:      0.025ns  ((TSJ^2 + TIJ^2)^1/2 + DJ) / 2 + PE
    Total System Jitter     (TSJ):    0.050ns
    Total Input Jitter      (TIJ):    0.000ns
    Discrete Jitter          (DJ):    0.000ns
    Phase Error              (PE):    0.000ns

    Location             Delay type                Incr(ns)  Path(ns)    Netlist Resource(s)
  -------------------------------------------------------------------    -------------------
                         (clock axi_aclk rise edge)
                                                      0.000     0.000 r  <hidden>
                                                      0.000     0.000 r  axi_aclk
                         net (fo=46, unset)           0.515     0.515    axi_aclk
    SLICE_X7Y45          FDRE                                         r  s_axi_rdata_reg[10]/C
  -------------------------------------------------------------------    -------------------
    SLICE_X7Y45          FDRE (Prop_fdre_C_Q)         0.193     0.708 r  s_axi_rdata_reg[10]/Q
                         net (fo=0)                   0.515     1.223    s_axi_rdata[10]
                                                                      r  s_axi_rdata[10]
  -------------------------------------------------------------------    -------------------

Slack:                    inf
  Source:                 s_axi_rdata_reg[11]/C
                            (rising edge-triggered cell FDRE clocked by axi_aclk  {rise@0.000ns fall@1.250ns period=2.500ns})
  Destination:            s_axi_rdata[11]
                            (output port)
  Path Group:             (none)
  Path Type:              Min at Fast Process Corner
  Data Path Delay:        0.708ns  (logic 0.193ns (27.269%)  route 0.515ns (72.730%))
  Logic Levels:           0  
  Clock Uncertainty:      0.025ns  ((TSJ^2 + TIJ^2)^1/2 + DJ) / 2 + PE
    Total System Jitter     (TSJ):    0.050ns
    Total Input Jitter      (TIJ):    0.000ns
    Discrete Jitter          (DJ):    0.000ns
    Phase Error              (PE):    0.000ns

    Location             Delay type                Incr(ns)  Path(ns)    Netlist Resource(s)
  -------------------------------------------------------------------    -------------------
                         (clock axi_aclk rise edge)
                                                      0.000     0.000 r  <hidden>
                                                      0.000     0.000 r  axi_aclk
                         net (fo=46, unset)           0.515     0.515    axi_aclk
    SLICE_X7Y45          FDRE                                         r  s_axi_rdata_reg[11]/C
  -------------------------------------------------------------------    -------------------
    SLICE_X7Y45          FDRE (Prop_fdre_C_Q)         0.193     0.708 r  s_axi_rdata_reg[11]/Q
                         net (fo=0)                   0.515     1.223    s_axi_rdata[11]
                                                                      r  s_axi_rdata[11]
  -------------------------------------------------------------------    -------------------

Slack:                    inf
  Source:                 s_axi_rdata_reg[13]/C
                            (rising edge-triggered cell FDRE clocked by axi_aclk  {rise@0.000ns fall@1.250ns period=2.500ns})
  Destination:            s_axi_rdata[13]
                            (output port)
  Path Group:             (none)
  Path Type:              Min at Fast Process Corner
  Data Path Delay:        0.708ns  (logic 0.193ns (27.269%)  route 0.515ns (72.730%))
  Logic Levels:           0  
  Clock Uncertainty:      0.025ns  ((TSJ^2 + TIJ^2)^1/2 + DJ) / 2 + PE
    Total System Jitter     (TSJ):    0.050ns
    Total Input Jitter      (TIJ):    0.000ns
    Discrete Jitter          (DJ):    0.000ns
    Phase Error              (PE):    0.000ns

    Location             Delay type                Incr(ns)  Path(ns)    Netlist Resource(s)
  -------------------------------------------------------------------    -------------------
                         (clock axi_aclk rise edge)
                                                      0.000     0.000 r  <hidden>
                                                      0.000     0.000 r  axi_aclk
                         net (fo=46, unset)           0.515     0.515    axi_aclk
    SLICE_X7Y47          FDRE                                         r  s_axi_rdata_reg[13]/C
  -------------------------------------------------------------------    -------------------
    SLICE_X7Y47          FDRE (Prop_fdre_C_Q)         0.193     0.708 r  s_axi_rdata_reg[13]/Q
                         net (fo=0)                   0.515     1.223    s_axi_rdata[13]
                                                                      r  s_axi_rdata[13]
  -------------------------------------------------------------------    -------------------

Slack:                    inf
  Source:                 s_axi_rdata_reg[14]/C
                            (rising edge-triggered cell FDRE clocked by axi_aclk  {rise@0.000ns fall@1.250ns period=2.500ns})
  Destination:            s_axi_rdata[14]
                            (output port)
  Path Group:             (none)
  Path Type:              Min at Fast Process Corner
  Data Path Delay:        0.708ns  (logic 0.193ns (27.269%)  route 0.515ns (72.730%))
  Logic Levels:           0  
  Clock Uncertainty:      0.025ns  ((TSJ^2 + TIJ^2)^1/2 + DJ) / 2 + PE
    Total System Jitter     (TSJ):    0.050ns
    Total Input Jitter      (TIJ):    0.000ns
    Discrete Jitter          (DJ):    0.000ns
    Phase Error              (PE):    0.000ns

    Location             Delay type                Incr(ns)  Path(ns)    Netlist Resource(s)
  -------------------------------------------------------------------    -------------------
                         (clock axi_aclk rise edge)
                                                      0.000     0.000 r  <hidden>
                                                      0.000     0.000 r  axi_aclk
                         net (fo=46, unset)           0.515     0.515    axi_aclk
    SLICE_X7Y47          FDRE                                         r  s_axi_rdata_reg[14]/C
  -------------------------------------------------------------------    -------------------
    SLICE_X7Y47          FDRE (Prop_fdre_C_Q)         0.193     0.708 r  s_axi_rdata_reg[14]/Q
                         net (fo=0)                   0.515     1.223    s_axi_rdata[14]
                                                                      r  s_axi_rdata[14]
  -------------------------------------------------------------------    -------------------

Slack:                    inf
  Source:                 s_axi_rdata_reg[16]/C
                            (rising edge-triggered cell FDRE clocked by axi_aclk  {rise@0.000ns fall@1.250ns period=2.500ns})
  Destination:            s_axi_rdata[16]
                            (output port)
  Path Group:             (none)
  Path Type:              Min at Fast Process Corner
  Data Path Delay:        0.708ns  (logic 0.193ns (27.269%)  route 0.515ns (72.730%))
  Logic Levels:           0  
  Clock Uncertainty:      0.025ns  ((TSJ^2 + TIJ^2)^1/2 + DJ) / 2 + PE
    Total System Jitter     (TSJ):    0.050ns
    Total Input Jitter      (TIJ):    0.000ns
    Discrete Jitter          (DJ):    0.000ns
    Phase Error              (PE):    0.000ns

    Location             Delay type                Incr(ns)  Path(ns)    Netlist Resource(s)
  -------------------------------------------------------------------    -------------------
                         (clock axi_aclk rise edge)
                                                      0.000     0.000 r  <hidden>
                                                      0.000     0.000 r  axi_aclk
                         net (fo=46, unset)           0.515     0.515    axi_aclk
    SLICE_X7Y48          FDRE                                         r  s_axi_rdata_reg[16]/C
  -------------------------------------------------------------------    -------------------
    SLICE_X7Y48          FDRE (Prop_fdre_C_Q)         0.193     0.708 r  s_axi_rdata_reg[16]/Q
                         net (fo=0)                   0.515     1.223    s_axi_rdata[16]
                                                                      r  s_axi_rdata[16]
  -------------------------------------------------------------------    -------------------

Slack:                    inf
  Source:                 s_axi_rdata_reg[17]/C
                            (rising edge-triggered cell FDRE clocked by axi_aclk  {rise@0.000ns fall@1.250ns period=2.500ns})
  Destination:            s_axi_rdata[17]
                            (output port)
  Path Group:             (none)
  Path Type:              Min at Fast Process Corner
  Data Path Delay:        0.708ns  (logic 0.193ns (27.269%)  route 0.515ns (72.730%))
  Logic Levels:           0  
  Clock Uncertainty:      0.025ns  ((TSJ^2 + TIJ^2)^1/2 + DJ) / 2 + PE
    Total System Jitter     (TSJ):    0.050ns
    Total Input Jitter      (TIJ):    0.000ns
    Discrete Jitter          (DJ):    0.000ns
    Phase Error              (PE):    0.000ns

    Location             Delay type                Incr(ns)  Path(ns)    Netlist Resource(s)
  -------------------------------------------------------------------    -------------------
                         (clock axi_aclk rise edge)
                                                      0.000     0.000 r  <hidden>
                                                      0.000     0.000 r  axi_aclk
                         net (fo=46, unset)           0.515     0.515    axi_aclk
    SLICE_X7Y48          FDRE                                         r  s_axi_rdata_reg[17]/C
  -------------------------------------------------------------------    -------------------
    SLICE_X7Y48          FDRE (Prop_fdre_C_Q)         0.193     0.708 r  s_axi_rdata_reg[17]/Q
                         net (fo=0)                   0.515     1.223    s_axi_rdata[17]
                                                                      r  s_axi_rdata[17]
  -------------------------------------------------------------------    -------------------

Slack:                    inf
  Source:                 s_axi_rdata_reg[18]/C
                            (rising edge-triggered cell FDRE clocked by axi_aclk  {rise@0.000ns fall@1.250ns period=2.500ns})
  Destination:            s_axi_rdata[18]
                            (output port)
  Path Group:             (none)
  Path Type:              Min at Fast Process Corner
  Data Path Delay:        0.708ns  (logic 0.193ns (27.269%)  route 0.515ns (72.730%))
  Logic Levels:           0  
  Clock Uncertainty:      0.025ns  ((TSJ^2 + TIJ^2)^1/2 + DJ) / 2 + PE
    Total System Jitter     (TSJ):    0.050ns
    Total Input Jitter      (TIJ):    0.000ns
    Discrete Jitter          (DJ):    0.000ns
    Phase Error              (PE):    0.000ns

    Location             Delay type                Incr(ns)  Path(ns)    Netlist Resource(s)
  -------------------------------------------------------------------    -------------------
                         (clock axi_aclk rise edge)
                                                      0.000     0.000 r  <hidden>
                                                      0.000     0.000 r  axi_aclk
                         net (fo=46, unset)           0.515     0.515    axi_aclk
    SLICE_X7Y48          FDRE                                         r  s_axi_rdata_reg[18]/C
  -------------------------------------------------------------------    -------------------
    SLICE_X7Y48          FDRE (Prop_fdre_C_Q)         0.193     0.708 r  s_axi_rdata_reg[18]/Q
                         net (fo=0)                   0.515     1.223    s_axi_rdata[18]
                                                                      r  s_axi_rdata[18]
  -------------------------------------------------------------------    -------------------

Slack:                    inf
  Source:                 s_axi_rdata_reg[19]/C
                            (rising edge-triggered cell FDRE clocked by axi_aclk  {rise@0.000ns fall@1.250ns period=2.500ns})
  Destination:            s_axi_rdata[19]
                            (output port)
  Path Group:             (none)
  Path Type:              Min at Fast Process Corner
  Data Path Delay:        0.708ns  (logic 0.193ns (27.269%)  route 0.515ns (72.730%))
  Logic Levels:           0  
  Clock Uncertainty:      0.025ns  ((TSJ^2 + TIJ^2)^1/2 + DJ) / 2 + PE
    Total System Jitter     (TSJ):    0.050ns
    Total Input Jitter      (TIJ):    0.000ns
    Discrete Jitter          (DJ):    0.000ns
    Phase Error              (PE):    0.000ns

    Location             Delay type                Incr(ns)  Path(ns)    Netlist Resource(s)
  -------------------------------------------------------------------    -------------------
                         (clock axi_aclk rise edge)
                                                      0.000     0.000 r  <hidden>
                                                      0.000     0.000 r  axi_aclk
                         net (fo=46, unset)           0.515     0.515    axi_aclk
    SLICE_X7Y47          FDRE                                         r  s_axi_rdata_reg[19]/C
  -------------------------------------------------------------------    -------------------
    SLICE_X7Y47          FDRE (Prop_fdre_C_Q)         0.193     0.708 r  s_axi_rdata_reg[19]/Q
                         net (fo=0)                   0.515     1.223    s_axi_rdata[19]
                                                                      r  s_axi_rdata[19]
  -------------------------------------------------------------------    -------------------

Slack:                    inf
  Source:                 s_axi_rdata_reg[21]/C
                            (rising edge-triggered cell FDRE clocked by axi_aclk  {rise@0.000ns fall@1.250ns period=2.500ns})
  Destination:            s_axi_rdata[21]
                            (output port)
  Path Group:             (none)
  Path Type:              Min at Fast Process Corner
  Data Path Delay:        0.708ns  (logic 0.193ns (27.269%)  route 0.515ns (72.730%))
  Logic Levels:           0  
  Clock Uncertainty:      0.025ns  ((TSJ^2 + TIJ^2)^1/2 + DJ) / 2 + PE
    Total System Jitter     (TSJ):    0.050ns
    Total Input Jitter      (TIJ):    0.000ns
    Discrete Jitter          (DJ):    0.000ns
    Phase Error              (PE):    0.000ns

    Location             Delay type                Incr(ns)  Path(ns)    Netlist Resource(s)
  -------------------------------------------------------------------    -------------------
                         (clock axi_aclk rise edge)
                                                      0.000     0.000 r  <hidden>
                                                      0.000     0.000 r  axi_aclk
                         net (fo=46, unset)           0.515     0.515    axi_aclk
    SLICE_X7Y48          FDRE                                         r  s_axi_rdata_reg[21]/C
  -------------------------------------------------------------------    -------------------
    SLICE_X7Y48          FDRE (Prop_fdre_C_Q)         0.193     0.708 r  s_axi_rdata_reg[21]/Q
                         net (fo=0)                   0.515     1.223    s_axi_rdata[21]
                                                                      r  s_axi_rdata[21]
  -------------------------------------------------------------------    -------------------





--------------------------------------------------------------------------------------
Path Group:  (none)
From Clock:  phy_rx_clk
  To Clock:  

Max Delay             2 Endpoints
Min Delay             2 Endpoints
--------------------------------------------------------------------------------------


Max Delay Paths
--------------------------------------------------------------------------------------
Slack:                    inf
  Source:                 core_inst/r_latch_state_v1_reg/C
                            (rising edge-triggered cell FDRE clocked by phy_rx_clk  {rise@0.000ns fall@4.000ns period=8.000ns})
  Destination:            assert_mitigation
                            (output port)
  Path Group:             (none)
  Path Type:              Max at Slow Process Corner
  Data Path Delay:        1.648ns  (logic 0.610ns (37.015%)  route 1.038ns (62.985%))
  Logic Levels:           0  
  Clock Uncertainty:      0.025ns  ((TSJ^2 + TIJ^2)^1/2 + DJ) / 2 + PE
    Total System Jitter     (TSJ):    0.050ns
    Total Input Jitter      (TIJ):    0.000ns
    Discrete Jitter          (DJ):    0.000ns
    Phase Error              (PE):    0.000ns

    Location             Delay type                Incr(ns)  Path(ns)    Netlist Resource(s)
  -------------------------------------------------------------------    -------------------
                         (clock phy_rx_clk rise edge)
                                                      0.000     0.000 r  <hidden>
                                                      0.000     0.000 r  phy_rx_clk
                         net (fo=0)                   1.038     1.038    core_inst/phy_rx_clk
    BUFGCTRL_X0Y16       BUFG (Prop_bufg_I_O)         0.138     1.176 r  core_inst/clk_buffer_inst/O
                         net (fo=106, routed)         1.911     3.087    core_inst/phy_rx_clk_buffered
    SLICE_X2Y44          FDRE                                         r  core_inst/r_latch_state_v1_reg/C
  -------------------------------------------------------------------    -------------------
    SLICE_X2Y44          FDRE (Prop_fdre_C_Q)         0.610     3.697 r  core_inst/r_latch_state_v1_reg/Q
                         net (fo=4, unset)            1.038     4.735    assert_mitigation
                                                                      r  assert_mitigation
  -------------------------------------------------------------------    -------------------

Slack:                    inf
  Source:                 core_inst/pipe_paradoxal_reg/C
                            (rising edge-triggered cell FDRE clocked by phy_rx_clk  {rise@0.000ns fall@4.000ns period=8.000ns})
  Destination:            is_paradoxical
                            (output port)
  Path Group:             (none)
  Path Type:              Max at Slow Process Corner
  Data Path Delay:        1.648ns  (logic 0.610ns (37.015%)  route 1.038ns (62.985%))
  Logic Levels:           0  
  Clock Uncertainty:      0.025ns  ((TSJ^2 + TIJ^2)^1/2 + DJ) / 2 + PE
    Total System Jitter     (TSJ):    0.050ns
    Total Input Jitter      (TIJ):    0.000ns
    Discrete Jitter          (DJ):    0.000ns
    Phase Error              (PE):    0.000ns

    Location             Delay type                Incr(ns)  Path(ns)    Netlist Resource(s)
  -------------------------------------------------------------------    -------------------
                         (clock phy_rx_clk rise edge)
                                                      0.000     0.000 r  <hidden>
                                                      0.000     0.000 r  phy_rx_clk
                         net (fo=0)                   1.038     1.038    core_inst/phy_rx_clk
    BUFGCTRL_X0Y16       BUFG (Prop_bufg_I_O)         0.138     1.176 r  core_inst/clk_buffer_inst/O
                         net (fo=106, routed)         1.910     3.086    core_inst/phy_rx_clk_buffered
    SLICE_X2Y43          FDRE                                         r  core_inst/pipe_paradoxal_reg/C
  -------------------------------------------------------------------    -------------------
    SLICE_X2Y43          FDRE (Prop_fdre_C_Q)         0.610     3.696 r  core_inst/pipe_paradoxal_reg/Q
                         net (fo=4, unset)            1.038     4.734    is_paradoxical
                                                                      r  is_paradoxical
  -------------------------------------------------------------------    -------------------





Min Delay Paths
--------------------------------------------------------------------------------------
Slack:                    inf
  Source:                 core_inst/r_latch_state_v1_reg/C
                            (rising edge-triggered cell FDRE clocked by phy_rx_clk  {rise@0.000ns fall@4.000ns period=8.000ns})
  Destination:            assert_mitigation
                            (output port)
  Path Group:             (none)
  Path Type:              Min at Fast Process Corner
  Data Path Delay:        0.738ns  (logic 0.223ns (30.227%)  route 0.515ns (69.773%))
  Logic Levels:           0  
  Clock Uncertainty:      0.025ns  ((TSJ^2 + TIJ^2)^1/2 + DJ) / 2 + PE
    Total System Jitter     (TSJ):    0.050ns
    Total Input Jitter      (TIJ):    0.000ns
    Discrete Jitter          (DJ):    0.000ns
    Phase Error              (PE):    0.000ns

    Location             Delay type                Incr(ns)  Path(ns)    Netlist Resource(s)
  -------------------------------------------------------------------    -------------------
                         (clock phy_rx_clk rise edge)
                                                      0.000     0.000 r  <hidden>
                                                      0.000     0.000 r  phy_rx_clk
                         net (fo=0)                   0.515     0.515    core_inst/phy_rx_clk
    BUFGCTRL_X0Y16       BUFG (Prop_bufg_I_O)         0.044     0.559 r  core_inst/clk_buffer_inst/O
                         net (fo=106, routed)         0.810     1.369    core_inst/phy_rx_clk_buffered
    SLICE_X2Y44          FDRE                                         r  core_inst/r_latch_state_v1_reg/C
  -------------------------------------------------------------------    -------------------
    SLICE_X2Y44          FDRE (Prop_fdre_C_Q)         0.223     1.592 r  core_inst/r_latch_state_v1_reg/Q
                         net (fo=4, unset)            0.515     2.107    assert_mitigation
                                                                      r  assert_mitigation
  -------------------------------------------------------------------    -------------------

Slack:                    inf
  Source:                 core_inst/pipe_paradoxal_reg/C
                            (rising edge-triggered cell FDRE clocked by phy_rx_clk  {rise@0.000ns fall@4.000ns period=8.000ns})
  Destination:            is_paradoxical
                            (output port)
  Path Group:             (none)
  Path Type:              Min at Fast Process Corner
  Data Path Delay:        0.738ns  (logic 0.223ns (30.227%)  route 0.515ns (69.773%))
  Logic Levels:           0  
  Clock Uncertainty:      0.025ns  ((TSJ^2 + TIJ^2)^1/2 + DJ) / 2 + PE
    Total System Jitter     (TSJ):    0.050ns
    Total Input Jitter      (TIJ):    0.000ns
    Discrete Jitter          (DJ):    0.000ns
    Phase Error              (PE):    0.000ns

    Location             Delay type                Incr(ns)  Path(ns)    Netlist Resource(s)
  -------------------------------------------------------------------    -------------------
                         (clock phy_rx_clk rise edge)
                                                      0.000     0.000 r  <hidden>
                                                      0.000     0.000 r  phy_rx_clk
                         net (fo=0)                   0.515     0.515    core_inst/phy_rx_clk
    BUFGCTRL_X0Y16       BUFG (Prop_bufg_I_O)         0.044     0.559 r  core_inst/clk_buffer_inst/O
                         net (fo=106, routed)         0.810     1.369    core_inst/phy_rx_clk_buffered
    SLICE_X2Y43          FDRE                                         r  core_inst/pipe_paradoxal_reg/C
  -------------------------------------------------------------------    -------------------
    SLICE_X2Y43          FDRE (Prop_fdre_C_Q)         0.223     1.592 r  core_inst/pipe_paradoxal_reg/Q
                         net (fo=4, unset)            0.515     2.107    is_paradoxical
                                                                      r  is_paradoxical
  -------------------------------------------------------------------    -------------------





--------------------------------------------------------------------------------------
Path Group:  (none)
From Clock:  
  To Clock:  axi_aclk

Max Delay           107 Endpoints
Min Delay           107 Endpoints
--------------------------------------------------------------------------------------


Max Delay Paths
--------------------------------------------------------------------------------------
Slack:                    inf
  Source:                 axi_aresetn
                            (input port)
  Destination:            s_axi_rdata_reg[0]/R
                            (rising edge-triggered cell FDRE clocked by axi_aclk  {rise@0.000ns fall@1.250ns period=2.500ns})
  Path Group:             (none)
  Path Type:              Setup (Max at Slow Process Corner)
  Data Path Delay:        2.949ns  (logic 0.148ns (5.019%)  route 2.801ns (94.981%))
  Logic Levels:           1  (LUT1=1)
  Clock Path Skew:        0.986ns (DCD - SCD + CPR)
    Destination Clock Delay (DCD):    0.986ns
    Source Clock Delay      (SCD):    0.000ns
    Clock Pessimism Removal (CPR):    0.000ns
  Clock Uncertainty:      0.025ns  ((TSJ^2 + TIJ^2)^1/2 + DJ) / 2 + PE
    Total System Jitter     (TSJ):    0.050ns
    Total Input Jitter      (TIJ):    0.000ns
    Discrete Jitter          (DJ):    0.000ns
    Phase Error              (PE):    0.000ns

    Location             Delay type                Incr(ns)  Path(ns)    Netlist Resource(s)
  -------------------------------------------------------------------    -------------------
                                                      0.000     0.000 f  axi_aresetn
                         net (fo=8, unset)            1.038     1.038    core_inst/axi_aresetn
    SLICE_X7Y44          LUT1 (Prop_lut1_I0_O)        0.148     1.186 r  core_inst/s_axi_rdata[31]_i_1/O
                         net (fo=132, routed)         1.763     2.949    p_0_in
    SLICE_X6Y45          FDRE                                         r  s_axi_rdata_reg[0]/R
  -------------------------------------------------------------------    -------------------

                         (clock axi_aclk rise edge)
                                                      0.000     0.000 r  <hidden>
                                                      0.000     0.000 r  axi_aclk
                         net (fo=46, unset)           0.986     0.986    axi_aclk
    SLICE_X6Y45          FDRE                                         r  s_axi_rdata_reg[0]/C

Slack:                    inf
  Source:                 axi_aresetn
                            (input port)
  Destination:            s_axi_rdata_reg[10]/R
                            (rising edge-triggered cell FDRE clocked by axi_aclk  {rise@0.000ns fall@1.250ns period=2.500ns})
  Path Group:             (none)
  Path Type:              Setup (Max at Slow Process Corner)
  Data Path Delay:        2.949ns  (logic 0.148ns (5.019%)  route 2.801ns (94.981%))
  Logic Levels:           1  (LUT1=1)
  Clock Path Skew:        0.986ns (DCD - SCD + CPR)
    Destination Clock Delay (DCD):    0.986ns
    Source Clock Delay      (SCD):    0.000ns
    Clock Pessimism Removal (CPR):    0.000ns
  Clock Uncertainty:      0.025ns  ((TSJ^2 + TIJ^2)^1/2 + DJ) / 2 + PE
    Total System Jitter     (TSJ):    0.050ns
    Total Input Jitter      (TIJ):    0.000ns
    Discrete Jitter          (DJ):    0.000ns
    Phase Error              (PE):    0.000ns

    Location             Delay type                Incr(ns)  Path(ns)    Netlist Resource(s)
  -------------------------------------------------------------------    -------------------
                                                      0.000     0.000 f  axi_aresetn
                         net (fo=8, unset)            1.038     1.038    core_inst/axi_aresetn
    SLICE_X7Y44          LUT1 (Prop_lut1_I0_O)        0.148     1.186 r  core_inst/s_axi_rdata[31]_i_1/O
                         net (fo=132, routed)         1.763     2.949    p_0_in
    SLICE_X7Y45          FDRE                                         r  s_axi_rdata_reg[10]/R
  -------------------------------------------------------------------    -------------------

                         (clock axi_aclk rise edge)
                                                      0.000     0.000 r  <hidden>
                                                      0.000     0.000 r  axi_aclk
                         net (fo=46, unset)           0.986     0.986    axi_aclk
    SLICE_X7Y45          FDRE                                         r  s_axi_rdata_reg[10]/C

Slack:                    inf
  Source:                 axi_aresetn
                            (input port)
  Destination:            s_axi_rdata_reg[11]/R
                            (rising edge-triggered cell FDRE clocked by axi_aclk  {rise@0.000ns fall@1.250ns period=2.500ns})
  Path Group:             (none)
  Path Type:              Setup (Max at Slow Process Corner)
  Data Path Delay:        2.949ns  (logic 0.148ns (5.019%)  route 2.801ns (94.981%))
  Logic Levels:           1  (LUT1=1)
  Clock Path Skew:        0.986ns (DCD - SCD + CPR)
    Destination Clock Delay (DCD):    0.986ns
    Source Clock Delay      (SCD):    0.000ns
    Clock Pessimism Removal (CPR):    0.000ns
  Clock Uncertainty:      0.025ns  ((TSJ^2 + TIJ^2)^1/2 + DJ) / 2 + PE
    Total System Jitter     (TSJ):    0.050ns
    Total Input Jitter      (TIJ):    0.000ns
    Discrete Jitter          (DJ):    0.000ns
    Phase Error              (PE):    0.000ns

    Location             Delay type                Incr(ns)  Path(ns)    Netlist Resource(s)
  -------------------------------------------------------------------    -------------------
                                                      0.000     0.000 f  axi_aresetn
                         net (fo=8, unset)            1.038     1.038    core_inst/axi_aresetn
    SLICE_X7Y44          LUT1 (Prop_lut1_I0_O)        0.148     1.186 r  core_inst/s_axi_rdata[31]_i_1/O
                         net (fo=132, routed)         1.763     2.949    p_0_in
    SLICE_X7Y45          FDRE                                         r  s_axi_rdata_reg[11]/R
  -------------------------------------------------------------------    -------------------

                         (clock axi_aclk rise edge)
                                                      0.000     0.000 r  <hidden>
                                                      0.000     0.000 r  axi_aclk
                         net (fo=46, unset)           0.986     0.986    axi_aclk
    SLICE_X7Y45          FDRE                                         r  s_axi_rdata_reg[11]/C

Slack:                    inf
  Source:                 axi_aresetn
                            (input port)
  Destination:            s_axi_rdata_reg[1]/R
                            (rising edge-triggered cell FDRE clocked by axi_aclk  {rise@0.000ns fall@1.250ns period=2.500ns})
  Path Group:             (none)
  Path Type:              Setup (Max at Slow Process Corner)
  Data Path Delay:        2.949ns  (logic 0.148ns (5.019%)  route 2.801ns (94.981%))
  Logic Levels:           1  (LUT1=1)
  Clock Path Skew:        0.986ns (DCD - SCD + CPR)
    Destination Clock Delay (DCD):    0.986ns
    Source Clock Delay      (SCD):    0.000ns
    Clock Pessimism Removal (CPR):    0.000ns
  Clock Uncertainty:      0.025ns  ((TSJ^2 + TIJ^2)^1/2 + DJ) / 2 + PE
    Total System Jitter     (TSJ):    0.050ns
    Total Input Jitter      (TIJ):    0.000ns
    Discrete Jitter          (DJ):    0.000ns
    Phase Error              (PE):    0.000ns

    Location             Delay type                Incr(ns)  Path(ns)    Netlist Resource(s)
  -------------------------------------------------------------------    -------------------
                                                      0.000     0.000 f  axi_aresetn
                         net (fo=8, unset)            1.038     1.038    core_inst/axi_aresetn
    SLICE_X7Y44          LUT1 (Prop_lut1_I0_O)        0.148     1.186 r  core_inst/s_axi_rdata[31]_i_1/O
                         net (fo=132, routed)         1.763     2.949    p_0_in
    SLICE_X6Y45          FDRE                                         r  s_axi_rdata_reg[1]/R
  -------------------------------------------------------------------    -------------------

                         (clock axi_aclk rise edge)
                                                      0.000     0.000 r  <hidden>
                                                      0.000     0.000 r  axi_aclk
                         net (fo=46, unset)           0.986     0.986    axi_aclk
    SLICE_X6Y45          FDRE                                         r  s_axi_rdata_reg[1]/C

Slack:                    inf
  Source:                 axi_aresetn
                            (input port)
  Destination:            s_axi_rdata_reg[4]/R
                            (rising edge-triggered cell FDRE clocked by axi_aclk  {rise@0.000ns fall@1.250ns period=2.500ns})
  Path Group:             (none)
  Path Type:              Setup (Max at Slow Process Corner)
  Data Path Delay:        2.949ns  (logic 0.148ns (5.019%)  route 2.801ns (94.981%))
  Logic Levels:           1  (LUT1=1)
  Clock Path Skew:        0.986ns (DCD - SCD + CPR)
    Destination Clock Delay (DCD):    0.986ns
    Source Clock Delay      (SCD):    0.000ns
    Clock Pessimism Removal (CPR):    0.000ns
  Clock Uncertainty:      0.025ns  ((TSJ^2 + TIJ^2)^1/2 + DJ) / 2 + PE
    Total System Jitter     (TSJ):    0.050ns
    Total Input Jitter      (TIJ):    0.000ns
    Discrete Jitter          (DJ):    0.000ns
    Phase Error              (PE):    0.000ns

    Location             Delay type                Incr(ns)  Path(ns)    Netlist Resource(s)
  -------------------------------------------------------------------    -------------------
                                                      0.000     0.000 f  axi_aresetn
                         net (fo=8, unset)            1.038     1.038    core_inst/axi_aresetn
    SLICE_X7Y44          LUT1 (Prop_lut1_I0_O)        0.148     1.186 r  core_inst/s_axi_rdata[31]_i_1/O
                         net (fo=132, routed)         1.763     2.949    p_0_in
    SLICE_X6Y45          FDRE                                         r  s_axi_rdata_reg[4]/R
  -------------------------------------------------------------------    -------------------

                         (clock axi_aclk rise edge)
                                                      0.000     0.000 r  <hidden>
                                                      0.000     0.000 r  axi_aclk
                         net (fo=46, unset)           0.986     0.986    axi_aclk
    SLICE_X6Y45          FDRE                                         r  s_axi_rdata_reg[4]/C

Slack:                    inf
  Source:                 axi_aresetn
                            (input port)
  Destination:            s_axi_rdata_reg[5]/R
                            (rising edge-triggered cell FDRE clocked by axi_aclk  {rise@0.000ns fall@1.250ns period=2.500ns})
  Path Group:             (none)
  Path Type:              Setup (Max at Slow Process Corner)
  Data Path Delay:        2.949ns  (logic 0.148ns (5.019%)  route 2.801ns (94.981%))
  Logic Levels:           1  (LUT1=1)
  Clock Path Skew:        0.986ns (DCD - SCD + CPR)
    Destination Clock Delay (DCD):    0.986ns
    Source Clock Delay      (SCD):    0.000ns
    Clock Pessimism Removal (CPR):    0.000ns
  Clock Uncertainty:      0.025ns  ((TSJ^2 + TIJ^2)^1/2 + DJ) / 2 + PE
    Total System Jitter     (TSJ):    0.050ns
    Total Input Jitter      (TIJ):    0.000ns
    Discrete Jitter          (DJ):    0.000ns
    Phase Error              (PE):    0.000ns

    Location             Delay type                Incr(ns)  Path(ns)    Netlist Resource(s)
  -------------------------------------------------------------------    -------------------
                                                      0.000     0.000 f  axi_aresetn
                         net (fo=8, unset)            1.038     1.038    core_inst/axi_aresetn
    SLICE_X7Y44          LUT1 (Prop_lut1_I0_O)        0.148     1.186 r  core_inst/s_axi_rdata[31]_i_1/O
                         net (fo=132, routed)         1.763     2.949    p_0_in
    SLICE_X7Y45          FDRE                                         r  s_axi_rdata_reg[5]/R
  -------------------------------------------------------------------    -------------------

                         (clock axi_aclk rise edge)
                                                      0.000     0.000 r  <hidden>
                                                      0.000     0.000 r  axi_aclk
                         net (fo=46, unset)           0.986     0.986    axi_aclk
    SLICE_X7Y45          FDRE                                         r  s_axi_rdata_reg[5]/C

Slack:                    inf
  Source:                 axi_aresetn
                            (input port)
  Destination:            s_axi_rdata_reg[7]/R
                            (rising edge-triggered cell FDRE clocked by axi_aclk  {rise@0.000ns fall@1.250ns period=2.500ns})
  Path Group:             (none)
  Path Type:              Setup (Max at Slow Process Corner)
  Data Path Delay:        2.949ns  (logic 0.148ns (5.019%)  route 2.801ns (94.981%))
  Logic Levels:           1  (LUT1=1)
  Clock Path Skew:        0.986ns (DCD - SCD + CPR)
    Destination Clock Delay (DCD):    0.986ns
    Source Clock Delay      (SCD):    0.000ns
    Clock Pessimism Removal (CPR):    0.000ns
  Clock Uncertainty:      0.025ns  ((TSJ^2 + TIJ^2)^1/2 + DJ) / 2 + PE
    Total System Jitter     (TSJ):    0.050ns
    Total Input Jitter      (TIJ):    0.000ns
    Discrete Jitter          (DJ):    0.000ns
    Phase Error              (PE):    0.000ns

    Location             Delay type                Incr(ns)  Path(ns)    Netlist Resource(s)
  -------------------------------------------------------------------    -------------------
                                                      0.000     0.000 f  axi_aresetn
                         net (fo=8, unset)            1.038     1.038    core_inst/axi_aresetn
    SLICE_X7Y44          LUT1 (Prop_lut1_I0_O)        0.148     1.186 r  core_inst/s_axi_rdata[31]_i_1/O
                         net (fo=132, routed)         1.763     2.949    p_0_in
    SLICE_X6Y45          FDRE                                         r  s_axi_rdata_reg[7]/R
  -------------------------------------------------------------------    -------------------

                         (clock axi_aclk rise edge)
                                                      0.000     0.000 r  <hidden>
                                                      0.000     0.000 r  axi_aclk
                         net (fo=46, unset)           0.986     0.986    axi_aclk
    SLICE_X6Y45          FDRE                                         r  s_axi_rdata_reg[7]/C

Slack:                    inf
  Source:                 axi_aresetn
                            (input port)
  Destination:            r_threat_mask_reg[1]/S
                            (rising edge-triggered cell FDSE clocked by axi_aclk  {rise@0.000ns fall@1.250ns period=2.500ns})
  Path Group:             (none)
  Path Type:              Setup (Max at Slow Process Corner)
  Data Path Delay:        2.944ns  (logic 0.148ns (5.027%)  route 2.796ns (94.973%))
  Logic Levels:           1  (LUT1=1)
  Clock Path Skew:        0.986ns (DCD - SCD + CPR)
    Destination Clock Delay (DCD):    0.986ns
    Source Clock Delay      (SCD):    0.000ns
    Clock Pessimism Removal (CPR):    0.000ns
  Clock Uncertainty:      0.025ns  ((TSJ^2 + TIJ^2)^1/2 + DJ) / 2 + PE
    Total System Jitter     (TSJ):    0.050ns
    Total Input Jitter      (TIJ):    0.000ns
    Discrete Jitter          (DJ):    0.000ns
    Phase Error              (PE):    0.000ns

    Location             Delay type                Incr(ns)  Path(ns)    Netlist Resource(s)
  -------------------------------------------------------------------    -------------------
                                                      0.000     0.000 f  axi_aresetn
                         net (fo=8, unset)            1.038     1.038    core_inst/axi_aresetn
    SLICE_X7Y44          LUT1 (Prop_lut1_I0_O)        0.148     1.186 r  core_inst/s_axi_rdata[31]_i_1/O
                         net (fo=132, routed)         1.758     2.944    p_0_in
    SLICE_X2Y42          FDSE                                         r  r_threat_mask_reg[1]/S
  -------------------------------------------------------------------    -------------------

                         (clock axi_aclk rise edge)
                                                      0.000     0.000 r  <hidden>
                                                      0.000     0.000 r  axi_aclk
                         net (fo=46, unset)           0.986     0.986    axi_aclk
    SLICE_X2Y42          FDSE                                         r  r_threat_mask_reg[1]/C

Slack:                    inf
  Source:                 axi_aresetn
                            (input port)
  Destination:            s_axi_rdata_reg[27]/R
                            (rising edge-triggered cell FDRE clocked by axi_aclk  {rise@0.000ns fall@1.250ns period=2.500ns})
  Path Group:             (none)
  Path Type:              Setup (Max at Slow Process Corner)
  Data Path Delay:        2.839ns  (logic 0.148ns (5.214%)  route 2.691ns (94.786%))
  Logic Levels:           1  (LUT1=1)
  Clock Path Skew:        0.986ns (DCD - SCD + CPR)
    Destination Clock Delay (DCD):    0.986ns
    Source Clock Delay      (SCD):    0.000ns
    Clock Pessimism Removal (CPR):    0.000ns
  Clock Uncertainty:      0.025ns  ((TSJ^2 + TIJ^2)^1/2 + DJ) / 2 + PE
    Total System Jitter     (TSJ):    0.050ns
    Total Input Jitter      (TIJ):    0.000ns
    Discrete Jitter          (DJ):    0.000ns
    Phase Error              (PE):    0.000ns

    Location             Delay type                Incr(ns)  Path(ns)    Netlist Resource(s)
  -------------------------------------------------------------------    -------------------
                                                      0.000     0.000 f  axi_aresetn
                         net (fo=8, unset)            1.038     1.038    core_inst/axi_aresetn
    SLICE_X7Y44          LUT1 (Prop_lut1_I0_O)        0.148     1.186 r  core_inst/s_axi_rdata[31]_i_1/O
                         net (fo=132, routed)         1.653     2.839    p_0_in
    SLICE_X4Y46          FDRE                                         r  s_axi_rdata_reg[27]/R
  -------------------------------------------------------------------    -------------------

                         (clock axi_aclk rise edge)
                                                      0.000     0.000 r  <hidden>
                                                      0.000     0.000 r  axi_aclk
                         net (fo=46, unset)           0.986     0.986    axi_aclk
    SLICE_X4Y46          FDRE                                         r  s_axi_rdata_reg[27]/C

Slack:                    inf
  Source:                 axi_aresetn
                            (input port)
  Destination:            r_threat_mask_reg[0]/S
                            (rising edge-triggered cell FDSE clocked by axi_aclk  {rise@0.000ns fall@1.250ns period=2.500ns})
  Path Group:             (none)
  Path Type:              Setup (Max at Slow Process Corner)
  Data Path Delay:        2.815ns  (logic 0.148ns (5.258%)  route 2.667ns (94.742%))
  Logic Levels:           1  (LUT1=1)
  Clock Path Skew:        0.986ns (DCD - SCD + CPR)
    Destination Clock Delay (DCD):    0.986ns
    Source Clock Delay      (SCD):    0.000ns
    Clock Pessimism Removal (CPR):    0.000ns
  Clock Uncertainty:      0.025ns  ((TSJ^2 + TIJ^2)^1/2 + DJ) / 2 + PE
    Total System Jitter     (TSJ):    0.050ns
    Total Input Jitter      (TIJ):    0.000ns
    Discrete Jitter          (DJ):    0.000ns
    Phase Error              (PE):    0.000ns

    Location             Delay type                Incr(ns)  Path(ns)    Netlist Resource(s)
  -------------------------------------------------------------------    -------------------
                                                      0.000     0.000 f  axi_aresetn
                         net (fo=8, unset)            1.038     1.038    core_inst/axi_aresetn
    SLICE_X7Y44          LUT1 (Prop_lut1_I0_O)        0.148     1.186 r  core_inst/s_axi_rdata[31]_i_1/O
                         net (fo=132, routed)         1.629     2.815    p_0_in
    SLICE_X0Y43          FDSE                                         r  r_threat_mask_reg[0]/S
  -------------------------------------------------------------------    -------------------

                         (clock axi_aclk rise edge)
                                                      0.000     0.000 r  <hidden>
                                                      0.000     0.000 r  axi_aclk
                         net (fo=46, unset)           0.986     0.986    axi_aclk
    SLICE_X0Y43          FDSE                                         r  r_threat_mask_reg[0]/C





Min Delay Paths
--------------------------------------------------------------------------------------
Slack:                    inf
  Source:                 s_axi_awval
                            (input port)
  Destination:            r_clear_watchdog_reg[0]/D
                            (rising edge-triggered cell FDRE clocked by axi_aclk  {rise@0.000ns fall@1.250ns period=2.500ns})
  Path Group:             (none)
  Path Type:              Hold (Min at Fast Process Corner)
  Data Path Delay:        0.577ns  (logic 0.062ns (10.750%)  route 0.515ns (89.250%))
  Logic Levels:           1  (LUT5=1)
  Clock Path Skew:        0.542ns (DCD - SCD - CPR)
    Destination Clock Delay (DCD):    0.542ns
    Source Clock Delay      (SCD):    0.000ns
    Clock Pessimism Removal (CPR):    -0.000ns

    Location             Delay type                Incr(ns)  Path(ns)    Netlist Resource(s)
  -------------------------------------------------------------------    -------------------
                                                      0.000     0.000 r  s_axi_awval
                         net (fo=6, unset)            0.515     0.515    s_axi_awval
    SLICE_X8Y44          LUT5 (Prop_lut5_I4_O)        0.062     0.577 r  r_clear_watchdog[0]_i_1/O
                         net (fo=1, routed)           0.000     0.577    r_clear_watchdog[0]_i_1_n_0
    SLICE_X8Y44          FDRE                                         r  r_clear_watchdog_reg[0]/D
  -------------------------------------------------------------------    -------------------

                         (clock axi_aclk rise edge)
                                                      0.000     0.000 r  <hidden>
                                                      0.000     0.000 r  axi_aclk
                         net (fo=46, unset)           0.542     0.542    axi_aclk
    SLICE_X8Y44          FDRE                                         r  r_clear_watchdog_reg[0]/C

Slack:                    inf
  Source:                 s_axi_awaddr[2]
                            (input port)
  Destination:            r_paradox_mask_reg[0]/D
                            (rising edge-triggered cell FDRE clocked by axi_aclk  {rise@0.000ns fall@1.250ns period=2.500ns})
  Path Group:             (none)
  Path Type:              Hold (Min at Fast Process Corner)
  Data Path Delay:        0.577ns  (logic 0.062ns (10.750%)  route 0.515ns (89.250%))
  Logic Levels:           1  (LUT6=1)
  Clock Path Skew:        0.542ns (DCD - SCD - CPR)
    Destination Clock Delay (DCD):    0.542ns
    Source Clock Delay      (SCD):    0.000ns
    Clock Pessimism Removal (CPR):    -0.000ns

    Location             Delay type                Incr(ns)  Path(ns)    Netlist Resource(s)
  -------------------------------------------------------------------    -------------------
                                                      0.000     0.000 r  s_axi_awaddr[2]
                         net (fo=4, unset)            0.515     0.515    s_axi_awaddr[2]
    SLICE_X0Y44          LUT6 (Prop_lut6_I4_O)        0.062     0.577 r  r_paradox_mask[0]_i_1/O
                         net (fo=1, routed)           0.000     0.577    r_paradox_mask[0]_i_1_n_0
    SLICE_X0Y44          FDRE                                         r  r_paradox_mask_reg[0]/D
  -------------------------------------------------------------------    -------------------

                         (clock axi_aclk rise edge)
                                                      0.000     0.000 r  <hidden>
                                                      0.000     0.000 r  axi_aclk
                         net (fo=46, unset)           0.542     0.542    axi_aclk
    SLICE_X0Y44          FDRE                                         r  r_paradox_mask_reg[0]/C

Slack:                    inf
  Source:                 s_axi_awaddr[2]
                            (input port)
  Destination:            r_paradox_mask_reg[1]/D
                            (rising edge-triggered cell FDRE clocked by axi_aclk  {rise@0.000ns fall@1.250ns period=2.500ns})
  Path Group:             (none)
  Path Type:              Hold (Min at Fast Process Corner)
  Data Path Delay:        0.577ns  (logic 0.062ns (10.750%)  route 0.515ns (89.250%))
  Logic Levels:           1  (LUT6=1)
  Clock Path Skew:        0.542ns (DCD - SCD - CPR)
    Destination Clock Delay (DCD):    0.542ns
    Source Clock Delay      (SCD):    0.000ns
    Clock Pessimism Removal (CPR):    -0.000ns

    Location             Delay type                Incr(ns)  Path(ns)    Netlist Resource(s)
  -------------------------------------------------------------------    -------------------
                                                      0.000     0.000 r  s_axi_awaddr[2]
                         net (fo=4, unset)            0.515     0.515    s_axi_awaddr[2]
    SLICE_X0Y47          LUT6 (Prop_lut6_I4_O)        0.062     0.577 r  r_paradox_mask[1]_i_1/O
                         net (fo=1, routed)           0.000     0.577    r_paradox_mask[1]_i_1_n_0
    SLICE_X0Y47          FDRE                                         r  r_paradox_mask_reg[1]/D
  -------------------------------------------------------------------    -------------------

                         (clock axi_aclk rise edge)
                                                      0.000     0.000 r  <hidden>
                                                      0.000     0.000 r  axi_aclk
                         net (fo=46, unset)           0.542     0.542    axi_aclk
    SLICE_X0Y47          FDRE                                         r  r_paradox_mask_reg[1]/C

Slack:                    inf
  Source:                 s_axi_awaddr[3]
                            (input port)
  Destination:            r_threat_mask_reg[0]/D
                            (rising edge-triggered cell FDSE clocked by axi_aclk  {rise@0.000ns fall@1.250ns period=2.500ns})
  Path Group:             (none)
  Path Type:              Hold (Min at Fast Process Corner)
  Data Path Delay:        0.577ns  (logic 0.062ns (10.750%)  route 0.515ns (89.250%))
  Logic Levels:           1  (LUT6=1)
  Clock Path Skew:        0.542ns (DCD - SCD - CPR)
    Destination Clock Delay (DCD):    0.542ns
    Source Clock Delay      (SCD):    0.000ns
    Clock Pessimism Removal (CPR):    -0.000ns

    Location             Delay type                Incr(ns)  Path(ns)    Netlist Resource(s)
  -------------------------------------------------------------------    -------------------
                                                      0.000     0.000 r  s_axi_awaddr[3]
                         net (fo=4, unset)            0.515     0.515    s_axi_awaddr[3]
    SLICE_X0Y43          LUT6 (Prop_lut6_I4_O)        0.062     0.577 r  r_threat_mask[0]_i_1/O
                         net (fo=1, routed)           0.000     0.577    r_threat_mask[0]_i_1_n_0
    SLICE_X0Y43          FDSE                                         r  r_threat_mask_reg[0]/D
  -------------------------------------------------------------------    -------------------

                         (clock axi_aclk rise edge)
                                                      0.000     0.000 r  <hidden>
                                                      0.000     0.000 r  axi_aclk
                         net (fo=46, unset)           0.542     0.542    axi_aclk
    SLICE_X0Y43          FDSE                                         r  r_threat_mask_reg[0]/C

Slack:                    inf
  Source:                 s_axi_awaddr[3]
                            (input port)
  Destination:            r_threat_mask_reg[1]/D
                            (rising edge-triggered cell FDSE clocked by axi_aclk  {rise@0.000ns fall@1.250ns period=2.500ns})
  Path Group:             (none)
  Path Type:              Hold (Min at Fast Process Corner)
  Data Path Delay:        0.577ns  (logic 0.062ns (10.750%)  route 0.515ns (89.250%))
  Logic Levels:           1  (LUT6=1)
  Clock Path Skew:        0.542ns (DCD - SCD - CPR)
    Destination Clock Delay (DCD):    0.542ns
    Source Clock Delay      (SCD):    0.000ns
    Clock Pessimism Removal (CPR):    -0.000ns

    Location             Delay type                Incr(ns)  Path(ns)    Netlist Resource(s)
  -------------------------------------------------------------------    -------------------
                                                      0.000     0.000 r  s_axi_awaddr[3]
                         net (fo=4, unset)            0.515     0.515    s_axi_awaddr[3]
    SLICE_X2Y42          LUT6 (Prop_lut6_I4_O)        0.062     0.577 r  r_threat_mask[1]_i_1/O
                         net (fo=1, routed)           0.000     0.577    r_threat_mask[1]_i_1_n_0
    SLICE_X2Y42          FDSE                                         r  r_threat_mask_reg[1]/D
  -------------------------------------------------------------------    -------------------

                         (clock axi_aclk rise edge)
                                                      0.000     0.000 r  <hidden>
                                                      0.000     0.000 r  axi_aclk
                         net (fo=46, unset)           0.542     0.542    axi_aclk
    SLICE_X2Y42          FDSE                                         r  r_threat_mask_reg[1]/C

Slack:                    inf
  Source:                 axi_aresetn
                            (input port)
  Destination:            s_axi_bval_reg/D
                            (rising edge-triggered cell FDRE clocked by axi_aclk  {rise@0.000ns fall@1.250ns period=2.500ns})
  Path Group:             (none)
  Path Type:              Hold (Min at Fast Process Corner)
  Data Path Delay:        0.577ns  (logic 0.062ns (10.750%)  route 0.515ns (89.250%))
  Logic Levels:           1  (LUT5=1)
  Clock Path Skew:        0.542ns (DCD - SCD - CPR)
    Destination Clock Delay (DCD):    0.542ns
    Source Clock Delay      (SCD):    0.000ns
    Clock Pessimism Removal (CPR):    -0.000ns

    Location             Delay type                Incr(ns)  Path(ns)    Netlist Resource(s)
  -------------------------------------------------------------------    -------------------
                                                      0.000     0.000 r  axi_aresetn
                         net (fo=8, unset)            0.515     0.515    axi_aresetn
    SLICE_X20Y48         LUT5 (Prop_lut5_I4_O)        0.062     0.577 r  s_axi_bval_i_1/O
                         net (fo=1, routed)           0.000     0.577    s_axi_bval_i_1_n_0
    SLICE_X20Y48         FDRE                                         r  s_axi_bval_reg/D
  -------------------------------------------------------------------    -------------------

                         (clock axi_aclk rise edge)
                                                      0.000     0.000 r  <hidden>
                                                      0.000     0.000 r  axi_aclk
                         net (fo=46, unset)           0.542     0.542    axi_aclk
    SLICE_X20Y48         FDRE                                         r  s_axi_bval_reg/C

Slack:                    inf
  Source:                 s_axi_araddr[2]
                            (input port)
  Destination:            s_axi_rdata_reg[0]/D
                            (rising edge-triggered cell FDRE clocked by axi_aclk  {rise@0.000ns fall@1.250ns period=2.500ns})
  Path Group:             (none)
  Path Type:              Hold (Min at Fast Process Corner)
  Data Path Delay:        0.577ns  (logic 0.062ns (10.750%)  route 0.515ns (89.250%))
  Logic Levels:           1  (LUT5=1)
  Clock Path Skew:        0.542ns (DCD - SCD - CPR)
    Destination Clock Delay (DCD):    0.542ns
    Source Clock Delay      (SCD):    0.000ns
    Clock Pessimism Removal (CPR):    -0.000ns

    Location             Delay type                Incr(ns)  Path(ns)    Netlist Resource(s)
  -------------------------------------------------------------------    -------------------
                                                      0.000     0.000 r  s_axi_araddr[2]
                         net (fo=31, unset)           0.515     0.515    core_inst/s_axi_araddr[0]
    SLICE_X6Y45          LUT5 (Prop_lut5_I3_O)        0.062     0.577 r  core_inst/s_axi_rdata[0]_i_1/O
                         net (fo=1, routed)           0.000     0.577    p_1_in[0]
    SLICE_X6Y45          FDRE                                         r  s_axi_rdata_reg[0]/D
  -------------------------------------------------------------------    -------------------

                         (clock axi_aclk rise edge)
                                                      0.000     0.000 r  <hidden>
                                                      0.000     0.000 r  axi_aclk
                         net (fo=46, unset)           0.542     0.542    axi_aclk
    SLICE_X6Y45          FDRE                                         r  s_axi_rdata_reg[0]/C

Slack:                    inf
  Source:                 s_axi_araddr[2]
                            (input port)
  Destination:            s_axi_rdata_reg[10]/D
                            (rising edge-triggered cell FDRE clocked by axi_aclk  {rise@0.000ns fall@1.250ns period=2.500ns})
  Path Group:             (none)
  Path Type:              Hold (Min at Fast Process Corner)
  Data Path Delay:        0.577ns  (logic 0.062ns (10.750%)  route 0.515ns (89.250%))
  Logic Levels:           1  (LUT5=1)
  Clock Path Skew:        0.542ns (DCD - SCD - CPR)
    Destination Clock Delay (DCD):    0.542ns
    Source Clock Delay      (SCD):    0.000ns
    Clock Pessimism Removal (CPR):    -0.000ns

    Location             Delay type                Incr(ns)  Path(ns)    Netlist Resource(s)
  -------------------------------------------------------------------    -------------------
                                                      0.000     0.000 r  s_axi_araddr[2]
                         net (fo=31, unset)           0.515     0.515    core_inst/s_axi_araddr[0]
    SLICE_X7Y45          LUT5 (Prop_lut5_I3_O)        0.062     0.577 r  core_inst/s_axi_rdata[10]_i_1/O
                         net (fo=1, routed)           0.000     0.577    p_1_in[10]
    SLICE_X7Y45          FDRE                                         r  s_axi_rdata_reg[10]/D
  -------------------------------------------------------------------    -------------------

                         (clock axi_aclk rise edge)
                                                      0.000     0.000 r  <hidden>
                                                      0.000     0.000 r  axi_aclk
                         net (fo=46, unset)           0.542     0.542    axi_aclk
    SLICE_X7Y45          FDRE                                         r  s_axi_rdata_reg[10]/C

Slack:                    inf
  Source:                 s_axi_araddr[2]
                            (input port)
  Destination:            s_axi_rdata_reg[11]/D
                            (rising edge-triggered cell FDRE clocked by axi_aclk  {rise@0.000ns fall@1.250ns period=2.500ns})
  Path Group:             (none)
  Path Type:              Hold (Min at Fast Process Corner)
  Data Path Delay:        0.577ns  (logic 0.062ns (10.750%)  route 0.515ns (89.250%))
  Logic Levels:           1  (LUT5=1)
  Clock Path Skew:        0.542ns (DCD - SCD - CPR)
    Destination Clock Delay (DCD):    0.542ns
    Source Clock Delay      (SCD):    0.000ns
    Clock Pessimism Removal (CPR):    -0.000ns

    Location             Delay type                Incr(ns)  Path(ns)    Netlist Resource(s)
  -------------------------------------------------------------------    -------------------
                                                      0.000     0.000 r  s_axi_araddr[2]
                         net (fo=31, unset)           0.515     0.515    core_inst/s_axi_araddr[0]
    SLICE_X7Y45          LUT5 (Prop_lut5_I3_O)        0.062     0.577 r  core_inst/s_axi_rdata[11]_i_1/O
                         net (fo=1, routed)           0.000     0.577    p_1_in[11]
    SLICE_X7Y45          FDRE                                         r  s_axi_rdata_reg[11]/D
  -------------------------------------------------------------------    -------------------

                         (clock axi_aclk rise edge)
                                                      0.000     0.000 r  <hidden>
                                                      0.000     0.000 r  axi_aclk
                         net (fo=46, unset)           0.542     0.542    axi_aclk
    SLICE_X7Y45          FDRE                                         r  s_axi_rdata_reg[11]/C

Slack:                    inf
  Source:                 s_axi_araddr[2]
                            (input port)
  Destination:            s_axi_rdata_reg[12]/D
                            (rising edge-triggered cell FDRE clocked by axi_aclk  {rise@0.000ns fall@1.250ns period=2.500ns})
  Path Group:             (none)
  Path Type:              Hold (Min at Fast Process Corner)
  Data Path Delay:        0.577ns  (logic 0.062ns (10.750%)  route 0.515ns (89.250%))
  Logic Levels:           1  (LUT5=1)
  Clock Path Skew:        0.542ns (DCD - SCD - CPR)
    Destination Clock Delay (DCD):    0.542ns
    Source Clock Delay      (SCD):    0.000ns
    Clock Pessimism Removal (CPR):    -0.000ns

    Location             Delay type                Incr(ns)  Path(ns)    Netlist Resource(s)
  -------------------------------------------------------------------    -------------------
                                                      0.000     0.000 r  s_axi_araddr[2]
                         net (fo=31, unset)           0.515     0.515    core_inst/s_axi_araddr[0]
    SLICE_X6Y46          LUT5 (Prop_lut5_I3_O)        0.062     0.577 r  core_inst/s_axi_rdata[12]_i_1/O
                         net (fo=1, routed)           0.000     0.577    p_1_in[12]
    SLICE_X6Y46          FDRE                                         r  s_axi_rdata_reg[12]/D
  -------------------------------------------------------------------    -------------------

                         (clock axi_aclk rise edge)
                                                      0.000     0.000 r  <hidden>
                                                      0.000     0.000 r  axi_aclk
                         net (fo=46, unset)           0.542     0.542    axi_aclk
    SLICE_X6Y46          FDRE                                         r  s_axi_rdata_reg[12]/C





--------------------------------------------------------------------------------------
Path Group:  (none)
From Clock:  
  To Clock:  phy_rx_clk

Max Delay           104 Endpoints
Min Delay           104 Endpoints
--------------------------------------------------------------------------------------


Max Delay Paths
--------------------------------------------------------------------------------------
Slack:                    inf
  Source:                 axi_aresetn
                            (input port)
  Destination:            core_inst/r_count_anomaly_reg[10]/R
                            (rising edge-triggered cell FDRE clocked by phy_rx_clk  {rise@0.000ns fall@4.000ns period=8.000ns})
  Path Group:             (none)
  Path Type:              Setup (Max at Slow Process Corner)
  Data Path Delay:        2.836ns  (logic 0.148ns (5.220%)  route 2.688ns (94.780%))
  Logic Levels:           1  (LUT1=1)
  Clock Path Skew:        2.818ns (DCD - SCD + CPR)
    Destination Clock Delay (DCD):    2.818ns
    Source Clock Delay      (SCD):    0.000ns
    Clock Pessimism Removal (CPR):    0.000ns
  Clock Uncertainty:      0.025ns  ((TSJ^2 + TIJ^2)^1/2 + DJ) / 2 + PE
    Total System Jitter     (TSJ):    0.050ns
    Total Input Jitter      (TIJ):    0.000ns
    Discrete Jitter          (DJ):    0.000ns
    Phase Error              (PE):    0.000ns

    Location             Delay type                Incr(ns)  Path(ns)    Netlist Resource(s)
  -------------------------------------------------------------------    -------------------
                                                      0.000     0.000 f  axi_aresetn
                         net (fo=8, unset)            1.038     1.038    core_inst/axi_aresetn
    SLICE_X7Y44          LUT1 (Prop_lut1_I0_O)        0.148     1.186 r  core_inst/s_axi_rdata[31]_i_1/O
                         net (fo=132, routed)         1.650     2.836    core_inst/p_0_in
    SLICE_X5Y46          FDRE                                         r  core_inst/r_count_anomaly_reg[10]/R
  -------------------------------------------------------------------    -------------------

                         (clock phy_rx_clk rise edge)
                                                      0.000     0.000 r  <hidden>
                                                      0.000     0.000 r  phy_rx_clk
                         net (fo=0)                   0.986     0.986    core_inst/phy_rx_clk
    BUFGCTRL_X0Y16       BUFG (Prop_bufg_I_O)         0.124     1.110 r  core_inst/clk_buffer_inst/O
                         net (fo=106, routed)         1.708     2.818    core_inst/phy_rx_clk_buffered
    SLICE_X5Y46          FDRE                                         r  core_inst/r_count_anomaly_reg[10]/C

Slack:                    inf
  Source:                 axi_aresetn
                            (input port)
  Destination:            core_inst/r_count_anomaly_reg[11]/R
                            (rising edge-triggered cell FDRE clocked by phy_rx_clk  {rise@0.000ns fall@4.000ns period=8.000ns})
  Path Group:             (none)
  Path Type:              Setup (Max at Slow Process Corner)
  Data Path Delay:        2.836ns  (logic 0.148ns (5.220%)  route 2.688ns (94.780%))
  Logic Levels:           1  (LUT1=1)
  Clock Path Skew:        2.818ns (DCD - SCD + CPR)
    Destination Clock Delay (DCD):    2.818ns
    Source Clock Delay      (SCD):    0.000ns
    Clock Pessimism Removal (CPR):    0.000ns
  Clock Uncertainty:      0.025ns  ((TSJ^2 + TIJ^2)^1/2 + DJ) / 2 + PE
    Total System Jitter     (TSJ):    0.050ns
    Total Input Jitter      (TIJ):    0.000ns
    Discrete Jitter          (DJ):    0.000ns
    Phase Error              (PE):    0.000ns

    Location             Delay type                Incr(ns)  Path(ns)    Netlist Resource(s)
  -------------------------------------------------------------------    -------------------
                                                      0.000     0.000 f  axi_aresetn
                         net (fo=8, unset)            1.038     1.038    core_inst/axi_aresetn
    SLICE_X7Y44          LUT1 (Prop_lut1_I0_O)        0.148     1.186 r  core_inst/s_axi_rdata[31]_i_1/O
                         net (fo=132, routed)         1.650     2.836    core_inst/p_0_in
    SLICE_X5Y46          FDRE                                         r  core_inst/r_count_anomaly_reg[11]/R
  -------------------------------------------------------------------    -------------------

                         (clock phy_rx_clk rise edge)
                                                      0.000     0.000 r  <hidden>
                                                      0.000     0.000 r  phy_rx_clk
                         net (fo=0)                   0.986     0.986    core_inst/phy_rx_clk
    BUFGCTRL_X0Y16       BUFG (Prop_bufg_I_O)         0.124     1.110 r  core_inst/clk_buffer_inst/O
                         net (fo=106, routed)         1.708     2.818    core_inst/phy_rx_clk_buffered
    SLICE_X5Y46          FDRE                                         r  core_inst/r_count_anomaly_reg[11]/C

Slack:                    inf
  Source:                 axi_aresetn
                            (input port)
  Destination:            core_inst/r_count_anomaly_reg[8]/R
                            (rising edge-triggered cell FDRE clocked by phy_rx_clk  {rise@0.000ns fall@4.000ns period=8.000ns})
  Path Group:             (none)
  Path Type:              Setup (Max at Slow Process Corner)
  Data Path Delay:        2.836ns  (logic 0.148ns (5.220%)  route 2.688ns (94.780%))
  Logic Levels:           1  (LUT1=1)
  Clock Path Skew:        2.818ns (DCD - SCD + CPR)
    Destination Clock Delay (DCD):    2.818ns
    Source Clock Delay      (SCD):    0.000ns
    Clock Pessimism Removal (CPR):    0.000ns
  Clock Uncertainty:      0.025ns  ((TSJ^2 + TIJ^2)^1/2 + DJ) / 2 + PE
    Total System Jitter     (TSJ):    0.050ns
    Total Input Jitter      (TIJ):    0.000ns
    Discrete Jitter          (DJ):    0.000ns
    Phase Error              (PE):    0.000ns

    Location             Delay type                Incr(ns)  Path(ns)    Netlist Resource(s)
  -------------------------------------------------------------------    -------------------
                                                      0.000     0.000 f  axi_aresetn
                         net (fo=8, unset)            1.038     1.038    core_inst/axi_aresetn
    SLICE_X7Y44          LUT1 (Prop_lut1_I0_O)        0.148     1.186 r  core_inst/s_axi_rdata[31]_i_1/O
                         net (fo=132, routed)         1.650     2.836    core_inst/p_0_in
    SLICE_X5Y46          FDRE                                         r  core_inst/r_count_anomaly_reg[8]/R
  -------------------------------------------------------------------    -------------------

                         (clock phy_rx_clk rise edge)
                                                      0.000     0.000 r  <hidden>
                                                      0.000     0.000 r  phy_rx_clk
                         net (fo=0)                   0.986     0.986    core_inst/phy_rx_clk
    BUFGCTRL_X0Y16       BUFG (Prop_bufg_I_O)         0.124     1.110 r  core_inst/clk_buffer_inst/O
                         net (fo=106, routed)         1.708     2.818    core_inst/phy_rx_clk_buffered
    SLICE_X5Y46          FDRE                                         r  core_inst/r_count_anomaly_reg[8]/C

Slack:                    inf
  Source:                 axi_aresetn
                            (input port)
  Destination:            core_inst/r_count_anomaly_reg[9]/R
                            (rising edge-triggered cell FDRE clocked by phy_rx_clk  {rise@0.000ns fall@4.000ns period=8.000ns})
  Path Group:             (none)
  Path Type:              Setup (Max at Slow Process Corner)
  Data Path Delay:        2.836ns  (logic 0.148ns (5.220%)  route 2.688ns (94.780%))
  Logic Levels:           1  (LUT1=1)
  Clock Path Skew:        2.818ns (DCD - SCD + CPR)
    Destination Clock Delay (DCD):    2.818ns
    Source Clock Delay      (SCD):    0.000ns
    Clock Pessimism Removal (CPR):    0.000ns
  Clock Uncertainty:      0.025ns  ((TSJ^2 + TIJ^2)^1/2 + DJ) / 2 + PE
    Total System Jitter     (TSJ):    0.050ns
    Total Input Jitter      (TIJ):    0.000ns
    Discrete Jitter          (DJ):    0.000ns
    Phase Error              (PE):    0.000ns

    Location             Delay type                Incr(ns)  Path(ns)    Netlist Resource(s)
  -------------------------------------------------------------------    -------------------
                                                      0.000     0.000 f  axi_aresetn
                         net (fo=8, unset)            1.038     1.038    core_inst/axi_aresetn
    SLICE_X7Y44          LUT1 (Prop_lut1_I0_O)        0.148     1.186 r  core_inst/s_axi_rdata[31]_i_1/O
                         net (fo=132, routed)         1.650     2.836    core_inst/p_0_in
    SLICE_X5Y46          FDRE                                         r  core_inst/r_count_anomaly_reg[9]/R
  -------------------------------------------------------------------    -------------------

                         (clock phy_rx_clk rise edge)
                                                      0.000     0.000 r  <hidden>
                                                      0.000     0.000 r  phy_rx_clk
                         net (fo=0)                   0.986     0.986    core_inst/phy_rx_clk
    BUFGCTRL_X0Y16       BUFG (Prop_bufg_I_O)         0.124     1.110 r  core_inst/clk_buffer_inst/O
                         net (fo=106, routed)         1.708     2.818    core_inst/phy_rx_clk_buffered
    SLICE_X5Y46          FDRE                                         r  core_inst/r_count_anomaly_reg[9]/C

Slack:                    inf
  Source:                 axi_aresetn
                            (input port)
  Destination:            core_inst/r_count_clean_reg[24]/R
                            (rising edge-triggered cell FDRE clocked by phy_rx_clk  {rise@0.000ns fall@4.000ns period=8.000ns})
  Path Group:             (none)
  Path Type:              Setup (Max at Slow Process Corner)
  Data Path Delay:        2.810ns  (logic 0.148ns (5.267%)  route 2.662ns (94.733%))
  Logic Levels:           1  (LUT1=1)
  Clock Path Skew:        2.800ns (DCD - SCD + CPR)
    Destination Clock Delay (DCD):    2.800ns
    Source Clock Delay      (SCD):    0.000ns
    Clock Pessimism Removal (CPR):    0.000ns
  Clock Uncertainty:      0.025ns  ((TSJ^2 + TIJ^2)^1/2 + DJ) / 2 + PE
    Total System Jitter     (TSJ):    0.050ns
    Total Input Jitter      (TIJ):    0.000ns
    Discrete Jitter          (DJ):    0.000ns
    Phase Error              (PE):    0.000ns

    Location             Delay type                Incr(ns)  Path(ns)    Netlist Resource(s)
  -------------------------------------------------------------------    -------------------
                                                      0.000     0.000 f  axi_aresetn
                         net (fo=8, unset)            1.038     1.038    core_inst/axi_aresetn
    SLICE_X7Y44          LUT1 (Prop_lut1_I0_O)        0.148     1.186 r  core_inst/s_axi_rdata[31]_i_1/O
                         net (fo=132, routed)         1.624     2.810    core_inst/p_0_in
    SLICE_X6Y54          FDRE                                         r  core_inst/r_count_clean_reg[24]/R
  -------------------------------------------------------------------    -------------------

                         (clock phy_rx_clk rise edge)
                                                      0.000     0.000 r  <hidden>
                                                      0.000     0.000 r  phy_rx_clk
                         net (fo=0)                   0.986     0.986    core_inst/phy_rx_clk
    BUFGCTRL_X0Y16       BUFG (Prop_bufg_I_O)         0.124     1.110 r  core_inst/clk_buffer_inst/O
                         net (fo=106, routed)         1.690     2.800    core_inst/phy_rx_clk_buffered
    SLICE_X6Y54          FDRE                                         r  core_inst/r_count_clean_reg[24]/C

Slack:                    inf
  Source:                 axi_aresetn
                            (input port)
  Destination:            core_inst/r_count_clean_reg[25]/R
                            (rising edge-triggered cell FDRE clocked by phy_rx_clk  {rise@0.000ns fall@4.000ns period=8.000ns})
  Path Group:             (none)
  Path Type:              Setup (Max at Slow Process Corner)
  Data Path Delay:        2.810ns  (logic 0.148ns (5.267%)  route 2.662ns (94.733%))
  Logic Levels:           1  (LUT1=1)
  Clock Path Skew:        2.800ns (DCD - SCD + CPR)
    Destination Clock Delay (DCD):    2.800ns
    Source Clock Delay      (SCD):    0.000ns
    Clock Pessimism Removal (CPR):    0.000ns
  Clock Uncertainty:      0.025ns  ((TSJ^2 + TIJ^2)^1/2 + DJ) / 2 + PE
    Total System Jitter     (TSJ):    0.050ns
    Total Input Jitter      (TIJ):    0.000ns
    Discrete Jitter          (DJ):    0.000ns
    Phase Error              (PE):    0.000ns

    Location             Delay type                Incr(ns)  Path(ns)    Netlist Resource(s)
  -------------------------------------------------------------------    -------------------
                                                      0.000     0.000 f  axi_aresetn
                         net (fo=8, unset)            1.038     1.038    core_inst/axi_aresetn
    SLICE_X7Y44          LUT1 (Prop_lut1_I0_O)        0.148     1.186 r  core_inst/s_axi_rdata[31]_i_1/O
                         net (fo=132, routed)         1.624     2.810    core_inst/p_0_in
    SLICE_X6Y54          FDRE                                         r  core_inst/r_count_clean_reg[25]/R
  -------------------------------------------------------------------    -------------------

                         (clock phy_rx_clk rise edge)
                                                      0.000     0.000 r  <hidden>
                                                      0.000     0.000 r  phy_rx_clk
                         net (fo=0)                   0.986     0.986    core_inst/phy_rx_clk
    BUFGCTRL_X0Y16       BUFG (Prop_bufg_I_O)         0.124     1.110 r  core_inst/clk_buffer_inst/O
                         net (fo=106, routed)         1.690     2.800    core_inst/phy_rx_clk_buffered
    SLICE_X6Y54          FDRE                                         r  core_inst/r_count_clean_reg[25]/C

Slack:                    inf
  Source:                 axi_aresetn
                            (input port)
  Destination:            core_inst/r_count_clean_reg[26]/R
                            (rising edge-triggered cell FDRE clocked by phy_rx_clk  {rise@0.000ns fall@4.000ns period=8.000ns})
  Path Group:             (none)
  Path Type:              Setup (Max at Slow Process Corner)
  Data Path Delay:        2.810ns  (logic 0.148ns (5.267%)  route 2.662ns (94.733%))
  Logic Levels:           1  (LUT1=1)
  Clock Path Skew:        2.800ns (DCD - SCD + CPR)
    Destination Clock Delay (DCD):    2.800ns
    Source Clock Delay      (SCD):    0.000ns
    Clock Pessimism Removal (CPR):    0.000ns
  Clock Uncertainty:      0.025ns  ((TSJ^2 + TIJ^2)^1/2 + DJ) / 2 + PE
    Total System Jitter     (TSJ):    0.050ns
    Total Input Jitter      (TIJ):    0.000ns
    Discrete Jitter          (DJ):    0.000ns
    Phase Error              (PE):    0.000ns

    Location             Delay type                Incr(ns)  Path(ns)    Netlist Resource(s)
  -------------------------------------------------------------------    -------------------
                                                      0.000     0.000 f  axi_aresetn
                         net (fo=8, unset)            1.038     1.038    core_inst/axi_aresetn
    SLICE_X7Y44          LUT1 (Prop_lut1_I0_O)        0.148     1.186 r  core_inst/s_axi_rdata[31]_i_1/O
                         net (fo=132, routed)         1.624     2.810    core_inst/p_0_in
    SLICE_X6Y54          FDRE                                         r  core_inst/r_count_clean_reg[26]/R
  -------------------------------------------------------------------    -------------------

                         (clock phy_rx_clk rise edge)
                                                      0.000     0.000 r  <hidden>
                                                      0.000     0.000 r  phy_rx_clk
                         net (fo=0)                   0.986     0.986    core_inst/phy_rx_clk
    BUFGCTRL_X0Y16       BUFG (Prop_bufg_I_O)         0.124     1.110 r  core_inst/clk_buffer_inst/O
                         net (fo=106, routed)         1.690     2.800    core_inst/phy_rx_clk_buffered
    SLICE_X6Y54          FDRE                                         r  core_inst/r_count_clean_reg[26]/C

Slack:                    inf
  Source:                 axi_aresetn
                            (input port)
  Destination:            core_inst/r_count_clean_reg[27]/R
                            (rising edge-triggered cell FDRE clocked by phy_rx_clk  {rise@0.000ns fall@4.000ns period=8.000ns})
  Path Group:             (none)
  Path Type:              Setup (Max at Slow Process Corner)
  Data Path Delay:        2.810ns  (logic 0.148ns (5.267%)  route 2.662ns (94.733%))
  Logic Levels:           1  (LUT1=1)
  Clock Path Skew:        2.800ns (DCD - SCD + CPR)
    Destination Clock Delay (DCD):    2.800ns
    Source Clock Delay      (SCD):    0.000ns
    Clock Pessimism Removal (CPR):    0.000ns
  Clock Uncertainty:      0.025ns  ((TSJ^2 + TIJ^2)^1/2 + DJ) / 2 + PE
    Total System Jitter     (TSJ):    0.050ns
    Total Input Jitter      (TIJ):    0.000ns
    Discrete Jitter          (DJ):    0.000ns
    Phase Error              (PE):    0.000ns

    Location             Delay type                Incr(ns)  Path(ns)    Netlist Resource(s)
  -------------------------------------------------------------------    -------------------
                                                      0.000     0.000 f  axi_aresetn
                         net (fo=8, unset)            1.038     1.038    core_inst/axi_aresetn
    SLICE_X7Y44          LUT1 (Prop_lut1_I0_O)        0.148     1.186 r  core_inst/s_axi_rdata[31]_i_1/O
                         net (fo=132, routed)         1.624     2.810    core_inst/p_0_in
    SLICE_X6Y54          FDRE                                         r  core_inst/r_count_clean_reg[27]/R
  -------------------------------------------------------------------    -------------------

                         (clock phy_rx_clk rise edge)
                                                      0.000     0.000 r  <hidden>
                                                      0.000     0.000 r  phy_rx_clk
                         net (fo=0)                   0.986     0.986    core_inst/phy_rx_clk
    BUFGCTRL_X0Y16       BUFG (Prop_bufg_I_O)         0.124     1.110 r  core_inst/clk_buffer_inst/O
                         net (fo=106, routed)         1.690     2.800    core_inst/phy_rx_clk_buffered
    SLICE_X6Y54          FDRE                                         r  core_inst/r_count_clean_reg[27]/C

Slack:                    inf
  Source:                 axi_aresetn
                            (input port)
  Destination:            core_inst/r_count_clean_reg[28]/R
                            (rising edge-triggered cell FDRE clocked by phy_rx_clk  {rise@0.000ns fall@4.000ns period=8.000ns})
  Path Group:             (none)
  Path Type:              Setup (Max at Slow Process Corner)
  Data Path Delay:        2.809ns  (logic 0.148ns (5.268%)  route 2.661ns (94.732%))
  Logic Levels:           1  (LUT1=1)
  Clock Path Skew:        2.800ns (DCD - SCD + CPR)
    Destination Clock Delay (DCD):    2.800ns
    Source Clock Delay      (SCD):    0.000ns
    Clock Pessimism Removal (CPR):    0.000ns
  Clock Uncertainty:      0.025ns  ((TSJ^2 + TIJ^2)^1/2 + DJ) / 2 + PE
    Total System Jitter     (TSJ):    0.050ns
    Total Input Jitter      (TIJ):    0.000ns
    Discrete Jitter          (DJ):    0.000ns
    Phase Error              (PE):    0.000ns

    Location             Delay type                Incr(ns)  Path(ns)    Netlist Resource(s)
  -------------------------------------------------------------------    -------------------
                                                      0.000     0.000 f  axi_aresetn
                         net (fo=8, unset)            1.038     1.038    core_inst/axi_aresetn
    SLICE_X7Y44          LUT1 (Prop_lut1_I0_O)        0.148     1.186 r  core_inst/s_axi_rdata[31]_i_1/O
                         net (fo=132, routed)         1.623     2.809    core_inst/p_0_in
    SLICE_X6Y55          FDRE                                         r  core_inst/r_count_clean_reg[28]/R
  -------------------------------------------------------------------    -------------------

                         (clock phy_rx_clk rise edge)
                                                      0.000     0.000 r  <hidden>
                                                      0.000     0.000 r  phy_rx_clk
                         net (fo=0)                   0.986     0.986    core_inst/phy_rx_clk
    BUFGCTRL_X0Y16       BUFG (Prop_bufg_I_O)         0.124     1.110 r  core_inst/clk_buffer_inst/O
                         net (fo=106, routed)         1.690     2.800    core_inst/phy_rx_clk_buffered
    SLICE_X6Y55          FDRE                                         r  core_inst/r_count_clean_reg[28]/C

Slack:                    inf
  Source:                 axi_aresetn
                            (input port)
  Destination:            core_inst/r_count_clean_reg[29]/R
                            (rising edge-triggered cell FDRE clocked by phy_rx_clk  {rise@0.000ns fall@4.000ns period=8.000ns})
  Path Group:             (none)
  Path Type:              Setup (Max at Slow Process Corner)
  Data Path Delay:        2.809ns  (logic 0.148ns (5.268%)  route 2.661ns (94.732%))
  Logic Levels:           1  (LUT1=1)
  Clock Path Skew:        2.800ns (DCD - SCD + CPR)
    Destination Clock Delay (DCD):    2.800ns
    Source Clock Delay      (SCD):    0.000ns
    Clock Pessimism Removal (CPR):    0.000ns
  Clock Uncertainty:      0.025ns  ((TSJ^2 + TIJ^2)^1/2 + DJ) / 2 + PE
    Total System Jitter     (TSJ):    0.050ns
    Total Input Jitter      (TIJ):    0.000ns
    Discrete Jitter          (DJ):    0.000ns
    Phase Error              (PE):    0.000ns

    Location             Delay type                Incr(ns)  Path(ns)    Netlist Resource(s)
  -------------------------------------------------------------------    -------------------
                                                      0.000     0.000 f  axi_aresetn
                         net (fo=8, unset)            1.038     1.038    core_inst/axi_aresetn
    SLICE_X7Y44          LUT1 (Prop_lut1_I0_O)        0.148     1.186 r  core_inst/s_axi_rdata[31]_i_1/O
                         net (fo=132, routed)         1.623     2.809    core_inst/p_0_in
    SLICE_X6Y55          FDRE                                         r  core_inst/r_count_clean_reg[29]/R
  -------------------------------------------------------------------    -------------------

                         (clock phy_rx_clk rise edge)
                                                      0.000     0.000 r  <hidden>
                                                      0.000     0.000 r  phy_rx_clk
                         net (fo=0)                   0.986     0.986    core_inst/phy_rx_clk
    BUFGCTRL_X0Y16       BUFG (Prop_bufg_I_O)         0.124     1.110 r  core_inst/clk_buffer_inst/O
                         net (fo=106, routed)         1.690     2.800    core_inst/phy_rx_clk_buffered
    SLICE_X6Y55          FDRE                                         r  core_inst/r_count_clean_reg[29]/C





Min Delay Paths
--------------------------------------------------------------------------------------
Slack:                    inf
  Source:                 phy_rx_dv
                            (input port)
  Destination:            core_inst/r_phy_rx_dv_pipe_reg/D
                            (rising edge-triggered cell FDRE clocked by phy_rx_clk  {rise@0.000ns fall@4.000ns period=8.000ns})
  Path Group:             (none)
  Path Type:              Hold (Min at Fast Process Corner)
  Data Path Delay:        0.515ns  (logic 0.000ns (0.000%)  route 0.515ns (100.000%))
  Logic Levels:           0  
  Clock Path Skew:        1.719ns (DCD - SCD - CPR)
    Destination Clock Delay (DCD):    1.719ns
    Source Clock Delay      (SCD):    0.000ns
    Clock Pessimism Removal (CPR):    -0.000ns

    Location             Delay type                Incr(ns)  Path(ns)    Netlist Resource(s)
  -------------------------------------------------------------------    -------------------
                                                      0.000     0.000 r  phy_rx_dv
                         net (fo=0)                   0.515     0.515    core_inst/phy_rx_dv
    SLICE_X3Y43          FDRE                                         r  core_inst/r_phy_rx_dv_pipe_reg/D
  -------------------------------------------------------------------    -------------------

                         (clock phy_rx_clk rise edge)
                                                      0.000     0.000 r  <hidden>
                                                      0.000     0.000 r  phy_rx_clk
                         net (fo=0)                   0.542     0.542    core_inst/phy_rx_clk
    BUFGCTRL_X0Y16       BUFG (Prop_bufg_I_O)         0.046     0.588 r  core_inst/clk_buffer_inst/O
                         net (fo=106, routed)         1.131     1.719    core_inst/phy_rx_clk_buffered
    SLICE_X3Y43          FDRE                                         r  core_inst/r_phy_rx_dv_pipe_reg/C

Slack:                    inf
  Source:                 phy_rxd[0]
                            (input port)
  Destination:            core_inst/r_phy_rxd_pipe_reg[0]/D
                            (rising edge-triggered cell FDRE clocked by phy_rx_clk  {rise@0.000ns fall@4.000ns period=8.000ns})
  Path Group:             (none)
  Path Type:              Hold (Min at Fast Process Corner)
  Data Path Delay:        0.515ns  (logic 0.000ns (0.000%)  route 0.515ns (100.000%))
  Logic Levels:           0  
  Clock Path Skew:        1.719ns (DCD - SCD - CPR)
    Destination Clock Delay (DCD):    1.719ns
    Source Clock Delay      (SCD):    0.000ns
    Clock Pessimism Removal (CPR):    -0.000ns

    Location             Delay type                Incr(ns)  Path(ns)    Netlist Resource(s)
  -------------------------------------------------------------------    -------------------
                                                      0.000     0.000 r  phy_rxd[0]
                         net (fo=0)                   0.515     0.515    core_inst/phy_rxd[0]
    SLICE_X3Y43          FDRE                                         r  core_inst/r_phy_rxd_pipe_reg[0]/D
  -------------------------------------------------------------------    -------------------

                         (clock phy_rx_clk rise edge)
                                                      0.000     0.000 r  <hidden>
                                                      0.000     0.000 r  phy_rx_clk
                         net (fo=0)                   0.542     0.542    core_inst/phy_rx_clk
    BUFGCTRL_X0Y16       BUFG (Prop_bufg_I_O)         0.046     0.588 r  core_inst/clk_buffer_inst/O
                         net (fo=106, routed)         1.131     1.719    core_inst/phy_rx_clk_buffered
    SLICE_X3Y43          FDRE                                         r  core_inst/r_phy_rxd_pipe_reg[0]/C

Slack:                    inf
  Source:                 phy_rxd[1]
                            (input port)
  Destination:            core_inst/r_phy_rxd_pipe_reg[1]/D
                            (rising edge-triggered cell FDRE clocked by phy_rx_clk  {rise@0.000ns fall@4.000ns period=8.000ns})
  Path Group:             (none)
  Path Type:              Hold (Min at Fast Process Corner)
  Data Path Delay:        0.515ns  (logic 0.000ns (0.000%)  route 0.515ns (100.000%))
  Logic Levels:           0  
  Clock Path Skew:        1.719ns (DCD - SCD - CPR)
    Destination Clock Delay (DCD):    1.719ns
    Source Clock Delay      (SCD):    0.000ns
    Clock Pessimism Removal (CPR):    -0.000ns

    Location             Delay type                Incr(ns)  Path(ns)    Netlist Resource(s)
  -------------------------------------------------------------------    -------------------
                                                      0.000     0.000 r  phy_rxd[1]
                         net (fo=0)                   0.515     0.515    core_inst/phy_rxd[1]
    SLICE_X3Y43          FDRE                                         r  core_inst/r_phy_rxd_pipe_reg[1]/D
  -------------------------------------------------------------------    -------------------

                         (clock phy_rx_clk rise edge)
                                                      0.000     0.000 r  <hidden>
                                                      0.000     0.000 r  phy_rx_clk
                         net (fo=0)                   0.542     0.542    core_inst/phy_rx_clk
    BUFGCTRL_X0Y16       BUFG (Prop_bufg_I_O)         0.046     0.588 r  core_inst/clk_buffer_inst/O
                         net (fo=106, routed)         1.131     1.719    core_inst/phy_rx_clk_buffered
    SLICE_X3Y43          FDRE                                         r  core_inst/r_phy_rxd_pipe_reg[1]/C

Slack:                    inf
  Source:                 axi_aresetn
                            (input port)
  Destination:            core_inst/pipe_corrupted_reg/D
                            (rising edge-triggered cell FDRE clocked by phy_rx_clk  {rise@0.000ns fall@4.000ns period=8.000ns})
  Path Group:             (none)
  Path Type:              Hold (Min at Fast Process Corner)
  Data Path Delay:        0.577ns  (logic 0.062ns (10.750%)  route 0.515ns (89.250%))
  Logic Levels:           1  (LUT6=1)
  Clock Path Skew:        1.719ns (DCD - SCD - CPR)
    Destination Clock Delay (DCD):    1.719ns
    Source Clock Delay      (SCD):    0.000ns
    Clock Pessimism Removal (CPR):    -0.000ns

    Location             Delay type                Incr(ns)  Path(ns)    Netlist Resource(s)
  -------------------------------------------------------------------    -------------------
                                                      0.000     0.000 r  axi_aresetn
                         net (fo=8, unset)            0.515     0.515    core_inst/axi_aresetn
    SLICE_X2Y43          LUT6 (Prop_lut6_I5_O)        0.062     0.577 r  core_inst/pipe_corrupted_i_1/O
                         net (fo=1, routed)           0.000     0.577    core_inst/pipe_corrupted_i_1_n_0
    SLICE_X2Y43          FDRE                                         r  core_inst/pipe_corrupted_reg/D
  -------------------------------------------------------------------    -------------------

                         (clock phy_rx_clk rise edge)
                                                      0.000     0.000 r  <hidden>
                                                      0.000     0.000 r  phy_rx_clk
                         net (fo=0)                   0.542     0.542    core_inst/phy_rx_clk
    BUFGCTRL_X0Y16       BUFG (Prop_bufg_I_O)         0.046     0.588 r  core_inst/clk_buffer_inst/O
                         net (fo=106, routed)         1.131     1.719    core_inst/phy_rx_clk_buffered
    SLICE_X2Y43          FDRE                                         r  core_inst/pipe_corrupted_reg/C

Slack:                    inf
  Source:                 axi_aresetn
                            (input port)
  Destination:            core_inst/pipe_paradoxal_reg/D
                            (rising edge-triggered cell FDRE clocked by phy_rx_clk  {rise@0.000ns fall@4.000ns period=8.000ns})
  Path Group:             (none)
  Path Type:              Hold (Min at Fast Process Corner)
  Data Path Delay:        0.577ns  (logic 0.062ns (10.750%)  route 0.515ns (89.250%))
  Logic Levels:           1  (LUT3=1)
  Clock Path Skew:        1.719ns (DCD - SCD - CPR)
    Destination Clock Delay (DCD):    1.719ns
    Source Clock Delay      (SCD):    0.000ns
    Clock Pessimism Removal (CPR):    -0.000ns

    Location             Delay type                Incr(ns)  Path(ns)    Netlist Resource(s)
  -------------------------------------------------------------------    -------------------
                                                      0.000     0.000 r  axi_aresetn
                         net (fo=8, unset)            0.515     0.515    core_inst/axi_aresetn
    SLICE_X2Y43          LUT3 (Prop_lut3_I2_O)        0.062     0.577 r  core_inst/pipe_paradoxal_i_1/O
                         net (fo=1, routed)           0.000     0.577    core_inst/pipe_paradoxal_i_1_n_0
    SLICE_X2Y43          FDRE                                         r  core_inst/pipe_paradoxal_reg/D
  -------------------------------------------------------------------    -------------------

                         (clock phy_rx_clk rise edge)
                                                      0.000     0.000 r  <hidden>
                                                      0.000     0.000 r  phy_rx_clk
                         net (fo=0)                   0.542     0.542    core_inst/phy_rx_clk
    BUFGCTRL_X0Y16       BUFG (Prop_bufg_I_O)         0.046     0.588 r  core_inst/clk_buffer_inst/O
                         net (fo=106, routed)         1.131     1.719    core_inst/phy_rx_clk_buffered
    SLICE_X2Y43          FDRE                                         r  core_inst/pipe_paradoxal_reg/C

Slack:                    inf
  Source:                 axi_aresetn
                            (input port)
  Destination:            core_inst/r_latch_state_v1_reg/D
                            (rising edge-triggered cell FDRE clocked by phy_rx_clk  {rise@0.000ns fall@4.000ns period=8.000ns})
  Path Group:             (none)
  Path Type:              Hold (Min at Fast Process Corner)
  Data Path Delay:        0.577ns  (logic 0.062ns (10.750%)  route 0.515ns (89.250%))
  Logic Levels:           1  (LUT6=1)
  Clock Path Skew:        1.719ns (DCD - SCD - CPR)
    Destination Clock Delay (DCD):    1.719ns
    Source Clock Delay      (SCD):    0.000ns
    Clock Pessimism Removal (CPR):    -0.000ns

    Location             Delay type                Incr(ns)  Path(ns)    Netlist Resource(s)
  -------------------------------------------------------------------    -------------------
                                                      0.000     0.000 r  axi_aresetn
                         net (fo=8, unset)            0.515     0.515    core_inst/axi_aresetn
    SLICE_X2Y44          LUT6 (Prop_lut6_I4_O)        0.062     0.577 r  core_inst/r_latch_state_v1_i_1/O
                         net (fo=1, routed)           0.000     0.577    core_inst/r_latch_state_v1_i_1_n_0
    SLICE_X2Y44          FDRE                                         r  core_inst/r_latch_state_v1_reg/D
  -------------------------------------------------------------------    -------------------

                         (clock phy_rx_clk rise edge)
                                                      0.000     0.000 r  <hidden>
                                                      0.000     0.000 r  phy_rx_clk
                         net (fo=0)                   0.542     0.542    core_inst/phy_rx_clk
    BUFGCTRL_X0Y16       BUFG (Prop_bufg_I_O)         0.046     0.588 r  core_inst/clk_buffer_inst/O
                         net (fo=106, routed)         1.131     1.719    core_inst/phy_rx_clk_buffered
    SLICE_X2Y44          FDRE                                         r  core_inst/r_latch_state_v1_reg/C

Slack:                    inf
  Source:                 axi_aresetn
                            (input port)
  Destination:            core_inst/reg_tdata_prev_reg[0]/D
                            (rising edge-triggered cell FDRE clocked by phy_rx_clk  {rise@0.000ns fall@4.000ns period=8.000ns})
  Path Group:             (none)
  Path Type:              Hold (Min at Fast Process Corner)
  Data Path Delay:        0.577ns  (logic 0.062ns (10.750%)  route 0.515ns (89.250%))
  Logic Levels:           1  (LUT4=1)
  Clock Path Skew:        1.719ns (DCD - SCD - CPR)
    Destination Clock Delay (DCD):    1.719ns
    Source Clock Delay      (SCD):    0.000ns
    Clock Pessimism Removal (CPR):    -0.000ns

    Location             Delay type                Incr(ns)  Path(ns)    Netlist Resource(s)
  -------------------------------------------------------------------    -------------------
                                                      0.000     0.000 r  axi_aresetn
                         net (fo=8, unset)            0.515     0.515    core_inst/axi_aresetn
    SLICE_X2Y43          LUT4 (Prop_lut4_I3_O)        0.062     0.577 r  core_inst/reg_tdata_prev[0]_i_1/O
                         net (fo=1, routed)           0.000     0.577    core_inst/reg_tdata_prev[0]_i_1_n_0
    SLICE_X2Y43          FDRE                                         r  core_inst/reg_tdata_prev_reg[0]/D
  -------------------------------------------------------------------    -------------------

                         (clock phy_rx_clk rise edge)
                                                      0.000     0.000 r  <hidden>
                                                      0.000     0.000 r  phy_rx_clk
                         net (fo=0)                   0.542     0.542    core_inst/phy_rx_clk
    BUFGCTRL_X0Y16       BUFG (Prop_bufg_I_O)         0.046     0.588 r  core_inst/clk_buffer_inst/O
                         net (fo=106, routed)         1.131     1.719    core_inst/phy_rx_clk_buffered
    SLICE_X2Y43          FDRE                                         r  core_inst/reg_tdata_prev_reg[0]/C

Slack:                    inf
  Source:                 axi_aresetn
                            (input port)
  Destination:            core_inst/reg_tdata_prev_reg[1]/D
                            (rising edge-triggered cell FDRE clocked by phy_rx_clk  {rise@0.000ns fall@4.000ns period=8.000ns})
  Path Group:             (none)
  Path Type:              Hold (Min at Fast Process Corner)
  Data Path Delay:        0.577ns  (logic 0.062ns (10.750%)  route 0.515ns (89.250%))
  Logic Levels:           1  (LUT4=1)
  Clock Path Skew:        1.719ns (DCD - SCD - CPR)
    Destination Clock Delay (DCD):    1.719ns
    Source Clock Delay      (SCD):    0.000ns
    Clock Pessimism Removal (CPR):    -0.000ns

    Location             Delay type                Incr(ns)  Path(ns)    Netlist Resource(s)
  -------------------------------------------------------------------    -------------------
                                                      0.000     0.000 r  axi_aresetn
                         net (fo=8, unset)            0.515     0.515    core_inst/axi_aresetn
    SLICE_X2Y43          LUT4 (Prop_lut4_I3_O)        0.062     0.577 r  core_inst/reg_tdata_prev[1]_i_1/O
                         net (fo=1, routed)           0.000     0.577    core_inst/reg_tdata_prev[1]_i_1_n_0
    SLICE_X2Y43          FDRE                                         r  core_inst/reg_tdata_prev_reg[1]/D
  -------------------------------------------------------------------    -------------------

                         (clock phy_rx_clk rise edge)
                                                      0.000     0.000 r  <hidden>
                                                      0.000     0.000 r  phy_rx_clk
                         net (fo=0)                   0.542     0.542    core_inst/phy_rx_clk
    BUFGCTRL_X0Y16       BUFG (Prop_bufg_I_O)         0.046     0.588 r  core_inst/clk_buffer_inst/O
                         net (fo=106, routed)         1.131     1.719    core_inst/phy_rx_clk_buffered
    SLICE_X2Y43          FDRE                                         r  core_inst/reg_tdata_prev_reg[1]/C

Slack:                    inf
  Source:                 axi_aresetn
                            (input port)
  Destination:            core_inst/r_count_anomaly_reg[0]/R
                            (rising edge-triggered cell FDRE clocked by phy_rx_clk  {rise@0.000ns fall@4.000ns period=8.000ns})
  Path Group:             (none)
  Path Type:              Hold (Min at Fast Process Corner)
  Data Path Delay:        0.797ns  (logic 0.062ns (7.776%)  route 0.735ns (92.224%))
  Logic Levels:           1  (LUT1=1)
  Clock Path Skew:        1.717ns (DCD - SCD - CPR)
    Destination Clock Delay (DCD):    1.717ns
    Source Clock Delay      (SCD):    0.000ns
    Clock Pessimism Removal (CPR):    -0.000ns

    Location             Delay type                Incr(ns)  Path(ns)    Netlist Resource(s)
  -------------------------------------------------------------------    -------------------
                                                      0.000     0.000 f  axi_aresetn
                         net (fo=8, unset)            0.515     0.515    core_inst/axi_aresetn
    SLICE_X7Y44          LUT1 (Prop_lut1_I0_O)        0.062     0.577 r  core_inst/s_axi_rdata[31]_i_1/O
                         net (fo=132, routed)         0.221     0.797    core_inst/p_0_in
    SLICE_X5Y44          FDRE                                         r  core_inst/r_count_anomaly_reg[0]/R
  -------------------------------------------------------------------    -------------------

                         (clock phy_rx_clk rise edge)
                                                      0.000     0.000 r  <hidden>
                                                      0.000     0.000 r  phy_rx_clk
                         net (fo=0)                   0.542     0.542    core_inst/phy_rx_clk
    BUFGCTRL_X0Y16       BUFG (Prop_bufg_I_O)         0.046     0.588 r  core_inst/clk_buffer_inst/O
                         net (fo=106, routed)         1.129     1.717    core_inst/phy_rx_clk_buffered
    SLICE_X5Y44          FDRE                                         r  core_inst/r_count_anomaly_reg[0]/C

Slack:                    inf
  Source:                 axi_aresetn
                            (input port)
  Destination:            core_inst/r_count_anomaly_reg[1]/R
                            (rising edge-triggered cell FDRE clocked by phy_rx_clk  {rise@0.000ns fall@4.000ns period=8.000ns})
  Path Group:             (none)
  Path Type:              Hold (Min at Fast Process Corner)
  Data Path Delay:        0.797ns  (logic 0.062ns (7.776%)  route 0.735ns (92.224%))
  Logic Levels:           1  (LUT1=1)
  Clock Path Skew:        1.717ns (DCD - SCD - CPR)
    Destination Clock Delay (DCD):    1.717ns
    Source Clock Delay      (SCD):    0.000ns
    Clock Pessimism Removal (CPR):    -0.000ns

    Location             Delay type                Incr(ns)  Path(ns)    Netlist Resource(s)
  -------------------------------------------------------------------    -------------------
                                                      0.000     0.000 f  axi_aresetn
                         net (fo=8, unset)            0.515     0.515    core_inst/axi_aresetn
    SLICE_X7Y44          LUT1 (Prop_lut1_I0_O)        0.062     0.577 r  core_inst/s_axi_rdata[31]_i_1/O
                         net (fo=132, routed)         0.221     0.797    core_inst/p_0_in
    SLICE_X5Y44          FDRE                                         r  core_inst/r_count_anomaly_reg[1]/R
  -------------------------------------------------------------------    -------------------

                         (clock phy_rx_clk rise edge)
                                                      0.000     0.000 r  <hidden>
                                                      0.000     0.000 r  phy_rx_clk
                         net (fo=0)                   0.542     0.542    core_inst/phy_rx_clk
    BUFGCTRL_X0Y16       BUFG (Prop_bufg_I_O)         0.046     0.588 r  core_inst/clk_buffer_inst/O
                         net (fo=106, routed)         1.129     1.717    core_inst/phy_rx_clk_buffered
    SLICE_X5Y44          FDRE                                         r  core_inst/r_count_anomaly_reg[1]/C





